degradation_time_days,weight_loss,study_id,instance,phb_initial_mol,phv_initial_mol,degradation_condition,degradation_mechanism,additives,t_deg,degradation_environment,additive_type_1,additive1_percentage_wt,additive_type_2,additive2_percentage_wt,additive_type_3,additive3_percentage_wt,sample_shape_morphology,pha_degrading_microbes,experimental_scale
30.0,2.0,4.0,5,95.0,5.0,aerobic,microbial_enzymatic,yes,27.3,marine_aquatic,plasticizer,10.0,filler,3.5,filler,20.0,other,bacteria_dominated,large
60.0,4.0,4.0,5,95.0,5.0,aerobic,microbial_enzymatic,yes,27.3,marine_aquatic,plasticizer,10.0,filler,3.5,filler,20.0,other,bacteria_dominated,large
90.0,6.0,4.0,5,95.0,5.0,aerobic,microbial_enzymatic,yes,27.3,marine_aquatic,plasticizer,10.0,filler,3.5,filler,20.0,other,bacteria_dominated,large
150.0,9.0,4.0,5,95.0,5.0,aerobic,microbial_enzymatic,yes,27.3,marine_aquatic,plasticizer,10.0,filler,3.5,filler,20.0,other,bacteria_dominated,large
240.0,11.0,4.0,5,95.0,5.0,aerobic,microbial_enzymatic,yes,27.3,marine_aquatic,plasticizer,10.0,filler,3.5,filler,20.0,other,bacteria_dominated,large
300.0,13.0,4.0,5,95.0,5.0,aerobic,microbial_enzymatic,yes,27.3,marine_aquatic,plasticizer,10.0,filler,3.5,filler,20.0,other,bacteria_dominated,large
360.0,22.0,4.0,5,95.0,5.0,aerobic,microbial_enzymatic,yes,27.3,marine_aquatic,plasticizer,10.0,filler,3.5,filler,20.0,other,bacteria_dominated,large
30.0,0.0,4.0,6,95.0,5.0,aerobic,microbial_enzymatic,yes,27.3,marine_aquatic,plasticizer,10.0,filler,4.5,no_additive,0.0,other,bacteria_dominated,large
60.0,1.0,4.0,6,95.0,5.0,aerobic,microbial_enzymatic,yes,27.3,marine_aquatic,plasticizer,10.0,filler,4.5,no_additive,0.0,other,bacteria_dominated,large
90.0,2.0,4.0,6,95.0,5.0,aerobic,microbial_enzymatic,yes,27.3,marine_aquatic,plasticizer,10.0,filler,4.5,no_additive,0.0,other,bacteria_dominated,large
150.0,3.0,4.0,6,95.0,5.0,aerobic,microbial_enzymatic,yes,27.3,marine_aquatic,plasticizer,10.0,filler,4.5,no_additive,0.0,other,bacteria_dominated,large
240.0,6.0,4.0,6,95.0,5.0,aerobic,microbial_enzymatic,yes,27.3,marine_aquatic,plasticizer,10.0,filler,4.5,no_additive,0.0,other,bacteria_dominated,large
300.0,6.0,4.0,6,95.0,5.0,aerobic,microbial_enzymatic,yes,27.3,marine_aquatic,plasticizer,10.0,filler,4.5,no_additive,0.0,other,bacteria_dominated,large
360.0,10.0,4.0,6,95.0,5.0,aerobic,microbial_enzymatic,yes,27.3,marine_aquatic,plasticizer,10.0,filler,4.5,no_additive,0.0,other,bacteria_dominated,large
7.0,0.0,5.0,1,94.0,6.0,aerobic,all_mechanisms,no,26.5,soil,no_additive,0.0,no_additive,0.0,no_additive,0.0,films,bacteria_dominated,large
14.0,4.0,5.0,1,94.0,6.0,aerobic,all_mechanisms,no,26.5,soil,no_additive,0.0,no_additive,0.0,no_additive,0.0,films,bacteria_dominated,large
21.0,9.0,5.0,1,94.0,6.0,aerobic,all_mechanisms,no,26.5,soil,no_additive,0.0,no_additive,0.0,no_additive,0.0,films,bacteria_dominated,large
28.0,10.0,5.0,1,94.0,6.0,aerobic,all_mechanisms,no,26.5,soil,no_additive,0.0,no_additive,0.0,no_additive,0.0,films,bacteria_dominated,large
7.0,0.0,5.0,2,94.0,6.0,aerobic,all_mechanisms,yes,26.5,soil,filler,10.0,no_additive,0.0,no_additive,0.0,films,bacteria_dominated,large
14.0,5.0,5.0,2,94.0,6.0,aerobic,all_mechanisms,yes,26.5,soil,filler,10.0,no_additive,0.0,no_additive,0.0,films,bacteria_dominated,large
21.0,10.0,5.0,2,94.0,6.0,aerobic,all_mechanisms,yes,26.5,soil,filler,10.0,no_additive,0.0,no_additive,0.0,films,bacteria_dominated,large
28.0,12.0,5.0,2,94.0,6.0,aerobic,all_mechanisms,yes,26.5,soil,filler,10.0,no_additive,0.0,no_additive,0.0,films,bacteria_dominated,large
7.0,2.0,5.0,3,94.0,6.0,aerobic,all_mechanisms,yes,26.5,soil,filler,20.0,no_additive,0.0,no_additive,0.0,films,bacteria_dominated,large
14.0,8.0,5.0,3,94.0,6.0,aerobic,all_mechanisms,yes,26.5,soil,filler,20.0,no_additive,0.0,no_additive,0.0,films,bacteria_dominated,large
21.0,13.0,5.0,3,94.0,6.0,aerobic,all_mechanisms,yes,26.5,soil,filler,20.0,no_additive,0.0,no_additive,0.0,films,bacteria_dominated,large
28.0,15.0,5.0,3,94.0,6.0,aerobic,all_mechanisms,yes,26.5,soil,filler,20.0,no_additive,0.0,no_additive,0.0,films,bacteria_dominated,large
7.0,3.0,5.0,4,94.0,6.0,aerobic,all_mechanisms,yes,26.5,soil,filler,30.0,no_additive,0.0,no_additive,0.0,films,bacteria_dominated,large
14.0,13.0,5.0,4,94.0,6.0,aerobic,all_mechanisms,yes,26.5,soil,filler,30.0,no_additive,0.0,no_additive,0.0,films,bacteria_dominated,large
21.0,21.0,5.0,4,94.0,6.0,aerobic,all_mechanisms,yes,26.5,soil,filler,30.0,no_additive,0.0,no_additive,0.0,films,bacteria_dominated,large
28.0,24.0,5.0,4,94.0,6.0,aerobic,all_mechanisms,yes,26.5,soil,filler,30.0,no_additive,0.0,no_additive,0.0,films,bacteria_dominated,large
7.0,4.0,5.0,5,94.0,6.0,aerobic,all_mechanisms,yes,26.5,soil,filler,40.0,no_additive,0.0,no_additive,0.0,films,bacteria_dominated,large
14.0,13.0,5.0,5,94.0,6.0,aerobic,all_mechanisms,yes,26.5,soil,filler,40.0,no_additive,0.0,no_additive,0.0,films,bacteria_dominated,large
21.0,38.0,5.0,5,94.0,6.0,aerobic,all_mechanisms,yes,26.5,soil,filler,40.0,no_additive,0.0,no_additive,0.0,films,bacteria_dominated,large
28.0,47.0,5.0,5,94.0,6.0,aerobic,all_mechanisms,yes,26.5,soil,filler,40.0,no_additive,0.0,no_additive,0.0,films,bacteria_dominated,large
7.0,13.0,5.0,6,94.0,6.0,aerobic,all_mechanisms,yes,26.5,soil,filler,50.0,no_additive,0.0,no_additive,0.0,films,bacteria_dominated,large
14.0,31.0,5.0,6,94.0,6.0,aerobic,all_mechanisms,yes,26.5,soil,filler,50.0,no_additive,0.0,no_additive,0.0,films,bacteria_dominated,large
21.0,45.0,5.0,6,94.0,6.0,aerobic,all_mechanisms,yes,26.5,soil,filler,50.0,no_additive,0.0,no_additive,0.0,films,bacteria_dominated,large
28.0,53.0,5.0,6,94.0,6.0,aerobic,all_mechanisms,yes,26.5,soil,filler,50.0,no_additive,0.0,no_additive,0.0,films,bacteria_dominated,large
7.0,13.0,5.0,7,94.0,6.0,aerobic,all_mechanisms,yes,26.5,soil,filler,60.0,no_additive,0.0,no_additive,0.0,films,bacteria_dominated,large
14.0,43.0,5.0,7,94.0,6.0,aerobic,all_mechanisms,yes,26.5,soil,filler,60.0,no_additive,0.0,no_additive,0.0,films,bacteria_dominated,large
21.0,81.0,5.0,7,94.0,6.0,aerobic,all_mechanisms,yes,26.5,soil,filler,60.0,no_additive,0.0,no_additive,0.0,films,bacteria_dominated,large
28.0,88.0,5.0,7,94.0,6.0,aerobic,all_mechanisms,yes,26.5,soil,filler,60.0,no_additive,0.0,no_additive,0.0,films,bacteria_dominated,large
7.0,27.0,5.0,8,94.0,6.0,aerobic,all_mechanisms,yes,26.5,soil,filler,70.0,no_additive,0.0,no_additive,0.0,films,bacteria_dominated,large
14.0,55.0,5.0,8,94.0,6.0,aerobic,all_mechanisms,yes,26.5,soil,filler,70.0,no_additive,0.0,no_additive,0.0,films,bacteria_dominated,large
21.0,83.0,5.0,8,94.0,6.0,aerobic,all_mechanisms,yes,26.5,soil,filler,70.0,no_additive,0.0,no_additive,0.0,films,bacteria_dominated,large
28.0,99.0,5.0,8,94.0,6.0,aerobic,all_mechanisms,yes,26.5,soil,filler,70.0,no_additive,0.0,no_additive,0.0,films,bacteria_dominated,large
7.0,0.0,5.0,9,94.0,6.0,aerobic,all_mechanisms,no,26.5,soil,no_additive,0.0,no_additive,0.0,no_additive,0.0,films,bacteria_dominated,large
14.0,4.0,5.0,9,94.0,6.0,aerobic,all_mechanisms,no,26.5,soil,no_additive,0.0,no_additive,0.0,no_additive,0.0,films,bacteria_dominated,large
21.0,10.0,5.0,9,94.0,6.0,aerobic,all_mechanisms,no,26.5,soil,no_additive,0.0,no_additive,0.0,no_additive,0.0,films,bacteria_dominated,large
28.0,10.0,5.0,9,94.0,6.0,aerobic,all_mechanisms,no,26.5,soil,no_additive,0.0,no_additive,0.0,no_additive,0.0,films,bacteria_dominated,large
7.0,1.0,5.0,10,94.0,6.0,aerobic,all_mechanisms,yes,26.5,soil,filler,10.0,no_additive,0.0,no_additive,0.0,films,bacteria_dominated,large
14.0,4.0,5.0,10,94.0,6.0,aerobic,all_mechanisms,yes,26.5,soil,filler,10.0,no_additive,0.0,no_additive,0.0,films,bacteria_dominated,large
21.0,5.0,5.0,10,94.0,6.0,aerobic,all_mechanisms,yes,26.5,soil,filler,10.0,no_additive,0.0,no_additive,0.0,films,bacteria_dominated,large
28.0,8.0,5.0,10,94.0,6.0,aerobic,all_mechanisms,yes,26.5,soil,filler,10.0,no_additive,0.0,no_additive,0.0,films,bacteria_dominated,large
7.0,0.0,5.0,11,94.0,6.0,aerobic,all_mechanisms,yes,26.5,soil,filler,20.0,no_additive,0.0,no_additive,0.0,films,bacteria_dominated,large
14.0,7.0,5.0,11,94.0,6.0,aerobic,all_mechanisms,yes,26.5,soil,filler,20.0,no_additive,0.0,no_additive,0.0,films,bacteria_dominated,large
21.0,8.0,5.0,11,94.0,6.0,aerobic,all_mechanisms,yes,26.5,soil,filler,20.0,no_additive,0.0,no_additive,0.0,films,bacteria_dominated,large
28.0,10.0,5.0,11,94.0,6.0,aerobic,all_mechanisms,yes,26.5,soil,filler,20.0,no_additive,0.0,no_additive,0.0,films,bacteria_dominated,large
7.0,0.0,5.0,12,94.0,6.0,aerobic,all_mechanisms,yes,26.5,soil,filler,30.0,no_additive,0.0,no_additive,0.0,films,bacteria_dominated,large
14.0,11.0,5.0,12,94.0,6.0,aerobic,all_mechanisms,yes,26.5,soil,filler,30.0,no_additive,0.0,no_additive,0.0,films,bacteria_dominated,large
21.0,14.0,5.0,12,94.0,6.0,aerobic,all_mechanisms,yes,26.5,soil,filler,30.0,no_additive,0.0,no_additive,0.0,films,bacteria_dominated,large
28.0,18.0,5.0,12,94.0,6.0,aerobic,all_mechanisms,yes,26.5,soil,filler,30.0,no_additive,0.0,no_additive,0.0,films,bacteria_dominated,large
7.0,0.0,5.0,13,94.0,6.0,aerobic,all_mechanisms,yes,26.5,soil,filler,40.0,no_additive,0.0,no_additive,0.0,films,bacteria_dominated,large
14.0,12.0,5.0,13,94.0,6.0,aerobic,all_mechanisms,yes,26.5,soil,filler,40.0,no_additive,0.0,no_additive,0.0,films,bacteria_dominated,large
21.0,20.0,5.0,13,94.0,6.0,aerobic,all_mechanisms,yes,26.5,soil,filler,40.0,no_additive,0.0,no_additive,0.0,films,bacteria_dominated,large
28.0,34.0,5.0,13,94.0,6.0,aerobic,all_mechanisms,yes,26.5,soil,filler,40.0,no_additive,0.0,no_additive,0.0,films,bacteria_dominated,large
7.0,3.0,5.0,14,94.0,6.0,aerobic,all_mechanisms,yes,26.5,soil,filler,50.0,no_additive,0.0,no_additive,0.0,films,bacteria_dominated,large
14.0,29.0,5.0,14,94.0,6.0,aerobic,all_mechanisms,yes,26.5,soil,filler,50.0,no_additive,0.0,no_additive,0.0,films,bacteria_dominated,large
21.0,32.0,5.0,14,94.0,6.0,aerobic,all_mechanisms,yes,26.5,soil,filler,50.0,no_additive,0.0,no_additive,0.0,films,bacteria_dominated,large
28.0,40.0,5.0,14,94.0,6.0,aerobic,all_mechanisms,yes,26.5,soil,filler,50.0,no_additive,0.0,no_additive,0.0,films,bacteria_dominated,large
7.0,3.0,5.0,15,94.0,6.0,aerobic,all_mechanisms,yes,26.5,soil,filler,60.0,no_additive,0.0,no_additive,0.0,films,bacteria_dominated,large
14.0,29.0,5.0,15,94.0,6.0,aerobic,all_mechanisms,yes,26.5,soil,filler,60.0,no_additive,0.0,no_additive,0.0,films,bacteria_dominated,large
21.0,36.0,5.0,15,94.0,6.0,aerobic,all_mechanisms,yes,26.5,soil,filler,60.0,no_additive,0.0,no_additive,0.0,films,bacteria_dominated,large
28.0,42.0,5.0,15,94.0,6.0,aerobic,all_mechanisms,yes,26.5,soil,filler,60.0,no_additive,0.0,no_additive,0.0,films,bacteria_dominated,large
7.0,4.0,5.0,16,94.0,6.0,aerobic,all_mechanisms,yes,26.5,soil,filler,70.0,no_additive,0.0,no_additive,0.0,films,bacteria_dominated,large
14.0,36.0,5.0,16,94.0,6.0,aerobic,all_mechanisms,yes,26.5,soil,filler,70.0,no_additive,0.0,no_additive,0.0,films,bacteria_dominated,large
21.0,49.0,5.0,16,94.0,6.0,aerobic,all_mechanisms,yes,26.5,soil,filler,70.0,no_additive,0.0,no_additive,0.0,films,bacteria_dominated,large
28.0,62.0,5.0,16,94.0,6.0,aerobic,all_mechanisms,yes,26.5,soil,filler,70.0,no_additive,0.0,no_additive,0.0,films,bacteria_dominated,large
7.0,1.0,5.0,17,94.0,6.0,aerobic,all_mechanisms,no,26.5,soil,no_additive,0.0,no_additive,0.0,no_additive,0.0,films,bacteria_dominated,large
14.0,4.0,5.0,17,94.0,6.0,aerobic,all_mechanisms,no,26.5,soil,no_additive,0.0,no_additive,0.0,no_additive,0.0,films,bacteria_dominated,large
21.0,9.0,5.0,17,94.0,6.0,aerobic,all_mechanisms,no,26.5,soil,no_additive,0.0,no_additive,0.0,no_additive,0.0,films,bacteria_dominated,large
28.0,9.0,5.0,17,94.0,6.0,aerobic,all_mechanisms,no,26.5,soil,no_additive,0.0,no_additive,0.0,no_additive,0.0,films,bacteria_dominated,large
7.0,1.0,5.0,18,94.0,6.0,aerobic,all_mechanisms,yes,26.5,soil,filler,10.0,no_additive,0.0,no_additive,0.0,films,bacteria_dominated,large
14.0,5.0,5.0,18,94.0,6.0,aerobic,all_mechanisms,yes,26.5,soil,filler,10.0,no_additive,0.0,no_additive,0.0,films,bacteria_dominated,large
21.0,9.0,5.0,18,94.0,6.0,aerobic,all_mechanisms,yes,26.5,soil,filler,10.0,no_additive,0.0,no_additive,0.0,films,bacteria_dominated,large
28.0,10.0,5.0,18,94.0,6.0,aerobic,all_mechanisms,yes,26.5,soil,filler,10.0,no_additive,0.0,no_additive,0.0,films,bacteria_dominated,large
7.0,1.0,5.0,19,94.0,6.0,aerobic,all_mechanisms,yes,26.5,soil,filler,20.0,no_additive,0.0,no_additive,0.0,films,bacteria_dominated,large
14.0,7.0,5.0,19,94.0,6.0,aerobic,all_mechanisms,yes,26.5,soil,filler,20.0,no_additive,0.0,no_additive,0.0,films,bacteria_dominated,large
21.0,12.0,5.0,19,94.0,6.0,aerobic,all_mechanisms,yes,26.5,soil,filler,20.0,no_additive,0.0,no_additive,0.0,films,bacteria_dominated,large
28.0,15.0,5.0,19,94.0,6.0,aerobic,all_mechanisms,yes,26.5,soil,filler,20.0,no_additive,0.0,no_additive,0.0,films,bacteria_dominated,large
7.0,2.0,5.0,20,94.0,6.0,aerobic,all_mechanisms,yes,26.5,soil,filler,30.0,no_additive,0.0,no_additive,0.0,films,bacteria_dominated,large
14.0,12.0,5.0,20,94.0,6.0,aerobic,all_mechanisms,yes,26.5,soil,filler,30.0,no_additive,0.0,no_additive,0.0,films,bacteria_dominated,large
21.0,20.0,5.0,20,94.0,6.0,aerobic,all_mechanisms,yes,26.5,soil,filler,30.0,no_additive,0.0,no_additive,0.0,films,bacteria_dominated,large
28.0,23.0,5.0,20,94.0,6.0,aerobic,all_mechanisms,yes,26.5,soil,filler,30.0,no_additive,0.0,no_additive,0.0,films,bacteria_dominated,large
7.0,4.0,5.0,21,94.0,6.0,aerobic,all_mechanisms,yes,26.5,soil,filler,40.0,no_additive,0.0,no_additive,0.0,films,bacteria_dominated,large
14.0,13.0,5.0,21,94.0,6.0,aerobic,all_mechanisms,yes,26.5,soil,filler,40.0,no_additive,0.0,no_additive,0.0,films,bacteria_dominated,large
21.0,23.0,5.0,21,94.0,6.0,aerobic,all_mechanisms,yes,26.5,soil,filler,40.0,no_additive,0.0,no_additive,0.0,films,bacteria_dominated,large
28.0,38.0,5.0,21,94.0,6.0,aerobic,all_mechanisms,yes,26.5,soil,filler,40.0,no_additive,0.0,no_additive,0.0,films,bacteria_dominated,large
7.0,6.0,5.0,22,94.0,6.0,aerobic,all_mechanisms,yes,26.5,soil,filler,50.0,no_additive,0.0,no_additive,0.0,films,bacteria_dominated,large
14.0,30.0,5.0,22,94.0,6.0,aerobic,all_mechanisms,yes,26.5,soil,filler,50.0,no_additive,0.0,no_additive,0.0,films,bacteria_dominated,large
21.0,35.0,5.0,22,94.0,6.0,aerobic,all_mechanisms,yes,26.5,soil,filler,50.0,no_additive,0.0,no_additive,0.0,films,bacteria_dominated,large
28.0,44.0,5.0,22,94.0,6.0,aerobic,all_mechanisms,yes,26.5,soil,filler,50.0,no_additive,0.0,no_additive,0.0,films,bacteria_dominated,large
7.0,11.0,5.0,23,94.0,6.0,aerobic,all_mechanisms,yes,26.5,soil,filler,60.0,no_additive,0.0,no_additive,0.0,films,bacteria_dominated,large
14.0,36.0,5.0,23,94.0,6.0,aerobic,all_mechanisms,yes,26.5,soil,filler,60.0,no_additive,0.0,no_additive,0.0,films,bacteria_dominated,large
21.0,43.0,5.0,23,94.0,6.0,aerobic,all_mechanisms,yes,26.5,soil,filler,60.0,no_additive,0.0,no_additive,0.0,films,bacteria_dominated,large
28.0,58.0,5.0,23,94.0,6.0,aerobic,all_mechanisms,yes,26.5,soil,filler,60.0,no_additive,0.0,no_additive,0.0,films,bacteria_dominated,large
7.0,21.0,5.0,24,94.0,6.0,aerobic,all_mechanisms,yes,26.5,soil,filler,70.0,no_additive,0.0,no_additive,0.0,films,bacteria_dominated,large
14.0,42.0,5.0,24,94.0,6.0,aerobic,all_mechanisms,yes,26.5,soil,filler,70.0,no_additive,0.0,no_additive,0.0,films,bacteria_dominated,large
21.0,52.0,5.0,24,94.0,6.0,aerobic,all_mechanisms,yes,26.5,soil,filler,70.0,no_additive,0.0,no_additive,0.0,films,bacteria_dominated,large
28.0,75.0,5.0,24,94.0,6.0,aerobic,all_mechanisms,yes,26.5,soil,filler,70.0,no_additive,0.0,no_additive,0.0,films,bacteria_dominated,large
7.0,0.0,5.0,25,94.0,6.0,aerobic,microbial_enzymatic,no,27.3,marine_aquatic,no_additive,0.0,no_additive,0.0,no_additive,0.0,films,bacteria_dominated,large
14.0,8.0,5.0,25,94.0,6.0,aerobic,microbial_enzymatic,no,27.3,marine_aquatic,no_additive,0.0,no_additive,0.0,no_additive,0.0,films,bacteria_dominated,large
21.0,13.0,5.0,25,94.0,6.0,aerobic,microbial_enzymatic,no,27.3,marine_aquatic,no_additive,0.0,no_additive,0.0,no_additive,0.0,films,bacteria_dominated,large
28.0,21.0,5.0,25,94.0,6.0,aerobic,microbial_enzymatic,no,27.3,marine_aquatic,no_additive,0.0,no_additive,0.0,no_additive,0.0,films,bacteria_dominated,large
7.0,1.0,5.0,26,94.0,6.0,aerobic,microbial_enzymatic,yes,27.3,marine_aquatic,filler,10.0,no_additive,0.0,no_additive,0.0,films,bacteria_dominated,large
14.0,26.0,5.0,26,94.0,6.0,aerobic,microbial_enzymatic,yes,27.3,marine_aquatic,filler,10.0,no_additive,0.0,no_additive,0.0,films,bacteria_dominated,large
21.0,28.0,5.0,26,94.0,6.0,aerobic,microbial_enzymatic,yes,27.3,marine_aquatic,filler,10.0,no_additive,0.0,no_additive,0.0,films,bacteria_dominated,large
28.0,33.0,5.0,26,94.0,6.0,aerobic,microbial_enzymatic,yes,27.3,marine_aquatic,filler,10.0,no_additive,0.0,no_additive,0.0,films,bacteria_dominated,large
7.0,1.0,5.0,27,94.0,6.0,aerobic,microbial_enzymatic,yes,27.3,marine_aquatic,filler,20.0,no_additive,0.0,no_additive,0.0,films,bacteria_dominated,large
14.0,30.0,5.0,27,94.0,6.0,aerobic,microbial_enzymatic,yes,27.3,marine_aquatic,filler,20.0,no_additive,0.0,no_additive,0.0,films,bacteria_dominated,large
21.0,33.0,5.0,27,94.0,6.0,aerobic,microbial_enzymatic,yes,27.3,marine_aquatic,filler,20.0,no_additive,0.0,no_additive,0.0,films,bacteria_dominated,large
28.0,38.0,5.0,27,94.0,6.0,aerobic,microbial_enzymatic,yes,27.3,marine_aquatic,filler,20.0,no_additive,0.0,no_additive,0.0,films,bacteria_dominated,large
7.0,4.0,5.0,28,94.0,6.0,aerobic,microbial_enzymatic,yes,27.3,marine_aquatic,filler,30.0,no_additive,0.0,no_additive,0.0,films,bacteria_dominated,large
14.0,30.0,5.0,28,94.0,6.0,aerobic,microbial_enzymatic,yes,27.3,marine_aquatic,filler,30.0,no_additive,0.0,no_additive,0.0,films,bacteria_dominated,large
21.0,38.0,5.0,28,94.0,6.0,aerobic,microbial_enzymatic,yes,27.3,marine_aquatic,filler,30.0,no_additive,0.0,no_additive,0.0,films,bacteria_dominated,large
28.0,53.0,5.0,28,94.0,6.0,aerobic,microbial_enzymatic,yes,27.3,marine_aquatic,filler,30.0,no_additive,0.0,no_additive,0.0,films,bacteria_dominated,large
7.0,6.0,5.0,29,94.0,6.0,aerobic,microbial_enzymatic,yes,27.3,marine_aquatic,filler,40.0,no_additive,0.0,no_additive,0.0,films,bacteria_dominated,large
14.0,37.0,5.0,29,94.0,6.0,aerobic,microbial_enzymatic,yes,27.3,marine_aquatic,filler,40.0,no_additive,0.0,no_additive,0.0,films,bacteria_dominated,large
21.0,45.0,5.0,29,94.0,6.0,aerobic,microbial_enzymatic,yes,27.3,marine_aquatic,filler,40.0,no_additive,0.0,no_additive,0.0,films,bacteria_dominated,large
28.0,63.0,5.0,29,94.0,6.0,aerobic,microbial_enzymatic,yes,27.3,marine_aquatic,filler,40.0,no_additive,0.0,no_additive,0.0,films,bacteria_dominated,large
7.0,17.0,5.0,30,94.0,6.0,aerobic,microbial_enzymatic,yes,27.3,marine_aquatic,filler,50.0,no_additive,0.0,no_additive,0.0,films,bacteria_dominated,large
14.0,51.0,5.0,30,94.0,6.0,aerobic,microbial_enzymatic,yes,27.3,marine_aquatic,filler,50.0,no_additive,0.0,no_additive,0.0,films,bacteria_dominated,large
21.0,74.0,5.0,30,94.0,6.0,aerobic,microbial_enzymatic,yes,27.3,marine_aquatic,filler,50.0,no_additive,0.0,no_additive,0.0,films,bacteria_dominated,large
28.0,78.0,5.0,30,94.0,6.0,aerobic,microbial_enzymatic,yes,27.3,marine_aquatic,filler,50.0,no_additive,0.0,no_additive,0.0,films,bacteria_dominated,large
7.0,19.0,5.0,31,94.0,6.0,aerobic,microbial_enzymatic,yes,27.3,marine_aquatic,filler,60.0,no_additive,0.0,no_additive,0.0,films,bacteria_dominated,large
14.0,68.0,5.0,31,94.0,6.0,aerobic,microbial_enzymatic,yes,27.3,marine_aquatic,filler,60.0,no_additive,0.0,no_additive,0.0,films,bacteria_dominated,large
21.0,99.0,5.0,31,94.0,6.0,aerobic,microbial_enzymatic,yes,27.3,marine_aquatic,filler,60.0,no_additive,0.0,no_additive,0.0,films,bacteria_dominated,large
28.0,99.0,5.0,31,94.0,6.0,aerobic,microbial_enzymatic,yes,27.3,marine_aquatic,filler,60.0,no_additive,0.0,no_additive,0.0,films,bacteria_dominated,large
7.0,31.0,5.0,32,94.0,6.0,aerobic,microbial_enzymatic,yes,27.3,marine_aquatic,filler,70.0,no_additive,0.0,no_additive,0.0,films,bacteria_dominated,large
14.0,71.0,5.0,32,94.0,6.0,aerobic,microbial_enzymatic,yes,27.3,marine_aquatic,filler,70.0,no_additive,0.0,no_additive,0.0,films,bacteria_dominated,large
21.0,99.0,5.0,32,94.0,6.0,aerobic,microbial_enzymatic,yes,27.3,marine_aquatic,filler,70.0,no_additive,0.0,no_additive,0.0,films,bacteria_dominated,large
28.0,99.0,5.0,32,94.0,6.0,aerobic,microbial_enzymatic,yes,27.3,marine_aquatic,filler,70.0,no_additive,0.0,no_additive,0.0,films,bacteria_dominated,large
7.0,0.0,5.0,33,94.0,6.0,aerobic,microbial_enzymatic,no,27.3,marine_aquatic,no_additive,0.0,no_additive,0.0,no_additive,0.0,films,bacteria_dominated,large
14.0,8.0,5.0,33,94.0,6.0,aerobic,microbial_enzymatic,no,27.3,marine_aquatic,no_additive,0.0,no_additive,0.0,no_additive,0.0,films,bacteria_dominated,large
21.0,14.0,5.0,33,94.0,6.0,aerobic,microbial_enzymatic,no,27.3,marine_aquatic,no_additive,0.0,no_additive,0.0,no_additive,0.0,films,bacteria_dominated,large
28.0,21.0,5.0,33,94.0,6.0,aerobic,microbial_enzymatic,no,27.3,marine_aquatic,no_additive,0.0,no_additive,0.0,no_additive,0.0,films,bacteria_dominated,large
7.0,1.0,5.0,34,94.0,6.0,aerobic,microbial_enzymatic,yes,27.3,marine_aquatic,filler,10.0,no_additive,0.0,no_additive,0.0,films,bacteria_dominated,large
14.0,1.0,5.0,34,94.0,6.0,aerobic,microbial_enzymatic,yes,27.3,marine_aquatic,filler,10.0,no_additive,0.0,no_additive,0.0,films,bacteria_dominated,large
21.0,11.0,5.0,34,94.0,6.0,aerobic,microbial_enzymatic,yes,27.3,marine_aquatic,filler,10.0,no_additive,0.0,no_additive,0.0,films,bacteria_dominated,large
28.0,14.0,5.0,34,94.0,6.0,aerobic,microbial_enzymatic,yes,27.3,marine_aquatic,filler,10.0,no_additive,0.0,no_additive,0.0,films,bacteria_dominated,large
7.0,1.0,5.0,35,94.0,6.0,aerobic,microbial_enzymatic,yes,27.3,marine_aquatic,filler,20.0,no_additive,0.0,no_additive,0.0,films,bacteria_dominated,large
14.0,1.0,5.0,35,94.0,6.0,aerobic,microbial_enzymatic,yes,27.3,marine_aquatic,filler,20.0,no_additive,0.0,no_additive,0.0,films,bacteria_dominated,large
21.0,13.0,5.0,35,94.0,6.0,aerobic,microbial_enzymatic,yes,27.3,marine_aquatic,filler,20.0,no_additive,0.0,no_additive,0.0,films,bacteria_dominated,large
28.0,21.0,5.0,35,94.0,6.0,aerobic,microbial_enzymatic,yes,27.3,marine_aquatic,filler,20.0,no_additive,0.0,no_additive,0.0,films,bacteria_dominated,large
7.0,3.0,5.0,36,94.0,6.0,aerobic,microbial_enzymatic,yes,27.3,marine_aquatic,filler,30.0,no_additive,0.0,no_additive,0.0,films,bacteria_dominated,large
14.0,7.0,5.0,36,94.0,6.0,aerobic,microbial_enzymatic,yes,27.3,marine_aquatic,filler,30.0,no_additive,0.0,no_additive,0.0,films,bacteria_dominated,large
21.0,15.0,5.0,36,94.0,6.0,aerobic,microbial_enzymatic,yes,27.3,marine_aquatic,filler,30.0,no_additive,0.0,no_additive,0.0,films,bacteria_dominated,large
28.0,21.0,5.0,36,94.0,6.0,aerobic,microbial_enzymatic,yes,27.3,marine_aquatic,filler,30.0,no_additive,0.0,no_additive,0.0,films,bacteria_dominated,large
7.0,3.0,5.0,37,94.0,6.0,aerobic,microbial_enzymatic,yes,27.3,marine_aquatic,filler,40.0,no_additive,0.0,no_additive,0.0,films,bacteria_dominated,large
14.0,7.0,5.0,37,94.0,6.0,aerobic,microbial_enzymatic,yes,27.3,marine_aquatic,filler,40.0,no_additive,0.0,no_additive,0.0,films,bacteria_dominated,large
21.0,25.0,5.0,37,94.0,6.0,aerobic,microbial_enzymatic,yes,27.3,marine_aquatic,filler,40.0,no_additive,0.0,no_additive,0.0,films,bacteria_dominated,large
28.0,39.0,5.0,37,94.0,6.0,aerobic,microbial_enzymatic,yes,27.3,marine_aquatic,filler,40.0,no_additive,0.0,no_additive,0.0,films,bacteria_dominated,large
7.0,3.0,5.0,38,94.0,6.0,aerobic,microbial_enzymatic,yes,27.3,marine_aquatic,filler,50.0,no_additive,0.0,no_additive,0.0,films,bacteria_dominated,large
14.0,8.0,5.0,38,94.0,6.0,aerobic,microbial_enzymatic,yes,27.3,marine_aquatic,filler,50.0,no_additive,0.0,no_additive,0.0,films,bacteria_dominated,large
21.0,39.0,5.0,38,94.0,6.0,aerobic,microbial_enzymatic,yes,27.3,marine_aquatic,filler,50.0,no_additive,0.0,no_additive,0.0,films,bacteria_dominated,large
28.0,59.0,5.0,38,94.0,6.0,aerobic,microbial_enzymatic,yes,27.3,marine_aquatic,filler,50.0,no_additive,0.0,no_additive,0.0,films,bacteria_dominated,large
7.0,2.0,5.0,39,94.0,6.0,aerobic,microbial_enzymatic,yes,27.3,marine_aquatic,filler,60.0,no_additive,0.0,no_additive,0.0,films,bacteria_dominated,large
14.0,13.0,5.0,39,94.0,6.0,aerobic,microbial_enzymatic,yes,27.3,marine_aquatic,filler,60.0,no_additive,0.0,no_additive,0.0,films,bacteria_dominated,large
21.0,68.0,5.0,39,94.0,6.0,aerobic,microbial_enzymatic,yes,27.3,marine_aquatic,filler,60.0,no_additive,0.0,no_additive,0.0,films,bacteria_dominated,large
28.0,99.0,5.0,39,94.0,6.0,aerobic,microbial_enzymatic,yes,27.3,marine_aquatic,filler,60.0,no_additive,0.0,no_additive,0.0,films,bacteria_dominated,large
7.0,4.0,5.0,40,94.0,6.0,aerobic,microbial_enzymatic,yes,27.3,marine_aquatic,filler,70.0,no_additive,0.0,no_additive,0.0,films,bacteria_dominated,large
14.0,23.0,5.0,40,94.0,6.0,aerobic,microbial_enzymatic,yes,27.3,marine_aquatic,filler,70.0,no_additive,0.0,no_additive,0.0,films,bacteria_dominated,large
21.0,69.0,5.0,40,94.0,6.0,aerobic,microbial_enzymatic,yes,27.3,marine_aquatic,filler,70.0,no_additive,0.0,no_additive,0.0,films,bacteria_dominated,large
28.0,99.0,5.0,40,94.0,6.0,aerobic,microbial_enzymatic,yes,27.3,marine_aquatic,filler,70.0,no_additive,0.0,no_additive,0.0,films,bacteria_dominated,large
7.0,1.0,5.0,41,94.0,6.0,aerobic,microbial_enzymatic,no,27.3,marine_aquatic,no_additive,0.0,no_additive,0.0,no_additive,0.0,films,bacteria_dominated,large
14.0,9.0,5.0,41,94.0,6.0,aerobic,microbial_enzymatic,no,27.3,marine_aquatic,no_additive,0.0,no_additive,0.0,no_additive,0.0,films,bacteria_dominated,large
21.0,14.0,5.0,41,94.0,6.0,aerobic,microbial_enzymatic,no,27.3,marine_aquatic,no_additive,0.0,no_additive,0.0,no_additive,0.0,films,bacteria_dominated,large
28.0,22.0,5.0,41,94.0,6.0,aerobic,microbial_enzymatic,no,27.3,marine_aquatic,no_additive,0.0,no_additive,0.0,no_additive,0.0,films,bacteria_dominated,large
7.0,6.0,5.0,42,94.0,6.0,aerobic,microbial_enzymatic,yes,27.3,marine_aquatic,filler,10.0,no_additive,0.0,no_additive,0.0,films,bacteria_dominated,large
14.0,18.0,5.0,42,94.0,6.0,aerobic,microbial_enzymatic,yes,27.3,marine_aquatic,filler,10.0,no_additive,0.0,no_additive,0.0,films,bacteria_dominated,large
21.0,37.0,5.0,42,94.0,6.0,aerobic,microbial_enzymatic,yes,27.3,marine_aquatic,filler,10.0,no_additive,0.0,no_additive,0.0,films,bacteria_dominated,large
28.0,39.0,5.0,42,94.0,6.0,aerobic,microbial_enzymatic,yes,27.3,marine_aquatic,filler,10.0,no_additive,0.0,no_additive,0.0,films,bacteria_dominated,large
7.0,6.0,5.0,43,94.0,6.0,aerobic,microbial_enzymatic,yes,27.3,marine_aquatic,filler,20.0,no_additive,0.0,no_additive,0.0,films,bacteria_dominated,large
14.0,30.0,5.0,43,94.0,6.0,aerobic,microbial_enzymatic,yes,27.3,marine_aquatic,filler,20.0,no_additive,0.0,no_additive,0.0,films,bacteria_dominated,large
21.0,47.0,5.0,43,94.0,6.0,aerobic,microbial_enzymatic,yes,27.3,marine_aquatic,filler,20.0,no_additive,0.0,no_additive,0.0,films,bacteria_dominated,large
28.0,52.0,5.0,43,94.0,6.0,aerobic,microbial_enzymatic,yes,27.3,marine_aquatic,filler,20.0,no_additive,0.0,no_additive,0.0,films,bacteria_dominated,large
7.0,7.0,5.0,44,94.0,6.0,aerobic,microbial_enzymatic,yes,27.3,marine_aquatic,filler,30.0,no_additive,0.0,no_additive,0.0,films,bacteria_dominated,large
14.0,30.0,5.0,44,94.0,6.0,aerobic,microbial_enzymatic,yes,27.3,marine_aquatic,filler,30.0,no_additive,0.0,no_additive,0.0,films,bacteria_dominated,large
21.0,53.0,5.0,44,94.0,6.0,aerobic,microbial_enzymatic,yes,27.3,marine_aquatic,filler,30.0,no_additive,0.0,no_additive,0.0,films,bacteria_dominated,large
28.0,69.0,5.0,44,94.0,6.0,aerobic,microbial_enzymatic,yes,27.3,marine_aquatic,filler,30.0,no_additive,0.0,no_additive,0.0,films,bacteria_dominated,large
7.0,20.0,5.0,45,94.0,6.0,aerobic,microbial_enzymatic,yes,27.3,marine_aquatic,filler,40.0,no_additive,0.0,no_additive,0.0,films,bacteria_dominated,large
14.0,41.0,5.0,45,94.0,6.0,aerobic,microbial_enzymatic,yes,27.3,marine_aquatic,filler,40.0,no_additive,0.0,no_additive,0.0,films,bacteria_dominated,large
21.0,54.0,5.0,45,94.0,6.0,aerobic,microbial_enzymatic,yes,27.3,marine_aquatic,filler,40.0,no_additive,0.0,no_additive,0.0,films,bacteria_dominated,large
28.0,75.0,5.0,45,94.0,6.0,aerobic,microbial_enzymatic,yes,27.3,marine_aquatic,filler,40.0,no_additive,0.0,no_additive,0.0,films,bacteria_dominated,large
7.0,22.0,5.0,46,94.0,6.0,aerobic,microbial_enzymatic,yes,27.3,marine_aquatic,filler,50.0,no_additive,0.0,no_additive,0.0,films,bacteria_dominated,large
14.0,61.0,5.0,46,94.0,6.0,aerobic,microbial_enzymatic,yes,27.3,marine_aquatic,filler,50.0,no_additive,0.0,no_additive,0.0,films,bacteria_dominated,large
21.0,75.0,5.0,46,94.0,6.0,aerobic,microbial_enzymatic,yes,27.3,marine_aquatic,filler,50.0,no_additive,0.0,no_additive,0.0,films,bacteria_dominated,large
28.0,99.0,5.0,46,94.0,6.0,aerobic,microbial_enzymatic,yes,27.3,marine_aquatic,filler,50.0,no_additive,0.0,no_additive,0.0,films,bacteria_dominated,large
7.0,24.0,5.0,47,94.0,6.0,aerobic,microbial_enzymatic,yes,27.3,marine_aquatic,filler,60.0,no_additive,0.0,no_additive,0.0,films,bacteria_dominated,large
14.0,89.0,5.0,47,94.0,6.0,aerobic,microbial_enzymatic,yes,27.3,marine_aquatic,filler,60.0,no_additive,0.0,no_additive,0.0,films,bacteria_dominated,large
21.0,99.0,5.0,47,94.0,6.0,aerobic,microbial_enzymatic,yes,27.3,marine_aquatic,filler,60.0,no_additive,0.0,no_additive,0.0,films,bacteria_dominated,large
28.0,99.0,5.0,47,94.0,6.0,aerobic,microbial_enzymatic,yes,27.3,marine_aquatic,filler,60.0,no_additive,0.0,no_additive,0.0,films,bacteria_dominated,large
7.0,33.0,5.0,48,94.0,6.0,aerobic,microbial_enzymatic,yes,27.3,marine_aquatic,filler,70.0,no_additive,0.0,no_additive,0.0,films,bacteria_dominated,large
14.0,99.0,5.0,48,94.0,6.0,aerobic,microbial_enzymatic,yes,27.3,marine_aquatic,filler,70.0,no_additive,0.0,no_additive,0.0,films,bacteria_dominated,large
21.0,99.0,5.0,48,94.0,6.0,aerobic,microbial_enzymatic,yes,27.3,marine_aquatic,filler,70.0,no_additive,0.0,no_additive,0.0,films,bacteria_dominated,large
28.0,99.0,5.0,48,94.0,6.0,aerobic,microbial_enzymatic,yes,27.3,marine_aquatic,filler,70.0,no_additive,0.0,no_additive,0.0,films,bacteria_dominated,large
29.0,0.0,6.0,5,99.0,1.0,aerobic,all_mechanisms,no,20.0,soil,no_additive,0.0,no_additive,0.0,no_additive,0.0,sheets,fungi_dominated,large
58.0,1.0,6.0,5,99.0,1.0,aerobic,all_mechanisms,no,20.0,soil,no_additive,0.0,no_additive,0.0,no_additive,0.0,sheets,fungi_dominated,large
103.0,1.0,6.0,5,99.0,1.0,aerobic,all_mechanisms,no,20.0,soil,no_additive,0.0,no_additive,0.0,no_additive,0.0,sheets,fungi_dominated,large
176.0,1.0,6.0,5,99.0,1.0,aerobic,all_mechanisms,no,20.0,soil,no_additive,0.0,no_additive,0.0,no_additive,0.0,sheets,fungi_dominated,large
354.0,2.0,6.0,5,99.0,1.0,aerobic,all_mechanisms,no,20.0,soil,no_additive,0.0,no_additive,0.0,no_additive,0.0,sheets,fungi_dominated,large
29.0,0.0,6.0,6,99.0,1.0,aerobic,all_mechanisms,yes,20.0,soil,filler,20.0,no_additive,0.0,no_additive,0.0,sheets,fungi_dominated,large
58.0,1.0,6.0,6,99.0,1.0,aerobic,all_mechanisms,yes,20.0,soil,filler,20.0,no_additive,0.0,no_additive,0.0,sheets,fungi_dominated,large
103.0,2.0,6.0,6,99.0,1.0,aerobic,all_mechanisms,yes,20.0,soil,filler,20.0,no_additive,0.0,no_additive,0.0,sheets,fungi_dominated,large
177.0,3.0,6.0,6,99.0,1.0,aerobic,all_mechanisms,yes,20.0,soil,filler,20.0,no_additive,0.0,no_additive,0.0,sheets,fungi_dominated,large
354.0,6.0,6.0,6,99.0,1.0,aerobic,all_mechanisms,yes,20.0,soil,filler,20.0,no_additive,0.0,no_additive,0.0,sheets,fungi_dominated,large
29.0,1.0,6.0,7,99.0,1.0,aerobic,all_mechanisms,yes,20.0,soil,filler,50.0,no_additive,0.0,no_additive,0.0,sheets,fungi_dominated,large
58.0,3.0,6.0,7,99.0,1.0,aerobic,all_mechanisms,yes,20.0,soil,filler,50.0,no_additive,0.0,no_additive,0.0,sheets,fungi_dominated,large
102.0,4.0,6.0,7,99.0,1.0,aerobic,all_mechanisms,yes,20.0,soil,filler,50.0,no_additive,0.0,no_additive,0.0,sheets,fungi_dominated,large
177.0,6.0,6.0,7,99.0,1.0,aerobic,all_mechanisms,yes,20.0,soil,filler,50.0,no_additive,0.0,no_additive,0.0,sheets,fungi_dominated,large
1.0,0.0,9.0,1,94.0,6.0,aerobic,microbial_enzymatic,no,55.0,compost_organic_fertilizer,no_additive,0.0,no_additive,0.0,no_additive,0.0,films,bacteria_dominated,lab
3.0,2.0,9.0,1,94.0,6.0,aerobic,microbial_enzymatic,no,55.0,compost_organic_fertilizer,no_additive,0.0,no_additive,0.0,no_additive,0.0,films,bacteria_dominated,lab
4.0,3.0,9.0,1,94.0,6.0,aerobic,microbial_enzymatic,no,55.0,compost_organic_fertilizer,no_additive,0.0,no_additive,0.0,no_additive,0.0,films,bacteria_dominated,lab
6.0,4.0,9.0,1,94.0,6.0,aerobic,microbial_enzymatic,no,55.0,compost_organic_fertilizer,no_additive,0.0,no_additive,0.0,no_additive,0.0,films,bacteria_dominated,lab
8.0,5.0,9.0,1,94.0,6.0,aerobic,microbial_enzymatic,no,55.0,compost_organic_fertilizer,no_additive,0.0,no_additive,0.0,no_additive,0.0,films,bacteria_dominated,lab
11.0,6.0,9.0,1,94.0,6.0,aerobic,microbial_enzymatic,no,55.0,compost_organic_fertilizer,no_additive,0.0,no_additive,0.0,no_additive,0.0,films,bacteria_dominated,lab
14.0,8.0,9.0,1,94.0,6.0,aerobic,microbial_enzymatic,no,55.0,compost_organic_fertilizer,no_additive,0.0,no_additive,0.0,no_additive,0.0,films,bacteria_dominated,lab
20.0,10.0,9.0,1,94.0,6.0,aerobic,microbial_enzymatic,no,55.0,compost_organic_fertilizer,no_additive,0.0,no_additive,0.0,no_additive,0.0,films,bacteria_dominated,lab
1.0,95.0,9.0,4,94.0,6.0,aerobic,other,yes,55.0,compost_organic_fertilizer,plasticizer,20.0,no_additive,0.0,no_additive,0.0,films,bacteria_dominated,lab
2.0,93.0,9.0,4,94.0,6.0,aerobic,other,yes,55.0,compost_organic_fertilizer,plasticizer,20.0,no_additive,0.0,no_additive,0.0,films,bacteria_dominated,lab
6.0,85.0,9.0,4,94.0,6.0,aerobic,other,yes,55.0,compost_organic_fertilizer,plasticizer,20.0,no_additive,0.0,no_additive,0.0,films,bacteria_dominated,lab
5.0,90.0,9.0,4,94.0,6.0,aerobic,other,yes,55.0,compost_organic_fertilizer,plasticizer,20.0,no_additive,0.0,no_additive,0.0,films,bacteria_dominated,lab
8.0,83.0,9.0,4,94.0,6.0,aerobic,other,yes,55.0,compost_organic_fertilizer,plasticizer,20.0,no_additive,0.0,no_additive,0.0,films,bacteria_dominated,lab
11.0,82.0,9.0,4,94.0,6.0,aerobic,other,yes,55.0,compost_organic_fertilizer,plasticizer,20.0,no_additive,0.0,no_additive,0.0,films,bacteria_dominated,lab
14.0,80.0,9.0,4,94.0,6.0,aerobic,other,yes,55.0,compost_organic_fertilizer,plasticizer,20.0,no_additive,0.0,no_additive,0.0,films,bacteria_dominated,lab
19.0,79.0,9.0,4,94.0,6.0,aerobic,other,yes,55.0,compost_organic_fertilizer,plasticizer,20.0,no_additive,0.0,no_additive,0.0,films,bacteria_dominated,lab
0.0,94.0,9.0,8,94.0,6.0,aerobic,other,yes,55.0,compost_organic_fertilizer,no_additive,0.0,plasticizer,20.0,no_additive,0.0,films,bacteria_dominated,lab
2.0,91.0,9.0,8,94.0,6.0,aerobic,other,yes,55.0,compost_organic_fertilizer,no_additive,0.0,plasticizer,20.0,no_additive,0.0,films,bacteria_dominated,lab
5.0,91.0,9.0,8,94.0,6.0,aerobic,other,yes,55.0,compost_organic_fertilizer,no_additive,0.0,plasticizer,20.0,no_additive,0.0,films,bacteria_dominated,lab
6.0,84.0,9.0,8,94.0,6.0,aerobic,other,yes,55.0,compost_organic_fertilizer,no_additive,0.0,plasticizer,20.0,no_additive,0.0,films,bacteria_dominated,lab
8.0,83.0,9.0,8,94.0,6.0,aerobic,other,yes,55.0,compost_organic_fertilizer,no_additive,0.0,plasticizer,20.0,no_additive,0.0,films,bacteria_dominated,lab
11.0,82.0,9.0,8,94.0,6.0,aerobic,other,yes,55.0,compost_organic_fertilizer,no_additive,0.0,plasticizer,20.0,no_additive,0.0,films,bacteria_dominated,lab
14.0,80.0,9.0,8,94.0,6.0,aerobic,other,yes,55.0,compost_organic_fertilizer,no_additive,0.0,plasticizer,20.0,no_additive,0.0,films,bacteria_dominated,lab
19.0,79.0,9.0,8,94.0,6.0,aerobic,other,yes,55.0,compost_organic_fertilizer,no_additive,0.0,plasticizer,20.0,no_additive,0.0,films,bacteria_dominated,lab
0.0,1.0,10.0,8,88.0,12.0,aerobic,microbial_enzymatic,yes,37.0,laboratory_mineral_media,crosslinker_polymer_modifier,59.5,plasticizer,8.0,crosslinker,0.5,other,bacteria_dominated,lab
0.0,12.0,10.0,8,88.0,12.0,aerobic,microbial_enzymatic,yes,37.0,laboratory_mineral_media,crosslinker_polymer_modifier,59.5,plasticizer,8.0,crosslinker,0.5,other,bacteria_dominated,lab
1.0,21.0,10.0,8,88.0,12.0,aerobic,microbial_enzymatic,yes,37.0,laboratory_mineral_media,crosslinker_polymer_modifier,59.5,plasticizer,8.0,crosslinker,0.5,other,bacteria_dominated,lab
1.0,27.0,10.0,8,88.0,12.0,aerobic,microbial_enzymatic,yes,37.0,laboratory_mineral_media,crosslinker_polymer_modifier,59.5,plasticizer,8.0,crosslinker,0.5,other,bacteria_dominated,lab
2.0,34.0,10.0,8,88.0,12.0,aerobic,microbial_enzymatic,yes,37.0,laboratory_mineral_media,crosslinker_polymer_modifier,59.5,plasticizer,8.0,crosslinker,0.5,other,bacteria_dominated,lab
2.0,39.0,10.0,8,88.0,12.0,aerobic,microbial_enzymatic,yes,37.0,laboratory_mineral_media,crosslinker_polymer_modifier,59.5,plasticizer,8.0,crosslinker,0.5,other,bacteria_dominated,lab
3.0,42.0,10.0,8,88.0,12.0,aerobic,microbial_enzymatic,yes,37.0,laboratory_mineral_media,crosslinker_polymer_modifier,59.5,plasticizer,8.0,crosslinker,0.5,other,bacteria_dominated,lab
3.0,45.0,10.0,8,88.0,12.0,aerobic,microbial_enzymatic,yes,37.0,laboratory_mineral_media,crosslinker_polymer_modifier,59.5,plasticizer,8.0,crosslinker,0.5,other,bacteria_dominated,lab
4.0,46.0,10.0,8,88.0,12.0,aerobic,microbial_enzymatic,yes,37.0,laboratory_mineral_media,crosslinker_polymer_modifier,59.5,plasticizer,8.0,crosslinker,0.5,other,bacteria_dominated,lab
60.0,1.0,11.0,1,96.5,3.5,aerobic,microbial_enzymatic,no,23.0,compost_organic_fertilizer,no_additive,0.0,no_additive,0.0,no_additive,0.0,other,bacteria_dominated,lab
120.0,4.0,11.0,1,96.5,3.5,aerobic,microbial_enzymatic,no,23.0,compost_organic_fertilizer,no_additive,0.0,no_additive,0.0,no_additive,0.0,other,bacteria_dominated,lab
179.0,7.0,11.0,1,96.5,3.5,aerobic,microbial_enzymatic,no,23.0,compost_organic_fertilizer,no_additive,0.0,no_additive,0.0,no_additive,0.0,other,bacteria_dominated,lab
61.0,8.0,11.0,2,96.5,3.5,aerobic,microbial_enzymatic,yes,23.0,compost_organic_fertilizer,plasticizer,5.0,nucleating_agent,0.1,no_additive,0.0,other,bacteria_dominated,lab
121.0,10.0,11.0,2,96.5,3.5,aerobic,microbial_enzymatic,yes,23.0,compost_organic_fertilizer,plasticizer,5.0,nucleating_agent,0.1,no_additive,0.0,other,bacteria_dominated,lab
181.0,11.0,11.0,2,96.5,3.5,aerobic,microbial_enzymatic,yes,23.0,compost_organic_fertilizer,plasticizer,5.0,nucleating_agent,0.1,no_additive,0.0,other,bacteria_dominated,lab
52.0,0.0,12.0,1,97.0,3.0,aerobic,all_mechanisms,no,29.0,soil,no_additive,0.0,no_additive,0.0,no_additive,0.0,sheets,bacteria_dominated,large
54.0,0.0,12.0,1,97.0,3.0,aerobic,all_mechanisms,no,29.0,soil,no_additive,0.0,no_additive,0.0,no_additive,0.0,sheets,bacteria_dominated,large
56.0,0.0,12.0,1,97.0,3.0,aerobic,all_mechanisms,no,29.0,soil,no_additive,0.0,no_additive,0.0,no_additive,0.0,sheets,bacteria_dominated,large
58.0,0.0,12.0,1,97.0,3.0,aerobic,all_mechanisms,no,29.0,soil,no_additive,0.0,no_additive,0.0,no_additive,0.0,sheets,bacteria_dominated,large
61.0,0.0,12.0,1,97.0,3.0,aerobic,all_mechanisms,no,29.0,soil,no_additive,0.0,no_additive,0.0,no_additive,0.0,sheets,bacteria_dominated,large
63.0,0.0,12.0,1,97.0,3.0,aerobic,all_mechanisms,no,29.0,soil,no_additive,0.0,no_additive,0.0,no_additive,0.0,sheets,bacteria_dominated,large
65.0,0.0,12.0,1,97.0,3.0,aerobic,all_mechanisms,no,29.0,soil,no_additive,0.0,no_additive,0.0,no_additive,0.0,sheets,bacteria_dominated,large
67.0,0.0,12.0,1,97.0,3.0,aerobic,all_mechanisms,no,29.0,soil,no_additive,0.0,no_additive,0.0,no_additive,0.0,sheets,bacteria_dominated,large
69.0,0.0,12.0,1,97.0,3.0,aerobic,all_mechanisms,no,29.0,soil,no_additive,0.0,no_additive,0.0,no_additive,0.0,sheets,bacteria_dominated,large
71.0,0.0,12.0,1,97.0,3.0,aerobic,all_mechanisms,no,29.0,soil,no_additive,0.0,no_additive,0.0,no_additive,0.0,sheets,bacteria_dominated,large
74.0,0.0,12.0,1,97.0,3.0,aerobic,all_mechanisms,no,29.0,soil,no_additive,0.0,no_additive,0.0,no_additive,0.0,sheets,bacteria_dominated,large
76.0,0.0,12.0,1,97.0,3.0,aerobic,all_mechanisms,no,29.0,soil,no_additive,0.0,no_additive,0.0,no_additive,0.0,sheets,bacteria_dominated,large
78.0,1.0,12.0,1,97.0,3.0,aerobic,all_mechanisms,no,29.0,soil,no_additive,0.0,no_additive,0.0,no_additive,0.0,sheets,bacteria_dominated,large
80.0,1.0,12.0,1,97.0,3.0,aerobic,all_mechanisms,no,29.0,soil,no_additive,0.0,no_additive,0.0,no_additive,0.0,sheets,bacteria_dominated,large
82.0,1.0,12.0,1,97.0,3.0,aerobic,all_mechanisms,no,29.0,soil,no_additive,0.0,no_additive,0.0,no_additive,0.0,sheets,bacteria_dominated,large
84.0,1.0,12.0,1,97.0,3.0,aerobic,all_mechanisms,no,29.0,soil,no_additive,0.0,no_additive,0.0,no_additive,0.0,sheets,bacteria_dominated,large
87.0,1.0,12.0,1,97.0,3.0,aerobic,all_mechanisms,no,29.0,soil,no_additive,0.0,no_additive,0.0,no_additive,0.0,sheets,bacteria_dominated,large
89.0,1.0,12.0,1,97.0,3.0,aerobic,all_mechanisms,no,29.0,soil,no_additive,0.0,no_additive,0.0,no_additive,0.0,sheets,bacteria_dominated,large
91.0,1.0,12.0,1,97.0,3.0,aerobic,all_mechanisms,no,29.0,soil,no_additive,0.0,no_additive,0.0,no_additive,0.0,sheets,bacteria_dominated,large
93.0,1.0,12.0,1,97.0,3.0,aerobic,all_mechanisms,no,29.0,soil,no_additive,0.0,no_additive,0.0,no_additive,0.0,sheets,bacteria_dominated,large
95.0,1.0,12.0,1,97.0,3.0,aerobic,all_mechanisms,no,29.0,soil,no_additive,0.0,no_additive,0.0,no_additive,0.0,sheets,bacteria_dominated,large
97.0,1.0,12.0,1,97.0,3.0,aerobic,all_mechanisms,no,29.0,soil,no_additive,0.0,no_additive,0.0,no_additive,0.0,sheets,bacteria_dominated,large
100.0,2.0,12.0,1,97.0,3.0,aerobic,all_mechanisms,no,29.0,soil,no_additive,0.0,no_additive,0.0,no_additive,0.0,sheets,bacteria_dominated,large
102.0,2.0,12.0,1,97.0,3.0,aerobic,all_mechanisms,no,29.0,soil,no_additive,0.0,no_additive,0.0,no_additive,0.0,sheets,bacteria_dominated,large
104.0,2.0,12.0,1,97.0,3.0,aerobic,all_mechanisms,no,29.0,soil,no_additive,0.0,no_additive,0.0,no_additive,0.0,sheets,bacteria_dominated,large
106.0,2.0,12.0,1,97.0,3.0,aerobic,all_mechanisms,no,29.0,soil,no_additive,0.0,no_additive,0.0,no_additive,0.0,sheets,bacteria_dominated,large
108.0,2.0,12.0,1,97.0,3.0,aerobic,all_mechanisms,no,29.0,soil,no_additive,0.0,no_additive,0.0,no_additive,0.0,sheets,bacteria_dominated,large
111.0,2.0,12.0,1,97.0,3.0,aerobic,all_mechanisms,no,29.0,soil,no_additive,0.0,no_additive,0.0,no_additive,0.0,sheets,bacteria_dominated,large
113.0,2.0,12.0,1,97.0,3.0,aerobic,all_mechanisms,no,29.0,soil,no_additive,0.0,no_additive,0.0,no_additive,0.0,sheets,bacteria_dominated,large
115.0,2.0,12.0,1,97.0,3.0,aerobic,all_mechanisms,no,29.0,soil,no_additive,0.0,no_additive,0.0,no_additive,0.0,sheets,bacteria_dominated,large
117.0,2.0,12.0,1,97.0,3.0,aerobic,all_mechanisms,no,29.0,soil,no_additive,0.0,no_additive,0.0,no_additive,0.0,sheets,bacteria_dominated,large
119.0,2.0,12.0,1,97.0,3.0,aerobic,all_mechanisms,no,29.0,soil,no_additive,0.0,no_additive,0.0,no_additive,0.0,sheets,bacteria_dominated,large
8.0,0.0,12.0,2,97.0,3.0,aerobic,all_mechanisms,yes,29.0,soil,filler,10.0,no_additive,0.0,no_additive,0.0,sheets,bacteria_dominated,large
10.0,0.0,12.0,2,97.0,3.0,aerobic,all_mechanisms,yes,29.0,soil,filler,10.0,no_additive,0.0,no_additive,0.0,sheets,bacteria_dominated,large
12.0,1.0,12.0,2,97.0,3.0,aerobic,all_mechanisms,yes,29.0,soil,filler,10.0,no_additive,0.0,no_additive,0.0,sheets,bacteria_dominated,large
14.0,1.0,12.0,2,97.0,3.0,aerobic,all_mechanisms,yes,29.0,soil,filler,10.0,no_additive,0.0,no_additive,0.0,sheets,bacteria_dominated,large
16.0,1.0,12.0,2,97.0,3.0,aerobic,all_mechanisms,yes,29.0,soil,filler,10.0,no_additive,0.0,no_additive,0.0,sheets,bacteria_dominated,large
18.0,1.0,12.0,2,97.0,3.0,aerobic,all_mechanisms,yes,29.0,soil,filler,10.0,no_additive,0.0,no_additive,0.0,sheets,bacteria_dominated,large
21.0,2.0,12.0,2,97.0,3.0,aerobic,all_mechanisms,yes,29.0,soil,filler,10.0,no_additive,0.0,no_additive,0.0,sheets,bacteria_dominated,large
23.0,2.0,12.0,2,97.0,3.0,aerobic,all_mechanisms,yes,29.0,soil,filler,10.0,no_additive,0.0,no_additive,0.0,sheets,bacteria_dominated,large
25.0,2.0,12.0,2,97.0,3.0,aerobic,all_mechanisms,yes,29.0,soil,filler,10.0,no_additive,0.0,no_additive,0.0,sheets,bacteria_dominated,large
27.0,2.0,12.0,2,97.0,3.0,aerobic,all_mechanisms,yes,29.0,soil,filler,10.0,no_additive,0.0,no_additive,0.0,sheets,bacteria_dominated,large
29.0,3.0,12.0,2,97.0,3.0,aerobic,all_mechanisms,yes,29.0,soil,filler,10.0,no_additive,0.0,no_additive,0.0,sheets,bacteria_dominated,large
31.0,3.0,12.0,2,97.0,3.0,aerobic,all_mechanisms,yes,29.0,soil,filler,10.0,no_additive,0.0,no_additive,0.0,sheets,bacteria_dominated,large
33.0,3.0,12.0,2,97.0,3.0,aerobic,all_mechanisms,yes,29.0,soil,filler,10.0,no_additive,0.0,no_additive,0.0,sheets,bacteria_dominated,large
35.0,3.0,12.0,2,97.0,3.0,aerobic,all_mechanisms,yes,29.0,soil,filler,10.0,no_additive,0.0,no_additive,0.0,sheets,bacteria_dominated,large
37.0,4.0,12.0,2,97.0,3.0,aerobic,all_mechanisms,yes,29.0,soil,filler,10.0,no_additive,0.0,no_additive,0.0,sheets,bacteria_dominated,large
40.0,4.0,12.0,2,97.0,3.0,aerobic,all_mechanisms,yes,29.0,soil,filler,10.0,no_additive,0.0,no_additive,0.0,sheets,bacteria_dominated,large
42.0,4.0,12.0,2,97.0,3.0,aerobic,all_mechanisms,yes,29.0,soil,filler,10.0,no_additive,0.0,no_additive,0.0,sheets,bacteria_dominated,large
44.0,5.0,12.0,2,97.0,3.0,aerobic,all_mechanisms,yes,29.0,soil,filler,10.0,no_additive,0.0,no_additive,0.0,sheets,bacteria_dominated,large
46.0,5.0,12.0,2,97.0,3.0,aerobic,all_mechanisms,yes,29.0,soil,filler,10.0,no_additive,0.0,no_additive,0.0,sheets,bacteria_dominated,large
48.0,5.0,12.0,2,97.0,3.0,aerobic,all_mechanisms,yes,29.0,soil,filler,10.0,no_additive,0.0,no_additive,0.0,sheets,bacteria_dominated,large
50.0,5.0,12.0,2,97.0,3.0,aerobic,all_mechanisms,yes,29.0,soil,filler,10.0,no_additive,0.0,no_additive,0.0,sheets,bacteria_dominated,large
53.0,6.0,12.0,2,97.0,3.0,aerobic,all_mechanisms,yes,29.0,soil,filler,10.0,no_additive,0.0,no_additive,0.0,sheets,bacteria_dominated,large
55.0,6.0,12.0,2,97.0,3.0,aerobic,all_mechanisms,yes,29.0,soil,filler,10.0,no_additive,0.0,no_additive,0.0,sheets,bacteria_dominated,large
57.0,6.0,12.0,2,97.0,3.0,aerobic,all_mechanisms,yes,29.0,soil,filler,10.0,no_additive,0.0,no_additive,0.0,sheets,bacteria_dominated,large
59.0,6.0,12.0,2,97.0,3.0,aerobic,all_mechanisms,yes,29.0,soil,filler,10.0,no_additive,0.0,no_additive,0.0,sheets,bacteria_dominated,large
61.0,7.0,12.0,2,97.0,3.0,aerobic,all_mechanisms,yes,29.0,soil,filler,10.0,no_additive,0.0,no_additive,0.0,sheets,bacteria_dominated,large
63.0,7.0,12.0,2,97.0,3.0,aerobic,all_mechanisms,yes,29.0,soil,filler,10.0,no_additive,0.0,no_additive,0.0,sheets,bacteria_dominated,large
65.0,7.0,12.0,2,97.0,3.0,aerobic,all_mechanisms,yes,29.0,soil,filler,10.0,no_additive,0.0,no_additive,0.0,sheets,bacteria_dominated,large
67.0,8.0,12.0,2,97.0,3.0,aerobic,all_mechanisms,yes,29.0,soil,filler,10.0,no_additive,0.0,no_additive,0.0,sheets,bacteria_dominated,large
70.0,8.0,12.0,2,97.0,3.0,aerobic,all_mechanisms,yes,29.0,soil,filler,10.0,no_additive,0.0,no_additive,0.0,sheets,bacteria_dominated,large
72.0,9.0,12.0,2,97.0,3.0,aerobic,all_mechanisms,yes,29.0,soil,filler,10.0,no_additive,0.0,no_additive,0.0,sheets,bacteria_dominated,large
74.0,9.0,12.0,2,97.0,3.0,aerobic,all_mechanisms,yes,29.0,soil,filler,10.0,no_additive,0.0,no_additive,0.0,sheets,bacteria_dominated,large
76.0,9.0,12.0,2,97.0,3.0,aerobic,all_mechanisms,yes,29.0,soil,filler,10.0,no_additive,0.0,no_additive,0.0,sheets,bacteria_dominated,large
78.0,10.0,12.0,2,97.0,3.0,aerobic,all_mechanisms,yes,29.0,soil,filler,10.0,no_additive,0.0,no_additive,0.0,sheets,bacteria_dominated,large
80.0,10.0,12.0,2,97.0,3.0,aerobic,all_mechanisms,yes,29.0,soil,filler,10.0,no_additive,0.0,no_additive,0.0,sheets,bacteria_dominated,large
83.0,10.0,12.0,2,97.0,3.0,aerobic,all_mechanisms,yes,29.0,soil,filler,10.0,no_additive,0.0,no_additive,0.0,sheets,bacteria_dominated,large
85.0,11.0,12.0,2,97.0,3.0,aerobic,all_mechanisms,yes,29.0,soil,filler,10.0,no_additive,0.0,no_additive,0.0,sheets,bacteria_dominated,large
87.0,11.0,12.0,2,97.0,3.0,aerobic,all_mechanisms,yes,29.0,soil,filler,10.0,no_additive,0.0,no_additive,0.0,sheets,bacteria_dominated,large
89.0,11.0,12.0,2,97.0,3.0,aerobic,all_mechanisms,yes,29.0,soil,filler,10.0,no_additive,0.0,no_additive,0.0,sheets,bacteria_dominated,large
91.0,12.0,12.0,2,97.0,3.0,aerobic,all_mechanisms,yes,29.0,soil,filler,10.0,no_additive,0.0,no_additive,0.0,sheets,bacteria_dominated,large
93.0,12.0,12.0,2,97.0,3.0,aerobic,all_mechanisms,yes,29.0,soil,filler,10.0,no_additive,0.0,no_additive,0.0,sheets,bacteria_dominated,large
96.0,13.0,12.0,2,97.0,3.0,aerobic,all_mechanisms,yes,29.0,soil,filler,10.0,no_additive,0.0,no_additive,0.0,sheets,bacteria_dominated,large
98.0,13.0,12.0,2,97.0,3.0,aerobic,all_mechanisms,yes,29.0,soil,filler,10.0,no_additive,0.0,no_additive,0.0,sheets,bacteria_dominated,large
100.0,14.0,12.0,2,97.0,3.0,aerobic,all_mechanisms,yes,29.0,soil,filler,10.0,no_additive,0.0,no_additive,0.0,sheets,bacteria_dominated,large
102.0,15.0,12.0,2,97.0,3.0,aerobic,all_mechanisms,yes,29.0,soil,filler,10.0,no_additive,0.0,no_additive,0.0,sheets,bacteria_dominated,large
104.0,15.0,12.0,2,97.0,3.0,aerobic,all_mechanisms,yes,29.0,soil,filler,10.0,no_additive,0.0,no_additive,0.0,sheets,bacteria_dominated,large
106.0,16.0,12.0,2,97.0,3.0,aerobic,all_mechanisms,yes,29.0,soil,filler,10.0,no_additive,0.0,no_additive,0.0,sheets,bacteria_dominated,large
109.0,16.0,12.0,2,97.0,3.0,aerobic,all_mechanisms,yes,29.0,soil,filler,10.0,no_additive,0.0,no_additive,0.0,sheets,bacteria_dominated,large
111.0,17.0,12.0,2,97.0,3.0,aerobic,all_mechanisms,yes,29.0,soil,filler,10.0,no_additive,0.0,no_additive,0.0,sheets,bacteria_dominated,large
113.0,17.0,12.0,2,97.0,3.0,aerobic,all_mechanisms,yes,29.0,soil,filler,10.0,no_additive,0.0,no_additive,0.0,sheets,bacteria_dominated,large
115.0,18.0,12.0,2,97.0,3.0,aerobic,all_mechanisms,yes,29.0,soil,filler,10.0,no_additive,0.0,no_additive,0.0,sheets,bacteria_dominated,large
117.0,18.0,12.0,2,97.0,3.0,aerobic,all_mechanisms,yes,29.0,soil,filler,10.0,no_additive,0.0,no_additive,0.0,sheets,bacteria_dominated,large
119.0,19.0,12.0,2,97.0,3.0,aerobic,all_mechanisms,yes,29.0,soil,filler,10.0,no_additive,0.0,no_additive,0.0,sheets,bacteria_dominated,large
12.0,1.0,12.0,3,97.0,3.0,aerobic,all_mechanisms,yes,29.0,soil,filler,20.0,no_additive,0.0,no_additive,0.0,sheets,bacteria_dominated,large
14.0,1.0,12.0,3,97.0,3.0,aerobic,all_mechanisms,yes,29.0,soil,filler,20.0,no_additive,0.0,no_additive,0.0,sheets,bacteria_dominated,large
16.0,2.0,12.0,3,97.0,3.0,aerobic,all_mechanisms,yes,29.0,soil,filler,20.0,no_additive,0.0,no_additive,0.0,sheets,bacteria_dominated,large
18.0,2.0,12.0,3,97.0,3.0,aerobic,all_mechanisms,yes,29.0,soil,filler,20.0,no_additive,0.0,no_additive,0.0,sheets,bacteria_dominated,large
21.0,2.0,12.0,3,97.0,3.0,aerobic,all_mechanisms,yes,29.0,soil,filler,20.0,no_additive,0.0,no_additive,0.0,sheets,bacteria_dominated,large
23.0,3.0,12.0,3,97.0,3.0,aerobic,all_mechanisms,yes,29.0,soil,filler,20.0,no_additive,0.0,no_additive,0.0,sheets,bacteria_dominated,large
25.0,3.0,12.0,3,97.0,3.0,aerobic,all_mechanisms,yes,29.0,soil,filler,20.0,no_additive,0.0,no_additive,0.0,sheets,bacteria_dominated,large
27.0,4.0,12.0,3,97.0,3.0,aerobic,all_mechanisms,yes,29.0,soil,filler,20.0,no_additive,0.0,no_additive,0.0,sheets,bacteria_dominated,large
29.0,4.0,12.0,3,97.0,3.0,aerobic,all_mechanisms,yes,29.0,soil,filler,20.0,no_additive,0.0,no_additive,0.0,sheets,bacteria_dominated,large
31.0,4.0,12.0,3,97.0,3.0,aerobic,all_mechanisms,yes,29.0,soil,filler,20.0,no_additive,0.0,no_additive,0.0,sheets,bacteria_dominated,large
34.0,4.0,12.0,3,97.0,3.0,aerobic,all_mechanisms,yes,29.0,soil,filler,20.0,no_additive,0.0,no_additive,0.0,sheets,bacteria_dominated,large
36.0,5.0,12.0,3,97.0,3.0,aerobic,all_mechanisms,yes,29.0,soil,filler,20.0,no_additive,0.0,no_additive,0.0,sheets,bacteria_dominated,large
38.0,5.0,12.0,3,97.0,3.0,aerobic,all_mechanisms,yes,29.0,soil,filler,20.0,no_additive,0.0,no_additive,0.0,sheets,bacteria_dominated,large
40.0,5.0,12.0,3,97.0,3.0,aerobic,all_mechanisms,yes,29.0,soil,filler,20.0,no_additive,0.0,no_additive,0.0,sheets,bacteria_dominated,large
42.0,6.0,12.0,3,97.0,3.0,aerobic,all_mechanisms,yes,29.0,soil,filler,20.0,no_additive,0.0,no_additive,0.0,sheets,bacteria_dominated,large
44.0,6.0,12.0,3,97.0,3.0,aerobic,all_mechanisms,yes,29.0,soil,filler,20.0,no_additive,0.0,no_additive,0.0,sheets,bacteria_dominated,large
47.0,6.0,12.0,3,97.0,3.0,aerobic,all_mechanisms,yes,29.0,soil,filler,20.0,no_additive,0.0,no_additive,0.0,sheets,bacteria_dominated,large
49.0,6.0,12.0,3,97.0,3.0,aerobic,all_mechanisms,yes,29.0,soil,filler,20.0,no_additive,0.0,no_additive,0.0,sheets,bacteria_dominated,large
51.0,7.0,12.0,3,97.0,3.0,aerobic,all_mechanisms,yes,29.0,soil,filler,20.0,no_additive,0.0,no_additive,0.0,sheets,bacteria_dominated,large
53.0,7.0,12.0,3,97.0,3.0,aerobic,all_mechanisms,yes,29.0,soil,filler,20.0,no_additive,0.0,no_additive,0.0,sheets,bacteria_dominated,large
55.0,7.0,12.0,3,97.0,3.0,aerobic,all_mechanisms,yes,29.0,soil,filler,20.0,no_additive,0.0,no_additive,0.0,sheets,bacteria_dominated,large
57.0,7.0,12.0,3,97.0,3.0,aerobic,all_mechanisms,yes,29.0,soil,filler,20.0,no_additive,0.0,no_additive,0.0,sheets,bacteria_dominated,large
60.0,8.0,12.0,3,97.0,3.0,aerobic,all_mechanisms,yes,29.0,soil,filler,20.0,no_additive,0.0,no_additive,0.0,sheets,bacteria_dominated,large
62.0,8.0,12.0,3,97.0,3.0,aerobic,all_mechanisms,yes,29.0,soil,filler,20.0,no_additive,0.0,no_additive,0.0,sheets,bacteria_dominated,large
64.0,9.0,12.0,3,97.0,3.0,aerobic,all_mechanisms,yes,29.0,soil,filler,20.0,no_additive,0.0,no_additive,0.0,sheets,bacteria_dominated,large
66.0,9.0,12.0,3,97.0,3.0,aerobic,all_mechanisms,yes,29.0,soil,filler,20.0,no_additive,0.0,no_additive,0.0,sheets,bacteria_dominated,large
68.0,10.0,12.0,3,97.0,3.0,aerobic,all_mechanisms,yes,29.0,soil,filler,20.0,no_additive,0.0,no_additive,0.0,sheets,bacteria_dominated,large
71.0,11.0,12.0,3,97.0,3.0,aerobic,all_mechanisms,yes,29.0,soil,filler,20.0,no_additive,0.0,no_additive,0.0,sheets,bacteria_dominated,large
73.0,11.0,12.0,3,97.0,3.0,aerobic,all_mechanisms,yes,29.0,soil,filler,20.0,no_additive,0.0,no_additive,0.0,sheets,bacteria_dominated,large
75.0,12.0,12.0,3,97.0,3.0,aerobic,all_mechanisms,yes,29.0,soil,filler,20.0,no_additive,0.0,no_additive,0.0,sheets,bacteria_dominated,large
77.0,12.0,12.0,3,97.0,3.0,aerobic,all_mechanisms,yes,29.0,soil,filler,20.0,no_additive,0.0,no_additive,0.0,sheets,bacteria_dominated,large
79.0,13.0,12.0,3,97.0,3.0,aerobic,all_mechanisms,yes,29.0,soil,filler,20.0,no_additive,0.0,no_additive,0.0,sheets,bacteria_dominated,large
81.0,14.0,12.0,3,97.0,3.0,aerobic,all_mechanisms,yes,29.0,soil,filler,20.0,no_additive,0.0,no_additive,0.0,sheets,bacteria_dominated,large
84.0,14.0,12.0,3,97.0,3.0,aerobic,all_mechanisms,yes,29.0,soil,filler,20.0,no_additive,0.0,no_additive,0.0,sheets,bacteria_dominated,large
86.0,15.0,12.0,3,97.0,3.0,aerobic,all_mechanisms,yes,29.0,soil,filler,20.0,no_additive,0.0,no_additive,0.0,sheets,bacteria_dominated,large
88.0,15.0,12.0,3,97.0,3.0,aerobic,all_mechanisms,yes,29.0,soil,filler,20.0,no_additive,0.0,no_additive,0.0,sheets,bacteria_dominated,large
91.0,16.0,12.0,3,97.0,3.0,aerobic,all_mechanisms,yes,29.0,soil,filler,20.0,no_additive,0.0,no_additive,0.0,sheets,bacteria_dominated,large
93.0,17.0,12.0,3,97.0,3.0,aerobic,all_mechanisms,yes,29.0,soil,filler,20.0,no_additive,0.0,no_additive,0.0,sheets,bacteria_dominated,large
95.0,17.0,12.0,3,97.0,3.0,aerobic,all_mechanisms,yes,29.0,soil,filler,20.0,no_additive,0.0,no_additive,0.0,sheets,bacteria_dominated,large
97.0,18.0,12.0,3,97.0,3.0,aerobic,all_mechanisms,yes,29.0,soil,filler,20.0,no_additive,0.0,no_additive,0.0,sheets,bacteria_dominated,large
99.0,19.0,12.0,3,97.0,3.0,aerobic,all_mechanisms,yes,29.0,soil,filler,20.0,no_additive,0.0,no_additive,0.0,sheets,bacteria_dominated,large
101.0,19.0,12.0,3,97.0,3.0,aerobic,all_mechanisms,yes,29.0,soil,filler,20.0,no_additive,0.0,no_additive,0.0,sheets,bacteria_dominated,large
104.0,19.0,12.0,3,97.0,3.0,aerobic,all_mechanisms,yes,29.0,soil,filler,20.0,no_additive,0.0,no_additive,0.0,sheets,bacteria_dominated,large
106.0,20.0,12.0,3,97.0,3.0,aerobic,all_mechanisms,yes,29.0,soil,filler,20.0,no_additive,0.0,no_additive,0.0,sheets,bacteria_dominated,large
108.0,21.0,12.0,3,97.0,3.0,aerobic,all_mechanisms,yes,29.0,soil,filler,20.0,no_additive,0.0,no_additive,0.0,sheets,bacteria_dominated,large
110.0,21.0,12.0,3,97.0,3.0,aerobic,all_mechanisms,yes,29.0,soil,filler,20.0,no_additive,0.0,no_additive,0.0,sheets,bacteria_dominated,large
112.0,22.0,12.0,3,97.0,3.0,aerobic,all_mechanisms,yes,29.0,soil,filler,20.0,no_additive,0.0,no_additive,0.0,sheets,bacteria_dominated,large
114.0,22.0,12.0,3,97.0,3.0,aerobic,all_mechanisms,yes,29.0,soil,filler,20.0,no_additive,0.0,no_additive,0.0,sheets,bacteria_dominated,large
117.0,23.0,12.0,3,97.0,3.0,aerobic,all_mechanisms,yes,29.0,soil,filler,20.0,no_additive,0.0,no_additive,0.0,sheets,bacteria_dominated,large
119.0,23.0,12.0,3,97.0,3.0,aerobic,all_mechanisms,yes,29.0,soil,filler,20.0,no_additive,0.0,no_additive,0.0,sheets,bacteria_dominated,large
8.0,1.0,12.0,4,97.0,3.0,aerobic,all_mechanisms,yes,29.0,soil,filler,30.0,no_additive,0.0,no_additive,0.0,sheets,bacteria_dominated,large
10.0,1.0,12.0,4,97.0,3.0,aerobic,all_mechanisms,yes,29.0,soil,filler,30.0,no_additive,0.0,no_additive,0.0,sheets,bacteria_dominated,large
12.0,1.0,12.0,4,97.0,3.0,aerobic,all_mechanisms,yes,29.0,soil,filler,30.0,no_additive,0.0,no_additive,0.0,sheets,bacteria_dominated,large
14.0,2.0,12.0,4,97.0,3.0,aerobic,all_mechanisms,yes,29.0,soil,filler,30.0,no_additive,0.0,no_additive,0.0,sheets,bacteria_dominated,large
16.0,2.0,12.0,4,97.0,3.0,aerobic,all_mechanisms,yes,29.0,soil,filler,30.0,no_additive,0.0,no_additive,0.0,sheets,bacteria_dominated,large
19.0,3.0,12.0,4,97.0,3.0,aerobic,all_mechanisms,yes,29.0,soil,filler,30.0,no_additive,0.0,no_additive,0.0,sheets,bacteria_dominated,large
21.0,3.0,12.0,4,97.0,3.0,aerobic,all_mechanisms,yes,29.0,soil,filler,30.0,no_additive,0.0,no_additive,0.0,sheets,bacteria_dominated,large
23.0,3.0,12.0,4,97.0,3.0,aerobic,all_mechanisms,yes,29.0,soil,filler,30.0,no_additive,0.0,no_additive,0.0,sheets,bacteria_dominated,large
25.0,4.0,12.0,4,97.0,3.0,aerobic,all_mechanisms,yes,29.0,soil,filler,30.0,no_additive,0.0,no_additive,0.0,sheets,bacteria_dominated,large
27.0,4.0,12.0,4,97.0,3.0,aerobic,all_mechanisms,yes,29.0,soil,filler,30.0,no_additive,0.0,no_additive,0.0,sheets,bacteria_dominated,large
29.0,5.0,12.0,4,97.0,3.0,aerobic,all_mechanisms,yes,29.0,soil,filler,30.0,no_additive,0.0,no_additive,0.0,sheets,bacteria_dominated,large
33.0,5.0,12.0,4,97.0,3.0,aerobic,all_mechanisms,yes,29.0,soil,filler,30.0,no_additive,0.0,no_additive,0.0,sheets,bacteria_dominated,large
35.0,5.0,12.0,4,97.0,3.0,aerobic,all_mechanisms,yes,29.0,soil,filler,30.0,no_additive,0.0,no_additive,0.0,sheets,bacteria_dominated,large
37.0,6.0,12.0,4,97.0,3.0,aerobic,all_mechanisms,yes,29.0,soil,filler,30.0,no_additive,0.0,no_additive,0.0,sheets,bacteria_dominated,large
40.0,6.0,12.0,4,97.0,3.0,aerobic,all_mechanisms,yes,29.0,soil,filler,30.0,no_additive,0.0,no_additive,0.0,sheets,bacteria_dominated,large
42.0,7.0,12.0,4,97.0,3.0,aerobic,all_mechanisms,yes,29.0,soil,filler,30.0,no_additive,0.0,no_additive,0.0,sheets,bacteria_dominated,large
44.0,7.0,12.0,4,97.0,3.0,aerobic,all_mechanisms,yes,29.0,soil,filler,30.0,no_additive,0.0,no_additive,0.0,sheets,bacteria_dominated,large
49.0,8.0,12.0,4,97.0,3.0,aerobic,all_mechanisms,yes,29.0,soil,filler,30.0,no_additive,0.0,no_additive,0.0,sheets,bacteria_dominated,large
54.0,9.0,12.0,4,97.0,3.0,aerobic,all_mechanisms,yes,29.0,soil,filler,30.0,no_additive,0.0,no_additive,0.0,sheets,bacteria_dominated,large
56.0,9.0,12.0,4,97.0,3.0,aerobic,all_mechanisms,yes,29.0,soil,filler,30.0,no_additive,0.0,no_additive,0.0,sheets,bacteria_dominated,large
58.0,10.0,12.0,4,97.0,3.0,aerobic,all_mechanisms,yes,29.0,soil,filler,30.0,no_additive,0.0,no_additive,0.0,sheets,bacteria_dominated,large
60.0,10.0,12.0,4,97.0,3.0,aerobic,all_mechanisms,yes,29.0,soil,filler,30.0,no_additive,0.0,no_additive,0.0,sheets,bacteria_dominated,large
62.0,11.0,12.0,4,97.0,3.0,aerobic,all_mechanisms,yes,29.0,soil,filler,30.0,no_additive,0.0,no_additive,0.0,sheets,bacteria_dominated,large
64.0,12.0,12.0,4,97.0,3.0,aerobic,all_mechanisms,yes,29.0,soil,filler,30.0,no_additive,0.0,no_additive,0.0,sheets,bacteria_dominated,large
67.0,12.0,12.0,4,97.0,3.0,aerobic,all_mechanisms,yes,29.0,soil,filler,30.0,no_additive,0.0,no_additive,0.0,sheets,bacteria_dominated,large
69.0,13.0,12.0,4,97.0,3.0,aerobic,all_mechanisms,yes,29.0,soil,filler,30.0,no_additive,0.0,no_additive,0.0,sheets,bacteria_dominated,large
71.0,14.0,12.0,4,97.0,3.0,aerobic,all_mechanisms,yes,29.0,soil,filler,30.0,no_additive,0.0,no_additive,0.0,sheets,bacteria_dominated,large
73.0,15.0,12.0,4,97.0,3.0,aerobic,all_mechanisms,yes,29.0,soil,filler,30.0,no_additive,0.0,no_additive,0.0,sheets,bacteria_dominated,large
75.0,16.0,12.0,4,97.0,3.0,aerobic,all_mechanisms,yes,29.0,soil,filler,30.0,no_additive,0.0,no_additive,0.0,sheets,bacteria_dominated,large
77.0,17.0,12.0,4,97.0,3.0,aerobic,all_mechanisms,yes,29.0,soil,filler,30.0,no_additive,0.0,no_additive,0.0,sheets,bacteria_dominated,large
80.0,17.0,12.0,4,97.0,3.0,aerobic,all_mechanisms,yes,29.0,soil,filler,30.0,no_additive,0.0,no_additive,0.0,sheets,bacteria_dominated,large
82.0,18.0,12.0,4,97.0,3.0,aerobic,all_mechanisms,yes,29.0,soil,filler,30.0,no_additive,0.0,no_additive,0.0,sheets,bacteria_dominated,large
84.0,19.0,12.0,4,97.0,3.0,aerobic,all_mechanisms,yes,29.0,soil,filler,30.0,no_additive,0.0,no_additive,0.0,sheets,bacteria_dominated,large
86.0,20.0,12.0,4,97.0,3.0,aerobic,all_mechanisms,yes,29.0,soil,filler,30.0,no_additive,0.0,no_additive,0.0,sheets,bacteria_dominated,large
88.0,21.0,12.0,4,97.0,3.0,aerobic,all_mechanisms,yes,29.0,soil,filler,30.0,no_additive,0.0,no_additive,0.0,sheets,bacteria_dominated,large
90.0,21.0,12.0,4,97.0,3.0,aerobic,all_mechanisms,yes,29.0,soil,filler,30.0,no_additive,0.0,no_additive,0.0,sheets,bacteria_dominated,large
93.0,22.0,12.0,4,97.0,3.0,aerobic,all_mechanisms,yes,29.0,soil,filler,30.0,no_additive,0.0,no_additive,0.0,sheets,bacteria_dominated,large
95.0,23.0,12.0,4,97.0,3.0,aerobic,all_mechanisms,yes,29.0,soil,filler,30.0,no_additive,0.0,no_additive,0.0,sheets,bacteria_dominated,large
99.0,24.0,12.0,4,97.0,3.0,aerobic,all_mechanisms,yes,29.0,soil,filler,30.0,no_additive,0.0,no_additive,0.0,sheets,bacteria_dominated,large
104.0,25.0,12.0,4,97.0,3.0,aerobic,all_mechanisms,yes,29.0,soil,filler,30.0,no_additive,0.0,no_additive,0.0,sheets,bacteria_dominated,large
110.0,27.0,12.0,4,97.0,3.0,aerobic,all_mechanisms,yes,29.0,soil,filler,30.0,no_additive,0.0,no_additive,0.0,sheets,bacteria_dominated,large
117.0,29.0,12.0,4,97.0,3.0,aerobic,all_mechanisms,yes,29.0,soil,filler,30.0,no_additive,0.0,no_additive,0.0,sheets,bacteria_dominated,large
6.0,1.0,12.0,5,97.0,3.0,aerobic,all_mechanisms,yes,29.0,soil,filler,40.0,no_additive,0.0,no_additive,0.0,sheets,bacteria_dominated,large
11.0,2.0,12.0,5,97.0,3.0,aerobic,all_mechanisms,yes,29.0,soil,filler,40.0,no_additive,0.0,no_additive,0.0,sheets,bacteria_dominated,large
19.0,3.0,12.0,5,97.0,3.0,aerobic,all_mechanisms,yes,29.0,soil,filler,40.0,no_additive,0.0,no_additive,0.0,sheets,bacteria_dominated,large
28.0,5.0,12.0,5,97.0,3.0,aerobic,all_mechanisms,yes,29.0,soil,filler,40.0,no_additive,0.0,no_additive,0.0,sheets,bacteria_dominated,large
35.0,7.0,12.0,5,97.0,3.0,aerobic,all_mechanisms,yes,29.0,soil,filler,40.0,no_additive,0.0,no_additive,0.0,sheets,bacteria_dominated,large
40.0,8.0,12.0,5,97.0,3.0,aerobic,all_mechanisms,yes,29.0,soil,filler,40.0,no_additive,0.0,no_additive,0.0,sheets,bacteria_dominated,large
46.0,10.0,12.0,5,97.0,3.0,aerobic,all_mechanisms,yes,29.0,soil,filler,40.0,no_additive,0.0,no_additive,0.0,sheets,bacteria_dominated,large
51.0,11.0,12.0,5,97.0,3.0,aerobic,all_mechanisms,yes,29.0,soil,filler,40.0,no_additive,0.0,no_additive,0.0,sheets,bacteria_dominated,large
56.0,12.0,12.0,5,97.0,3.0,aerobic,all_mechanisms,yes,29.0,soil,filler,40.0,no_additive,0.0,no_additive,0.0,sheets,bacteria_dominated,large
60.0,13.0,12.0,5,97.0,3.0,aerobic,all_mechanisms,yes,29.0,soil,filler,40.0,no_additive,0.0,no_additive,0.0,sheets,bacteria_dominated,large
64.0,15.0,12.0,5,97.0,3.0,aerobic,all_mechanisms,yes,29.0,soil,filler,40.0,no_additive,0.0,no_additive,0.0,sheets,bacteria_dominated,large
67.0,16.0,12.0,5,97.0,3.0,aerobic,all_mechanisms,yes,29.0,soil,filler,40.0,no_additive,0.0,no_additive,0.0,sheets,bacteria_dominated,large
70.0,18.0,12.0,5,97.0,3.0,aerobic,all_mechanisms,yes,29.0,soil,filler,40.0,no_additive,0.0,no_additive,0.0,sheets,bacteria_dominated,large
75.0,20.0,12.0,5,97.0,3.0,aerobic,all_mechanisms,yes,29.0,soil,filler,40.0,no_additive,0.0,no_additive,0.0,sheets,bacteria_dominated,large
79.0,22.0,12.0,5,97.0,3.0,aerobic,all_mechanisms,yes,29.0,soil,filler,40.0,no_additive,0.0,no_additive,0.0,sheets,bacteria_dominated,large
82.0,23.0,12.0,5,97.0,3.0,aerobic,all_mechanisms,yes,29.0,soil,filler,40.0,no_additive,0.0,no_additive,0.0,sheets,bacteria_dominated,large
86.0,25.0,12.0,5,97.0,3.0,aerobic,all_mechanisms,yes,29.0,soil,filler,40.0,no_additive,0.0,no_additive,0.0,sheets,bacteria_dominated,large
90.0,27.0,12.0,5,97.0,3.0,aerobic,all_mechanisms,yes,29.0,soil,filler,40.0,no_additive,0.0,no_additive,0.0,sheets,bacteria_dominated,large
94.0,28.0,12.0,5,97.0,3.0,aerobic,all_mechanisms,yes,29.0,soil,filler,40.0,no_additive,0.0,no_additive,0.0,sheets,bacteria_dominated,large
98.0,30.0,12.0,5,97.0,3.0,aerobic,all_mechanisms,yes,29.0,soil,filler,40.0,no_additive,0.0,no_additive,0.0,sheets,bacteria_dominated,large
102.0,32.0,12.0,5,97.0,3.0,aerobic,all_mechanisms,yes,29.0,soil,filler,40.0,no_additive,0.0,no_additive,0.0,sheets,bacteria_dominated,large
107.0,33.0,12.0,5,97.0,3.0,aerobic,all_mechanisms,yes,29.0,soil,filler,40.0,no_additive,0.0,no_additive,0.0,sheets,bacteria_dominated,large
111.0,35.0,12.0,5,97.0,3.0,aerobic,all_mechanisms,yes,29.0,soil,filler,40.0,no_additive,0.0,no_additive,0.0,sheets,bacteria_dominated,large
114.0,36.0,12.0,5,97.0,3.0,aerobic,all_mechanisms,yes,29.0,soil,filler,40.0,no_additive,0.0,no_additive,0.0,sheets,bacteria_dominated,large
117.0,37.0,12.0,5,97.0,3.0,aerobic,all_mechanisms,yes,29.0,soil,filler,40.0,no_additive,0.0,no_additive,0.0,sheets,bacteria_dominated,large
120.0,38.0,12.0,5,97.0,3.0,aerobic,all_mechanisms,yes,29.0,soil,filler,40.0,no_additive,0.0,no_additive,0.0,sheets,bacteria_dominated,large
2.0,0.0,12.0,6,97.0,3.0,aerobic,all_mechanisms,yes,29.0,soil,filler,50.0,no_additive,0.0,no_additive,0.0,sheets,bacteria_dominated,large
4.0,1.0,12.0,6,97.0,3.0,aerobic,all_mechanisms,yes,29.0,soil,filler,50.0,no_additive,0.0,no_additive,0.0,sheets,bacteria_dominated,large
6.0,1.0,12.0,6,97.0,3.0,aerobic,all_mechanisms,yes,29.0,soil,filler,50.0,no_additive,0.0,no_additive,0.0,sheets,bacteria_dominated,large
8.0,2.0,12.0,6,97.0,3.0,aerobic,all_mechanisms,yes,29.0,soil,filler,50.0,no_additive,0.0,no_additive,0.0,sheets,bacteria_dominated,large
10.0,3.0,12.0,6,97.0,3.0,aerobic,all_mechanisms,yes,29.0,soil,filler,50.0,no_additive,0.0,no_additive,0.0,sheets,bacteria_dominated,large
12.0,3.0,12.0,6,97.0,3.0,aerobic,all_mechanisms,yes,29.0,soil,filler,50.0,no_additive,0.0,no_additive,0.0,sheets,bacteria_dominated,large
15.0,4.0,12.0,6,97.0,3.0,aerobic,all_mechanisms,yes,29.0,soil,filler,50.0,no_additive,0.0,no_additive,0.0,sheets,bacteria_dominated,large
18.0,5.0,12.0,6,97.0,3.0,aerobic,all_mechanisms,yes,29.0,soil,filler,50.0,no_additive,0.0,no_additive,0.0,sheets,bacteria_dominated,large
22.0,6.0,12.0,6,97.0,3.0,aerobic,all_mechanisms,yes,29.0,soil,filler,50.0,no_additive,0.0,no_additive,0.0,sheets,bacteria_dominated,large
24.0,7.0,12.0,6,97.0,3.0,aerobic,all_mechanisms,yes,29.0,soil,filler,50.0,no_additive,0.0,no_additive,0.0,sheets,bacteria_dominated,large
26.0,7.0,12.0,6,97.0,3.0,aerobic,all_mechanisms,yes,29.0,soil,filler,50.0,no_additive,0.0,no_additive,0.0,sheets,bacteria_dominated,large
28.0,8.0,12.0,6,97.0,3.0,aerobic,all_mechanisms,yes,29.0,soil,filler,50.0,no_additive,0.0,no_additive,0.0,sheets,bacteria_dominated,large
30.0,9.0,12.0,6,97.0,3.0,aerobic,all_mechanisms,yes,29.0,soil,filler,50.0,no_additive,0.0,no_additive,0.0,sheets,bacteria_dominated,large
32.0,9.0,12.0,6,97.0,3.0,aerobic,all_mechanisms,yes,29.0,soil,filler,50.0,no_additive,0.0,no_additive,0.0,sheets,bacteria_dominated,large
35.0,10.0,12.0,6,97.0,3.0,aerobic,all_mechanisms,yes,29.0,soil,filler,50.0,no_additive,0.0,no_additive,0.0,sheets,bacteria_dominated,large
37.0,11.0,12.0,6,97.0,3.0,aerobic,all_mechanisms,yes,29.0,soil,filler,50.0,no_additive,0.0,no_additive,0.0,sheets,bacteria_dominated,large
39.0,11.0,12.0,6,97.0,3.0,aerobic,all_mechanisms,yes,29.0,soil,filler,50.0,no_additive,0.0,no_additive,0.0,sheets,bacteria_dominated,large
41.0,12.0,12.0,6,97.0,3.0,aerobic,all_mechanisms,yes,29.0,soil,filler,50.0,no_additive,0.0,no_additive,0.0,sheets,bacteria_dominated,large
43.0,12.0,12.0,6,97.0,3.0,aerobic,all_mechanisms,yes,29.0,soil,filler,50.0,no_additive,0.0,no_additive,0.0,sheets,bacteria_dominated,large
49.0,14.0,12.0,6,97.0,3.0,aerobic,all_mechanisms,yes,29.0,soil,filler,50.0,no_additive,0.0,no_additive,0.0,sheets,bacteria_dominated,large
52.0,15.0,12.0,6,97.0,3.0,aerobic,all_mechanisms,yes,29.0,soil,filler,50.0,no_additive,0.0,no_additive,0.0,sheets,bacteria_dominated,large
56.0,16.0,12.0,6,97.0,3.0,aerobic,all_mechanisms,yes,29.0,soil,filler,50.0,no_additive,0.0,no_additive,0.0,sheets,bacteria_dominated,large
58.0,17.0,12.0,6,97.0,3.0,aerobic,all_mechanisms,yes,29.0,soil,filler,50.0,no_additive,0.0,no_additive,0.0,sheets,bacteria_dominated,large
60.0,17.0,12.0,6,97.0,3.0,aerobic,all_mechanisms,yes,29.0,soil,filler,50.0,no_additive,0.0,no_additive,0.0,sheets,bacteria_dominated,large
62.0,19.0,12.0,6,97.0,3.0,aerobic,all_mechanisms,yes,29.0,soil,filler,50.0,no_additive,0.0,no_additive,0.0,sheets,bacteria_dominated,large
65.0,20.0,12.0,6,97.0,3.0,aerobic,all_mechanisms,yes,29.0,soil,filler,50.0,no_additive,0.0,no_additive,0.0,sheets,bacteria_dominated,large
67.0,21.0,12.0,6,97.0,3.0,aerobic,all_mechanisms,yes,29.0,soil,filler,50.0,no_additive,0.0,no_additive,0.0,sheets,bacteria_dominated,large
69.0,22.0,12.0,6,97.0,3.0,aerobic,all_mechanisms,yes,29.0,soil,filler,50.0,no_additive,0.0,no_additive,0.0,sheets,bacteria_dominated,large
71.0,24.0,12.0,6,97.0,3.0,aerobic,all_mechanisms,yes,29.0,soil,filler,50.0,no_additive,0.0,no_additive,0.0,sheets,bacteria_dominated,large
73.0,25.0,12.0,6,97.0,3.0,aerobic,all_mechanisms,yes,29.0,soil,filler,50.0,no_additive,0.0,no_additive,0.0,sheets,bacteria_dominated,large
75.0,26.0,12.0,6,97.0,3.0,aerobic,all_mechanisms,yes,29.0,soil,filler,50.0,no_additive,0.0,no_additive,0.0,sheets,bacteria_dominated,large
78.0,27.0,12.0,6,97.0,3.0,aerobic,all_mechanisms,yes,29.0,soil,filler,50.0,no_additive,0.0,no_additive,0.0,sheets,bacteria_dominated,large
80.0,29.0,12.0,6,97.0,3.0,aerobic,all_mechanisms,yes,29.0,soil,filler,50.0,no_additive,0.0,no_additive,0.0,sheets,bacteria_dominated,large
82.0,30.0,12.0,6,97.0,3.0,aerobic,all_mechanisms,yes,29.0,soil,filler,50.0,no_additive,0.0,no_additive,0.0,sheets,bacteria_dominated,large
84.0,31.0,12.0,6,97.0,3.0,aerobic,all_mechanisms,yes,29.0,soil,filler,50.0,no_additive,0.0,no_additive,0.0,sheets,bacteria_dominated,large
86.0,32.0,12.0,6,97.0,3.0,aerobic,all_mechanisms,yes,29.0,soil,filler,50.0,no_additive,0.0,no_additive,0.0,sheets,bacteria_dominated,large
88.0,34.0,12.0,6,97.0,3.0,aerobic,all_mechanisms,yes,29.0,soil,filler,50.0,no_additive,0.0,no_additive,0.0,sheets,bacteria_dominated,large
91.0,35.0,12.0,6,97.0,3.0,aerobic,all_mechanisms,yes,29.0,soil,filler,50.0,no_additive,0.0,no_additive,0.0,sheets,bacteria_dominated,large
95.0,37.0,12.0,6,97.0,3.0,aerobic,all_mechanisms,yes,29.0,soil,filler,50.0,no_additive,0.0,no_additive,0.0,sheets,bacteria_dominated,large
97.0,37.0,12.0,6,97.0,3.0,aerobic,all_mechanisms,yes,29.0,soil,filler,50.0,no_additive,0.0,no_additive,0.0,sheets,bacteria_dominated,large
99.0,38.0,12.0,6,97.0,3.0,aerobic,all_mechanisms,yes,29.0,soil,filler,50.0,no_additive,0.0,no_additive,0.0,sheets,bacteria_dominated,large
101.0,39.0,12.0,6,97.0,3.0,aerobic,all_mechanisms,yes,29.0,soil,filler,50.0,no_additive,0.0,no_additive,0.0,sheets,bacteria_dominated,large
103.0,40.0,12.0,6,97.0,3.0,aerobic,all_mechanisms,yes,29.0,soil,filler,50.0,no_additive,0.0,no_additive,0.0,sheets,bacteria_dominated,large
106.0,41.0,12.0,6,97.0,3.0,aerobic,all_mechanisms,yes,29.0,soil,filler,50.0,no_additive,0.0,no_additive,0.0,sheets,bacteria_dominated,large
108.0,42.0,12.0,6,97.0,3.0,aerobic,all_mechanisms,yes,29.0,soil,filler,50.0,no_additive,0.0,no_additive,0.0,sheets,bacteria_dominated,large
110.0,42.0,12.0,6,97.0,3.0,aerobic,all_mechanisms,yes,29.0,soil,filler,50.0,no_additive,0.0,no_additive,0.0,sheets,bacteria_dominated,large
112.0,43.0,12.0,6,97.0,3.0,aerobic,all_mechanisms,yes,29.0,soil,filler,50.0,no_additive,0.0,no_additive,0.0,sheets,bacteria_dominated,large
114.0,44.0,12.0,6,97.0,3.0,aerobic,all_mechanisms,yes,29.0,soil,filler,50.0,no_additive,0.0,no_additive,0.0,sheets,bacteria_dominated,large
116.0,45.0,12.0,6,97.0,3.0,aerobic,all_mechanisms,yes,29.0,soil,filler,50.0,no_additive,0.0,no_additive,0.0,sheets,bacteria_dominated,large
119.0,46.0,12.0,6,97.0,3.0,aerobic,all_mechanisms,yes,29.0,soil,filler,50.0,no_additive,0.0,no_additive,0.0,sheets,bacteria_dominated,large
16.0,1.0,13.0,1,96.6,3.4,aerobic,all_mechanisms,no,22.9,soil,no_additive,0.0,no_additive,0.0,no_additive,0.0,films,bacteria_dominated,lab
19.0,1.0,13.0,1,96.6,3.4,aerobic,all_mechanisms,no,22.9,soil,no_additive,0.0,no_additive,0.0,no_additive,0.0,films,bacteria_dominated,lab
20.0,1.0,13.0,1,96.6,3.4,aerobic,all_mechanisms,no,22.9,soil,no_additive,0.0,no_additive,0.0,no_additive,0.0,films,bacteria_dominated,lab
22.0,1.0,13.0,1,96.6,3.4,aerobic,all_mechanisms,no,22.9,soil,no_additive,0.0,no_additive,0.0,no_additive,0.0,films,bacteria_dominated,lab
25.0,2.0,13.0,1,96.6,3.4,aerobic,all_mechanisms,no,22.9,soil,no_additive,0.0,no_additive,0.0,no_additive,0.0,films,bacteria_dominated,lab
27.0,2.0,13.0,1,96.6,3.4,aerobic,all_mechanisms,no,22.9,soil,no_additive,0.0,no_additive,0.0,no_additive,0.0,films,bacteria_dominated,lab
30.0,2.0,13.0,1,96.6,3.4,aerobic,all_mechanisms,no,22.9,soil,no_additive,0.0,no_additive,0.0,no_additive,0.0,films,bacteria_dominated,lab
32.0,3.0,13.0,1,96.6,3.4,aerobic,all_mechanisms,no,22.9,soil,no_additive,0.0,no_additive,0.0,no_additive,0.0,films,bacteria_dominated,lab
35.0,3.0,13.0,1,96.6,3.4,aerobic,all_mechanisms,no,22.9,soil,no_additive,0.0,no_additive,0.0,no_additive,0.0,films,bacteria_dominated,lab
37.0,3.0,13.0,1,96.6,3.4,aerobic,all_mechanisms,no,22.9,soil,no_additive,0.0,no_additive,0.0,no_additive,0.0,films,bacteria_dominated,lab
39.0,4.0,13.0,1,96.6,3.4,aerobic,all_mechanisms,no,22.9,soil,no_additive,0.0,no_additive,0.0,no_additive,0.0,films,bacteria_dominated,lab
41.0,4.0,13.0,1,96.6,3.4,aerobic,all_mechanisms,no,22.9,soil,no_additive,0.0,no_additive,0.0,no_additive,0.0,films,bacteria_dominated,lab
44.0,4.0,13.0,1,96.6,3.4,aerobic,all_mechanisms,no,22.9,soil,no_additive,0.0,no_additive,0.0,no_additive,0.0,films,bacteria_dominated,lab
46.0,4.0,13.0,1,96.6,3.4,aerobic,all_mechanisms,no,22.9,soil,no_additive,0.0,no_additive,0.0,no_additive,0.0,films,bacteria_dominated,lab
49.0,4.0,13.0,1,96.6,3.4,aerobic,all_mechanisms,no,22.9,soil,no_additive,0.0,no_additive,0.0,no_additive,0.0,films,bacteria_dominated,lab
52.0,4.0,13.0,1,96.6,3.4,aerobic,all_mechanisms,no,22.9,soil,no_additive,0.0,no_additive,0.0,no_additive,0.0,films,bacteria_dominated,lab
55.0,5.0,13.0,1,96.6,3.4,aerobic,all_mechanisms,no,22.9,soil,no_additive,0.0,no_additive,0.0,no_additive,0.0,films,bacteria_dominated,lab
57.0,5.0,13.0,1,96.6,3.4,aerobic,all_mechanisms,no,22.9,soil,no_additive,0.0,no_additive,0.0,no_additive,0.0,films,bacteria_dominated,lab
60.0,5.0,13.0,1,96.6,3.4,aerobic,all_mechanisms,no,22.9,soil,no_additive,0.0,no_additive,0.0,no_additive,0.0,films,bacteria_dominated,lab
63.0,5.0,13.0,1,96.6,3.4,aerobic,all_mechanisms,no,22.9,soil,no_additive,0.0,no_additive,0.0,no_additive,0.0,films,bacteria_dominated,lab
65.0,6.0,13.0,1,96.6,3.4,aerobic,all_mechanisms,no,22.9,soil,no_additive,0.0,no_additive,0.0,no_additive,0.0,films,bacteria_dominated,lab
68.0,6.0,13.0,1,96.6,3.4,aerobic,all_mechanisms,no,22.9,soil,no_additive,0.0,no_additive,0.0,no_additive,0.0,films,bacteria_dominated,lab
70.0,7.0,13.0,1,96.6,3.4,aerobic,all_mechanisms,no,22.9,soil,no_additive,0.0,no_additive,0.0,no_additive,0.0,films,bacteria_dominated,lab
71.0,8.0,13.0,1,96.6,3.4,aerobic,all_mechanisms,no,22.9,soil,no_additive,0.0,no_additive,0.0,no_additive,0.0,films,bacteria_dominated,lab
74.0,9.0,13.0,1,96.6,3.4,aerobic,all_mechanisms,no,22.9,soil,no_additive,0.0,no_additive,0.0,no_additive,0.0,films,bacteria_dominated,lab
77.0,11.0,13.0,1,96.6,3.4,aerobic,all_mechanisms,no,22.9,soil,no_additive,0.0,no_additive,0.0,no_additive,0.0,films,bacteria_dominated,lab
79.0,13.0,13.0,1,96.6,3.4,aerobic,all_mechanisms,no,22.9,soil,no_additive,0.0,no_additive,0.0,no_additive,0.0,films,bacteria_dominated,lab
83.0,16.0,13.0,1,96.6,3.4,aerobic,all_mechanisms,no,22.9,soil,no_additive,0.0,no_additive,0.0,no_additive,0.0,films,bacteria_dominated,lab
16.0,2.0,13.0,2,96.6,3.4,aerobic,all_mechanisms,yes,22.9,soil,plasticizer,8.0,no_additive,0.0,no_additive,0.0,films,bacteria_dominated,lab
18.0,2.0,13.0,2,96.6,3.4,aerobic,all_mechanisms,yes,22.9,soil,plasticizer,8.0,no_additive,0.0,no_additive,0.0,films,bacteria_dominated,lab
21.0,3.0,13.0,2,96.6,3.4,aerobic,all_mechanisms,yes,22.9,soil,plasticizer,8.0,no_additive,0.0,no_additive,0.0,films,bacteria_dominated,lab
24.0,5.0,13.0,2,96.6,3.4,aerobic,all_mechanisms,yes,22.9,soil,plasticizer,8.0,no_additive,0.0,no_additive,0.0,films,bacteria_dominated,lab
27.0,6.0,13.0,2,96.6,3.4,aerobic,all_mechanisms,yes,22.9,soil,plasticizer,8.0,no_additive,0.0,no_additive,0.0,films,bacteria_dominated,lab
30.0,7.0,13.0,2,96.6,3.4,aerobic,all_mechanisms,yes,22.9,soil,plasticizer,8.0,no_additive,0.0,no_additive,0.0,films,bacteria_dominated,lab
32.0,8.0,13.0,2,96.6,3.4,aerobic,all_mechanisms,yes,22.9,soil,plasticizer,8.0,no_additive,0.0,no_additive,0.0,films,bacteria_dominated,lab
35.0,9.0,13.0,2,96.6,3.4,aerobic,all_mechanisms,yes,22.9,soil,plasticizer,8.0,no_additive,0.0,no_additive,0.0,films,bacteria_dominated,lab
37.0,10.0,13.0,2,96.6,3.4,aerobic,all_mechanisms,yes,22.9,soil,plasticizer,8.0,no_additive,0.0,no_additive,0.0,films,bacteria_dominated,lab
40.0,11.0,13.0,2,96.6,3.4,aerobic,all_mechanisms,yes,22.9,soil,plasticizer,8.0,no_additive,0.0,no_additive,0.0,films,bacteria_dominated,lab
42.0,12.0,13.0,2,96.6,3.4,aerobic,all_mechanisms,yes,22.9,soil,plasticizer,8.0,no_additive,0.0,no_additive,0.0,films,bacteria_dominated,lab
44.0,12.0,13.0,2,96.6,3.4,aerobic,all_mechanisms,yes,22.9,soil,plasticizer,8.0,no_additive,0.0,no_additive,0.0,films,bacteria_dominated,lab
46.0,12.0,13.0,2,96.6,3.4,aerobic,all_mechanisms,yes,22.9,soil,plasticizer,8.0,no_additive,0.0,no_additive,0.0,films,bacteria_dominated,lab
49.0,12.0,13.0,2,96.6,3.4,aerobic,all_mechanisms,yes,22.9,soil,plasticizer,8.0,no_additive,0.0,no_additive,0.0,films,bacteria_dominated,lab
51.0,12.0,13.0,2,96.6,3.4,aerobic,all_mechanisms,yes,22.9,soil,plasticizer,8.0,no_additive,0.0,no_additive,0.0,films,bacteria_dominated,lab
54.0,13.0,13.0,2,96.6,3.4,aerobic,all_mechanisms,yes,22.9,soil,plasticizer,8.0,no_additive,0.0,no_additive,0.0,films,bacteria_dominated,lab
56.0,13.0,13.0,2,96.6,3.4,aerobic,all_mechanisms,yes,22.9,soil,plasticizer,8.0,no_additive,0.0,no_additive,0.0,films,bacteria_dominated,lab
58.0,14.0,13.0,2,96.6,3.4,aerobic,all_mechanisms,yes,22.9,soil,plasticizer,8.0,no_additive,0.0,no_additive,0.0,films,bacteria_dominated,lab
60.0,15.0,13.0,2,96.6,3.4,aerobic,all_mechanisms,yes,22.9,soil,plasticizer,8.0,no_additive,0.0,no_additive,0.0,films,bacteria_dominated,lab
63.0,17.0,13.0,2,96.6,3.4,aerobic,all_mechanisms,yes,22.9,soil,plasticizer,8.0,no_additive,0.0,no_additive,0.0,films,bacteria_dominated,lab
65.0,19.0,13.0,2,96.6,3.4,aerobic,all_mechanisms,yes,22.9,soil,plasticizer,8.0,no_additive,0.0,no_additive,0.0,films,bacteria_dominated,lab
68.0,20.0,13.0,2,96.6,3.4,aerobic,all_mechanisms,yes,22.9,soil,plasticizer,8.0,no_additive,0.0,no_additive,0.0,films,bacteria_dominated,lab
69.0,21.0,13.0,2,96.6,3.4,aerobic,all_mechanisms,yes,22.9,soil,plasticizer,8.0,no_additive,0.0,no_additive,0.0,films,bacteria_dominated,lab
70.0,23.0,13.0,2,96.6,3.4,aerobic,all_mechanisms,yes,22.9,soil,plasticizer,8.0,no_additive,0.0,no_additive,0.0,films,bacteria_dominated,lab
72.0,26.0,13.0,2,96.6,3.4,aerobic,all_mechanisms,yes,22.9,soil,plasticizer,8.0,no_additive,0.0,no_additive,0.0,films,bacteria_dominated,lab
74.0,29.0,13.0,2,96.6,3.4,aerobic,all_mechanisms,yes,22.9,soil,plasticizer,8.0,no_additive,0.0,no_additive,0.0,films,bacteria_dominated,lab
76.0,33.0,13.0,2,96.6,3.4,aerobic,all_mechanisms,yes,22.9,soil,plasticizer,8.0,no_additive,0.0,no_additive,0.0,films,bacteria_dominated,lab
78.0,37.0,13.0,2,96.6,3.4,aerobic,all_mechanisms,yes,22.9,soil,plasticizer,8.0,no_additive,0.0,no_additive,0.0,films,bacteria_dominated,lab
80.0,40.0,13.0,2,96.6,3.4,aerobic,all_mechanisms,yes,22.9,soil,plasticizer,8.0,no_additive,0.0,no_additive,0.0,films,bacteria_dominated,lab
82.0,44.0,13.0,2,96.6,3.4,aerobic,all_mechanisms,yes,22.9,soil,plasticizer,8.0,no_additive,0.0,no_additive,0.0,films,bacteria_dominated,lab
84.0,46.0,13.0,2,96.6,3.4,aerobic,all_mechanisms,yes,22.9,soil,plasticizer,8.0,no_additive,0.0,no_additive,0.0,films,bacteria_dominated,lab
20.0,3.0,13.0,3,96.6,3.4,aerobic,all_mechanisms,yes,22.9,soil,plasticizer,8.0,filler,3.0,no_additive,0.0,films,bacteria_dominated,lab
23.0,3.0,13.0,3,96.6,3.4,aerobic,all_mechanisms,yes,22.9,soil,plasticizer,8.0,filler,3.0,no_additive,0.0,films,bacteria_dominated,lab
25.0,4.0,13.0,3,96.6,3.4,aerobic,all_mechanisms,yes,22.9,soil,plasticizer,8.0,filler,3.0,no_additive,0.0,films,bacteria_dominated,lab
27.0,5.0,13.0,3,96.6,3.4,aerobic,all_mechanisms,yes,22.9,soil,plasticizer,8.0,filler,3.0,no_additive,0.0,films,bacteria_dominated,lab
30.0,6.0,13.0,3,96.6,3.4,aerobic,all_mechanisms,yes,22.9,soil,plasticizer,8.0,filler,3.0,no_additive,0.0,films,bacteria_dominated,lab
32.0,7.0,13.0,3,96.6,3.4,aerobic,all_mechanisms,yes,22.9,soil,plasticizer,8.0,filler,3.0,no_additive,0.0,films,bacteria_dominated,lab
35.0,8.0,13.0,3,96.6,3.4,aerobic,all_mechanisms,yes,22.9,soil,plasticizer,8.0,filler,3.0,no_additive,0.0,films,bacteria_dominated,lab
37.0,9.0,13.0,3,96.6,3.4,aerobic,all_mechanisms,yes,22.9,soil,plasticizer,8.0,filler,3.0,no_additive,0.0,films,bacteria_dominated,lab
41.0,10.0,13.0,3,96.6,3.4,aerobic,all_mechanisms,yes,22.9,soil,plasticizer,8.0,filler,3.0,no_additive,0.0,films,bacteria_dominated,lab
44.0,11.0,13.0,3,96.6,3.4,aerobic,all_mechanisms,yes,22.9,soil,plasticizer,8.0,filler,3.0,no_additive,0.0,films,bacteria_dominated,lab
46.0,11.0,13.0,3,96.6,3.4,aerobic,all_mechanisms,yes,22.9,soil,plasticizer,8.0,filler,3.0,no_additive,0.0,films,bacteria_dominated,lab
49.0,11.0,13.0,3,96.6,3.4,aerobic,all_mechanisms,yes,22.9,soil,plasticizer,8.0,filler,3.0,no_additive,0.0,films,bacteria_dominated,lab
51.0,11.0,13.0,3,96.6,3.4,aerobic,all_mechanisms,yes,22.9,soil,plasticizer,8.0,filler,3.0,no_additive,0.0,films,bacteria_dominated,lab
54.0,11.0,13.0,3,96.6,3.4,aerobic,all_mechanisms,yes,22.9,soil,plasticizer,8.0,filler,3.0,no_additive,0.0,films,bacteria_dominated,lab
58.0,14.0,13.0,3,96.6,3.4,aerobic,all_mechanisms,yes,22.9,soil,plasticizer,8.0,filler,3.0,no_additive,0.0,films,bacteria_dominated,lab
60.0,18.0,13.0,3,96.6,3.4,aerobic,all_mechanisms,yes,22.9,soil,plasticizer,8.0,filler,3.0,no_additive,0.0,films,bacteria_dominated,lab
63.0,21.0,13.0,3,96.6,3.4,aerobic,all_mechanisms,yes,22.9,soil,plasticizer,8.0,filler,3.0,no_additive,0.0,films,bacteria_dominated,lab
65.0,24.0,13.0,3,96.6,3.4,aerobic,all_mechanisms,yes,22.9,soil,plasticizer,8.0,filler,3.0,no_additive,0.0,films,bacteria_dominated,lab
69.0,28.0,13.0,3,96.6,3.4,aerobic,all_mechanisms,yes,22.9,soil,plasticizer,8.0,filler,3.0,no_additive,0.0,films,bacteria_dominated,lab
70.0,29.0,13.0,3,96.6,3.4,aerobic,all_mechanisms,yes,22.9,soil,plasticizer,8.0,filler,3.0,no_additive,0.0,films,bacteria_dominated,lab
71.0,29.0,13.0,3,96.6,3.4,aerobic,all_mechanisms,yes,22.9,soil,plasticizer,8.0,filler,3.0,no_additive,0.0,films,bacteria_dominated,lab
74.0,30.0,13.0,3,96.6,3.4,aerobic,all_mechanisms,yes,22.9,soil,plasticizer,8.0,filler,3.0,no_additive,0.0,films,bacteria_dominated,lab
77.0,30.0,13.0,3,96.6,3.4,aerobic,all_mechanisms,yes,22.9,soil,plasticizer,8.0,filler,3.0,no_additive,0.0,films,bacteria_dominated,lab
79.0,31.0,13.0,3,96.6,3.4,aerobic,all_mechanisms,yes,22.9,soil,plasticizer,8.0,filler,3.0,no_additive,0.0,films,bacteria_dominated,lab
83.0,32.0,13.0,3,96.6,3.4,aerobic,all_mechanisms,yes,22.9,soil,plasticizer,8.0,filler,3.0,no_additive,0.0,films,bacteria_dominated,lab
11.0,2.0,13.0,4,96.6,3.4,aerobic,all_mechanisms,yes,22.9,soil,plasticizer,5.6,filler,5.4,no_additive,0.0,films,bacteria_dominated,lab
14.0,2.0,13.0,4,96.6,3.4,aerobic,all_mechanisms,yes,22.9,soil,plasticizer,5.6,filler,5.4,no_additive,0.0,films,bacteria_dominated,lab
16.0,3.0,13.0,4,96.6,3.4,aerobic,all_mechanisms,yes,22.9,soil,plasticizer,5.6,filler,5.4,no_additive,0.0,films,bacteria_dominated,lab
20.0,3.0,13.0,4,96.6,3.4,aerobic,all_mechanisms,yes,22.9,soil,plasticizer,5.6,filler,5.4,no_additive,0.0,films,bacteria_dominated,lab
22.0,3.0,13.0,4,96.6,3.4,aerobic,all_mechanisms,yes,22.9,soil,plasticizer,5.6,filler,5.4,no_additive,0.0,films,bacteria_dominated,lab
24.0,4.0,13.0,4,96.6,3.4,aerobic,all_mechanisms,yes,22.9,soil,plasticizer,5.6,filler,5.4,no_additive,0.0,films,bacteria_dominated,lab
27.0,4.0,13.0,4,96.6,3.4,aerobic,all_mechanisms,yes,22.9,soil,plasticizer,5.6,filler,5.4,no_additive,0.0,films,bacteria_dominated,lab
30.0,5.0,13.0,4,96.6,3.4,aerobic,all_mechanisms,yes,22.9,soil,plasticizer,5.6,filler,5.4,no_additive,0.0,films,bacteria_dominated,lab
32.0,5.0,13.0,4,96.6,3.4,aerobic,all_mechanisms,yes,22.9,soil,plasticizer,5.6,filler,5.4,no_additive,0.0,films,bacteria_dominated,lab
35.0,5.0,13.0,4,96.6,3.4,aerobic,all_mechanisms,yes,22.9,soil,plasticizer,5.6,filler,5.4,no_additive,0.0,films,bacteria_dominated,lab
37.0,6.0,13.0,4,96.6,3.4,aerobic,all_mechanisms,yes,22.9,soil,plasticizer,5.6,filler,5.4,no_additive,0.0,films,bacteria_dominated,lab
41.0,7.0,13.0,4,96.6,3.4,aerobic,all_mechanisms,yes,22.9,soil,plasticizer,5.6,filler,5.4,no_additive,0.0,films,bacteria_dominated,lab
44.0,7.0,13.0,4,96.6,3.4,aerobic,all_mechanisms,yes,22.9,soil,plasticizer,5.6,filler,5.4,no_additive,0.0,films,bacteria_dominated,lab
46.0,7.0,13.0,4,96.6,3.4,aerobic,all_mechanisms,yes,22.9,soil,plasticizer,5.6,filler,5.4,no_additive,0.0,films,bacteria_dominated,lab
49.0,8.0,13.0,4,96.6,3.4,aerobic,all_mechanisms,yes,22.9,soil,plasticizer,5.6,filler,5.4,no_additive,0.0,films,bacteria_dominated,lab
51.0,9.0,13.0,4,96.6,3.4,aerobic,all_mechanisms,yes,22.9,soil,plasticizer,5.6,filler,5.4,no_additive,0.0,films,bacteria_dominated,lab
54.0,9.0,13.0,4,96.6,3.4,aerobic,all_mechanisms,yes,22.9,soil,plasticizer,5.6,filler,5.4,no_additive,0.0,films,bacteria_dominated,lab
56.0,10.0,13.0,4,96.6,3.4,aerobic,all_mechanisms,yes,22.9,soil,plasticizer,5.6,filler,5.4,no_additive,0.0,films,bacteria_dominated,lab
60.0,11.0,13.0,4,96.6,3.4,aerobic,all_mechanisms,yes,22.9,soil,plasticizer,5.6,filler,5.4,no_additive,0.0,films,bacteria_dominated,lab
63.0,12.0,13.0,4,96.6,3.4,aerobic,all_mechanisms,yes,22.9,soil,plasticizer,5.6,filler,5.4,no_additive,0.0,films,bacteria_dominated,lab
65.0,12.0,13.0,4,96.6,3.4,aerobic,all_mechanisms,yes,22.9,soil,plasticizer,5.6,filler,5.4,no_additive,0.0,films,bacteria_dominated,lab
68.0,13.0,13.0,4,96.6,3.4,aerobic,all_mechanisms,yes,22.9,soil,plasticizer,5.6,filler,5.4,no_additive,0.0,films,bacteria_dominated,lab
70.0,13.0,13.0,4,96.6,3.4,aerobic,all_mechanisms,yes,22.9,soil,plasticizer,5.6,filler,5.4,no_additive,0.0,films,bacteria_dominated,lab
72.0,15.0,13.0,4,96.6,3.4,aerobic,all_mechanisms,yes,22.9,soil,plasticizer,5.6,filler,5.4,no_additive,0.0,films,bacteria_dominated,lab
74.0,17.0,13.0,4,96.6,3.4,aerobic,all_mechanisms,yes,22.9,soil,plasticizer,5.6,filler,5.4,no_additive,0.0,films,bacteria_dominated,lab
77.0,20.0,13.0,4,96.6,3.4,aerobic,all_mechanisms,yes,22.9,soil,plasticizer,5.6,filler,5.4,no_additive,0.0,films,bacteria_dominated,lab
79.0,21.0,13.0,4,96.6,3.4,aerobic,all_mechanisms,yes,22.9,soil,plasticizer,5.6,filler,5.4,no_additive,0.0,films,bacteria_dominated,lab
82.0,24.0,13.0,4,96.6,3.4,aerobic,all_mechanisms,yes,22.9,soil,plasticizer,5.6,filler,5.4,no_additive,0.0,films,bacteria_dominated,lab
83.0,25.0,13.0,4,96.6,3.4,aerobic,all_mechanisms,yes,22.9,soil,plasticizer,5.6,filler,5.4,no_additive,0.0,films,bacteria_dominated,lab
8.0,1.0,13.0,5,96.6,3.4,aerobic,all_mechanisms,yes,22.9,soil,plasticizer,8.0,filler,5.4,no_additive,0.0,films,bacteria_dominated,lab
11.0,1.0,13.0,5,96.6,3.4,aerobic,all_mechanisms,yes,22.9,soil,plasticizer,8.0,filler,5.4,no_additive,0.0,films,bacteria_dominated,lab
14.0,1.0,13.0,5,96.6,3.4,aerobic,all_mechanisms,yes,22.9,soil,plasticizer,8.0,filler,5.4,no_additive,0.0,films,bacteria_dominated,lab
16.0,2.0,13.0,5,96.6,3.4,aerobic,all_mechanisms,yes,22.9,soil,plasticizer,8.0,filler,5.4,no_additive,0.0,films,bacteria_dominated,lab
21.0,2.0,13.0,5,96.6,3.4,aerobic,all_mechanisms,yes,22.9,soil,plasticizer,8.0,filler,5.4,no_additive,0.0,films,bacteria_dominated,lab
24.0,3.0,13.0,5,96.6,3.4,aerobic,all_mechanisms,yes,22.9,soil,plasticizer,8.0,filler,5.4,no_additive,0.0,films,bacteria_dominated,lab
27.0,4.0,13.0,5,96.6,3.4,aerobic,all_mechanisms,yes,22.9,soil,plasticizer,8.0,filler,5.4,no_additive,0.0,films,bacteria_dominated,lab
30.0,5.0,13.0,5,96.6,3.4,aerobic,all_mechanisms,yes,22.9,soil,plasticizer,8.0,filler,5.4,no_additive,0.0,films,bacteria_dominated,lab
32.0,5.0,13.0,5,96.6,3.4,aerobic,all_mechanisms,yes,22.9,soil,plasticizer,8.0,filler,5.4,no_additive,0.0,films,bacteria_dominated,lab
35.0,6.0,13.0,5,96.6,3.4,aerobic,all_mechanisms,yes,22.9,soil,plasticizer,8.0,filler,5.4,no_additive,0.0,films,bacteria_dominated,lab
37.0,7.0,13.0,5,96.6,3.4,aerobic,all_mechanisms,yes,22.9,soil,plasticizer,8.0,filler,5.4,no_additive,0.0,films,bacteria_dominated,lab
41.0,8.0,13.0,5,96.6,3.4,aerobic,all_mechanisms,yes,22.9,soil,plasticizer,8.0,filler,5.4,no_additive,0.0,films,bacteria_dominated,lab
43.0,8.0,13.0,5,96.6,3.4,aerobic,all_mechanisms,yes,22.9,soil,plasticizer,8.0,filler,5.4,no_additive,0.0,films,bacteria_dominated,lab
46.0,9.0,13.0,5,96.6,3.4,aerobic,all_mechanisms,yes,22.9,soil,plasticizer,8.0,filler,5.4,no_additive,0.0,films,bacteria_dominated,lab
49.0,9.0,13.0,5,96.6,3.4,aerobic,all_mechanisms,yes,22.9,soil,plasticizer,8.0,filler,5.4,no_additive,0.0,films,bacteria_dominated,lab
51.0,10.0,13.0,5,96.6,3.4,aerobic,all_mechanisms,yes,22.9,soil,plasticizer,8.0,filler,5.4,no_additive,0.0,films,bacteria_dominated,lab
55.0,11.0,13.0,5,96.6,3.4,aerobic,all_mechanisms,yes,22.9,soil,plasticizer,8.0,filler,5.4,no_additive,0.0,films,bacteria_dominated,lab
57.0,11.0,13.0,5,96.6,3.4,aerobic,all_mechanisms,yes,22.9,soil,plasticizer,8.0,filler,5.4,no_additive,0.0,films,bacteria_dominated,lab
60.0,12.0,13.0,5,96.6,3.4,aerobic,all_mechanisms,yes,22.9,soil,plasticizer,8.0,filler,5.4,no_additive,0.0,films,bacteria_dominated,lab
63.0,13.0,13.0,5,96.6,3.4,aerobic,all_mechanisms,yes,22.9,soil,plasticizer,8.0,filler,5.4,no_additive,0.0,films,bacteria_dominated,lab
65.0,14.0,13.0,5,96.6,3.4,aerobic,all_mechanisms,yes,22.9,soil,plasticizer,8.0,filler,5.4,no_additive,0.0,films,bacteria_dominated,lab
68.0,14.0,13.0,5,96.6,3.4,aerobic,all_mechanisms,yes,22.9,soil,plasticizer,8.0,filler,5.4,no_additive,0.0,films,bacteria_dominated,lab
70.0,15.0,13.0,5,96.6,3.4,aerobic,all_mechanisms,yes,22.9,soil,plasticizer,8.0,filler,5.4,no_additive,0.0,films,bacteria_dominated,lab
72.0,18.0,13.0,5,96.6,3.4,aerobic,all_mechanisms,yes,22.9,soil,plasticizer,8.0,filler,5.4,no_additive,0.0,films,bacteria_dominated,lab
74.0,20.0,13.0,5,96.6,3.4,aerobic,all_mechanisms,yes,22.9,soil,plasticizer,8.0,filler,5.4,no_additive,0.0,films,bacteria_dominated,lab
77.0,23.0,13.0,5,96.6,3.4,aerobic,all_mechanisms,yes,22.9,soil,plasticizer,8.0,filler,5.4,no_additive,0.0,films,bacteria_dominated,lab
80.0,27.0,13.0,5,96.6,3.4,aerobic,all_mechanisms,yes,22.9,soil,plasticizer,8.0,filler,5.4,no_additive,0.0,films,bacteria_dominated,lab
82.0,29.0,13.0,5,96.6,3.4,aerobic,all_mechanisms,yes,22.9,soil,plasticizer,8.0,filler,5.4,no_additive,0.0,films,bacteria_dominated,lab
84.0,31.0,13.0,5,96.6,3.4,aerobic,all_mechanisms,yes,22.9,soil,plasticizer,8.0,filler,5.4,no_additive,0.0,films,bacteria_dominated,lab
10.0,1.0,14.0,2,97.0,3.0,aerobic,all_mechanisms,yes,26.5,soil,filler,30.0,no_additive,0.0,no_additive,0.0,sheets,fungi_dominated,large
15.0,1.0,14.0,2,97.0,3.0,aerobic,all_mechanisms,yes,26.5,soil,filler,30.0,no_additive,0.0,no_additive,0.0,sheets,fungi_dominated,large
21.0,1.0,14.0,2,97.0,3.0,aerobic,all_mechanisms,yes,26.5,soil,filler,30.0,no_additive,0.0,no_additive,0.0,sheets,fungi_dominated,large
26.0,2.0,14.0,2,97.0,3.0,aerobic,all_mechanisms,yes,26.5,soil,filler,30.0,no_additive,0.0,no_additive,0.0,sheets,fungi_dominated,large
28.0,3.0,14.0,2,97.0,3.0,aerobic,all_mechanisms,yes,26.5,soil,filler,30.0,no_additive,0.0,no_additive,0.0,sheets,fungi_dominated,large
33.0,3.0,14.0,2,97.0,3.0,aerobic,all_mechanisms,yes,26.5,soil,filler,30.0,no_additive,0.0,no_additive,0.0,sheets,fungi_dominated,large
40.0,3.0,14.0,2,97.0,3.0,aerobic,all_mechanisms,yes,26.5,soil,filler,30.0,no_additive,0.0,no_additive,0.0,sheets,fungi_dominated,large
45.0,4.0,14.0,2,97.0,3.0,aerobic,all_mechanisms,yes,26.5,soil,filler,30.0,no_additive,0.0,no_additive,0.0,sheets,fungi_dominated,large
51.0,4.0,14.0,2,97.0,3.0,aerobic,all_mechanisms,yes,26.5,soil,filler,30.0,no_additive,0.0,no_additive,0.0,sheets,fungi_dominated,large
55.0,4.0,14.0,2,97.0,3.0,aerobic,all_mechanisms,yes,26.5,soil,filler,30.0,no_additive,0.0,no_additive,0.0,sheets,fungi_dominated,large
61.0,4.0,14.0,2,97.0,3.0,aerobic,all_mechanisms,yes,26.5,soil,filler,30.0,no_additive,0.0,no_additive,0.0,sheets,fungi_dominated,large
70.0,4.0,14.0,2,97.0,3.0,aerobic,all_mechanisms,yes,26.5,soil,filler,30.0,no_additive,0.0,no_additive,0.0,sheets,fungi_dominated,large
79.0,5.0,14.0,2,97.0,3.0,aerobic,all_mechanisms,yes,26.5,soil,filler,30.0,no_additive,0.0,no_additive,0.0,sheets,fungi_dominated,large
84.0,5.0,14.0,2,97.0,3.0,aerobic,all_mechanisms,yes,26.5,soil,filler,30.0,no_additive,0.0,no_additive,0.0,sheets,fungi_dominated,large
92.0,5.0,14.0,2,97.0,3.0,aerobic,all_mechanisms,yes,26.5,soil,filler,30.0,no_additive,0.0,no_additive,0.0,sheets,fungi_dominated,large
100.0,6.0,14.0,2,97.0,3.0,aerobic,all_mechanisms,yes,26.5,soil,filler,30.0,no_additive,0.0,no_additive,0.0,sheets,fungi_dominated,large
104.0,6.0,14.0,2,97.0,3.0,aerobic,all_mechanisms,yes,26.5,soil,filler,30.0,no_additive,0.0,no_additive,0.0,sheets,fungi_dominated,large
108.0,6.0,14.0,2,97.0,3.0,aerobic,all_mechanisms,yes,26.5,soil,filler,30.0,no_additive,0.0,no_additive,0.0,sheets,fungi_dominated,large
11.0,1.0,14.0,3,97.0,3.0,aerobic,all_mechanisms,yes,26.5,soil,filler,30.0,toughening_agent,30.0,no_additive,0.0,sheets,fungi_dominated,large
14.0,2.0,14.0,3,97.0,3.0,aerobic,all_mechanisms,yes,26.5,soil,filler,30.0,toughening_agent,30.0,no_additive,0.0,sheets,fungi_dominated,large
18.0,2.0,14.0,3,97.0,3.0,aerobic,all_mechanisms,yes,26.5,soil,filler,30.0,toughening_agent,30.0,no_additive,0.0,sheets,fungi_dominated,large
25.0,3.0,14.0,3,97.0,3.0,aerobic,all_mechanisms,yes,26.5,soil,filler,30.0,toughening_agent,30.0,no_additive,0.0,sheets,fungi_dominated,large
28.0,4.0,14.0,3,97.0,3.0,aerobic,all_mechanisms,yes,26.5,soil,filler,30.0,toughening_agent,30.0,no_additive,0.0,sheets,fungi_dominated,large
31.0,4.0,14.0,3,97.0,3.0,aerobic,all_mechanisms,yes,26.5,soil,filler,30.0,toughening_agent,30.0,no_additive,0.0,sheets,fungi_dominated,large
35.0,4.0,14.0,3,97.0,3.0,aerobic,all_mechanisms,yes,26.5,soil,filler,30.0,toughening_agent,30.0,no_additive,0.0,sheets,fungi_dominated,large
38.0,5.0,14.0,3,97.0,3.0,aerobic,all_mechanisms,yes,26.5,soil,filler,30.0,toughening_agent,30.0,no_additive,0.0,sheets,fungi_dominated,large
41.0,5.0,14.0,3,97.0,3.0,aerobic,all_mechanisms,yes,26.5,soil,filler,30.0,toughening_agent,30.0,no_additive,0.0,sheets,fungi_dominated,large
45.0,5.0,14.0,3,97.0,3.0,aerobic,all_mechanisms,yes,26.5,soil,filler,30.0,toughening_agent,30.0,no_additive,0.0,sheets,fungi_dominated,large
48.0,5.0,14.0,3,97.0,3.0,aerobic,all_mechanisms,yes,26.5,soil,filler,30.0,toughening_agent,30.0,no_additive,0.0,sheets,fungi_dominated,large
51.0,6.0,14.0,3,97.0,3.0,aerobic,all_mechanisms,yes,26.5,soil,filler,30.0,toughening_agent,30.0,no_additive,0.0,sheets,fungi_dominated,large
54.0,6.0,14.0,3,97.0,3.0,aerobic,all_mechanisms,yes,26.5,soil,filler,30.0,toughening_agent,30.0,no_additive,0.0,sheets,fungi_dominated,large
57.0,6.0,14.0,3,97.0,3.0,aerobic,all_mechanisms,yes,26.5,soil,filler,30.0,toughening_agent,30.0,no_additive,0.0,sheets,fungi_dominated,large
60.0,7.0,14.0,3,97.0,3.0,aerobic,all_mechanisms,yes,26.5,soil,filler,30.0,toughening_agent,30.0,no_additive,0.0,sheets,fungi_dominated,large
71.0,8.0,14.0,3,97.0,3.0,aerobic,all_mechanisms,yes,26.5,soil,filler,30.0,toughening_agent,30.0,no_additive,0.0,sheets,fungi_dominated,large
74.0,9.0,14.0,3,97.0,3.0,aerobic,all_mechanisms,yes,26.5,soil,filler,30.0,toughening_agent,30.0,no_additive,0.0,sheets,fungi_dominated,large
77.0,9.0,14.0,3,97.0,3.0,aerobic,all_mechanisms,yes,26.5,soil,filler,30.0,toughening_agent,30.0,no_additive,0.0,sheets,fungi_dominated,large
81.0,9.0,14.0,3,97.0,3.0,aerobic,all_mechanisms,yes,26.5,soil,filler,30.0,toughening_agent,30.0,no_additive,0.0,sheets,fungi_dominated,large
84.0,10.0,14.0,3,97.0,3.0,aerobic,all_mechanisms,yes,26.5,soil,filler,30.0,toughening_agent,30.0,no_additive,0.0,sheets,fungi_dominated,large
87.0,10.0,14.0,3,97.0,3.0,aerobic,all_mechanisms,yes,26.5,soil,filler,30.0,toughening_agent,30.0,no_additive,0.0,sheets,fungi_dominated,large
90.0,10.0,14.0,3,97.0,3.0,aerobic,all_mechanisms,yes,26.5,soil,filler,30.0,toughening_agent,30.0,no_additive,0.0,sheets,fungi_dominated,large
93.0,10.0,14.0,3,97.0,3.0,aerobic,all_mechanisms,yes,26.5,soil,filler,30.0,toughening_agent,30.0,no_additive,0.0,sheets,fungi_dominated,large
96.0,10.0,14.0,3,97.0,3.0,aerobic,all_mechanisms,yes,26.5,soil,filler,30.0,toughening_agent,30.0,no_additive,0.0,sheets,fungi_dominated,large
99.0,9.0,14.0,3,97.0,3.0,aerobic,all_mechanisms,yes,26.5,soil,filler,30.0,toughening_agent,30.0,no_additive,0.0,sheets,fungi_dominated,large
103.0,9.0,14.0,3,97.0,3.0,aerobic,all_mechanisms,yes,26.5,soil,filler,30.0,toughening_agent,30.0,no_additive,0.0,sheets,fungi_dominated,large
106.0,9.0,14.0,3,97.0,3.0,aerobic,all_mechanisms,yes,26.5,soil,filler,30.0,toughening_agent,30.0,no_additive,0.0,sheets,fungi_dominated,large
109.0,9.0,14.0,3,97.0,3.0,aerobic,all_mechanisms,yes,26.5,soil,filler,30.0,toughening_agent,30.0,no_additive,0.0,sheets,fungi_dominated,large
112.0,9.0,14.0,3,97.0,3.0,aerobic,all_mechanisms,yes,26.5,soil,filler,30.0,toughening_agent,30.0,no_additive,0.0,sheets,fungi_dominated,large
2.0,0.0,14.0,4,97.0,3.0,aerobic,all_mechanisms,yes,26.5,soil,filler,30.0,toughening_agent,30.0,no_additive,0.0,sheets,bacteria_fungi_mixed,large
5.0,1.0,14.0,4,97.0,3.0,aerobic,all_mechanisms,yes,26.5,soil,filler,30.0,toughening_agent,30.0,no_additive,0.0,sheets,bacteria_fungi_mixed,large
11.0,2.0,14.0,4,97.0,3.0,aerobic,all_mechanisms,yes,26.5,soil,filler,30.0,toughening_agent,30.0,no_additive,0.0,sheets,bacteria_fungi_mixed,large
16.0,2.0,14.0,4,97.0,3.0,aerobic,all_mechanisms,yes,26.5,soil,filler,30.0,toughening_agent,30.0,no_additive,0.0,sheets,bacteria_fungi_mixed,large
21.0,3.0,14.0,4,97.0,3.0,aerobic,all_mechanisms,yes,26.5,soil,filler,30.0,toughening_agent,30.0,no_additive,0.0,sheets,bacteria_fungi_mixed,large
28.0,4.0,14.0,4,97.0,3.0,aerobic,all_mechanisms,yes,26.5,soil,filler,30.0,toughening_agent,30.0,no_additive,0.0,sheets,bacteria_fungi_mixed,large
32.0,5.0,14.0,4,97.0,3.0,aerobic,all_mechanisms,yes,26.5,soil,filler,30.0,toughening_agent,30.0,no_additive,0.0,sheets,bacteria_fungi_mixed,large
38.0,6.0,14.0,4,97.0,3.0,aerobic,all_mechanisms,yes,26.5,soil,filler,30.0,toughening_agent,30.0,no_additive,0.0,sheets,bacteria_fungi_mixed,large
45.0,7.0,14.0,4,97.0,3.0,aerobic,all_mechanisms,yes,26.5,soil,filler,30.0,toughening_agent,30.0,no_additive,0.0,sheets,bacteria_fungi_mixed,large
50.0,8.0,14.0,4,97.0,3.0,aerobic,all_mechanisms,yes,26.5,soil,filler,30.0,toughening_agent,30.0,no_additive,0.0,sheets,bacteria_fungi_mixed,large
56.0,9.0,14.0,4,97.0,3.0,aerobic,all_mechanisms,yes,26.5,soil,filler,30.0,toughening_agent,30.0,no_additive,0.0,sheets,bacteria_fungi_mixed,large
58.0,9.0,14.0,4,97.0,3.0,aerobic,all_mechanisms,yes,26.5,soil,filler,30.0,toughening_agent,30.0,no_additive,0.0,sheets,bacteria_fungi_mixed,large
64.0,12.0,14.0,4,97.0,3.0,aerobic,all_mechanisms,yes,26.5,soil,filler,30.0,toughening_agent,30.0,no_additive,0.0,sheets,bacteria_fungi_mixed,large
68.0,13.0,14.0,4,97.0,3.0,aerobic,all_mechanisms,yes,26.5,soil,filler,30.0,toughening_agent,30.0,no_additive,0.0,sheets,bacteria_fungi_mixed,large
71.0,14.0,14.0,4,97.0,3.0,aerobic,all_mechanisms,yes,26.5,soil,filler,30.0,toughening_agent,30.0,no_additive,0.0,sheets,bacteria_fungi_mixed,large
75.0,16.0,14.0,4,97.0,3.0,aerobic,all_mechanisms,yes,26.5,soil,filler,30.0,toughening_agent,30.0,no_additive,0.0,sheets,bacteria_fungi_mixed,large
78.0,17.0,14.0,4,97.0,3.0,aerobic,all_mechanisms,yes,26.5,soil,filler,30.0,toughening_agent,30.0,no_additive,0.0,sheets,bacteria_fungi_mixed,large
82.0,18.0,14.0,4,97.0,3.0,aerobic,all_mechanisms,yes,26.5,soil,filler,30.0,toughening_agent,30.0,no_additive,0.0,sheets,bacteria_fungi_mixed,large
84.0,19.0,14.0,4,97.0,3.0,aerobic,all_mechanisms,yes,26.5,soil,filler,30.0,toughening_agent,30.0,no_additive,0.0,sheets,bacteria_fungi_mixed,large
87.0,19.0,14.0,4,97.0,3.0,aerobic,all_mechanisms,yes,26.5,soil,filler,30.0,toughening_agent,30.0,no_additive,0.0,sheets,bacteria_fungi_mixed,large
92.0,19.0,14.0,4,97.0,3.0,aerobic,all_mechanisms,yes,26.5,soil,filler,30.0,toughening_agent,30.0,no_additive,0.0,sheets,bacteria_fungi_mixed,large
95.0,18.0,14.0,4,97.0,3.0,aerobic,all_mechanisms,yes,26.5,soil,filler,30.0,toughening_agent,30.0,no_additive,0.0,sheets,bacteria_fungi_mixed,large
99.0,18.0,14.0,4,97.0,3.0,aerobic,all_mechanisms,yes,26.5,soil,filler,30.0,toughening_agent,30.0,no_additive,0.0,sheets,bacteria_fungi_mixed,large
103.0,18.0,14.0,4,97.0,3.0,aerobic,all_mechanisms,yes,26.5,soil,filler,30.0,toughening_agent,30.0,no_additive,0.0,sheets,bacteria_fungi_mixed,large
107.0,17.0,14.0,4,97.0,3.0,aerobic,all_mechanisms,yes,26.5,soil,filler,30.0,toughening_agent,30.0,no_additive,0.0,sheets,bacteria_fungi_mixed,large
113.0,17.0,14.0,4,97.0,3.0,aerobic,all_mechanisms,yes,26.5,soil,filler,30.0,toughening_agent,30.0,no_additive,0.0,sheets,bacteria_fungi_mixed,large
12.0,0.0,15.0,4,97.0,3.0,aerobic,surface,no,58.0,compost_organic_fertilizer,no_additive,0.0,no_additive,0.0,no_additive,0.0,films,bacteria_fungi_mixed,lab
13.0,0.0,15.0,4,97.0,3.0,aerobic,surface,no,58.0,compost_organic_fertilizer,no_additive,0.0,no_additive,0.0,no_additive,0.0,films,bacteria_fungi_mixed,lab
14.0,0.0,15.0,4,97.0,3.0,aerobic,surface,no,58.0,compost_organic_fertilizer,no_additive,0.0,no_additive,0.0,no_additive,0.0,films,bacteria_fungi_mixed,lab
15.0,0.0,15.0,4,97.0,3.0,aerobic,surface,no,58.0,compost_organic_fertilizer,no_additive,0.0,no_additive,0.0,no_additive,0.0,films,bacteria_fungi_mixed,lab
17.0,1.0,15.0,4,97.0,3.0,aerobic,surface,no,58.0,compost_organic_fertilizer,no_additive,0.0,no_additive,0.0,no_additive,0.0,films,bacteria_fungi_mixed,lab
18.0,1.0,15.0,4,97.0,3.0,aerobic,surface,no,58.0,compost_organic_fertilizer,no_additive,0.0,no_additive,0.0,no_additive,0.0,films,bacteria_fungi_mixed,lab
19.0,1.0,15.0,4,97.0,3.0,aerobic,surface,no,58.0,compost_organic_fertilizer,no_additive,0.0,no_additive,0.0,no_additive,0.0,films,bacteria_fungi_mixed,lab
20.0,2.0,15.0,4,97.0,3.0,aerobic,surface,no,58.0,compost_organic_fertilizer,no_additive,0.0,no_additive,0.0,no_additive,0.0,films,bacteria_fungi_mixed,lab
21.0,4.0,15.0,4,97.0,3.0,aerobic,surface,no,58.0,compost_organic_fertilizer,no_additive,0.0,no_additive,0.0,no_additive,0.0,films,bacteria_fungi_mixed,lab
22.0,11.0,15.0,4,97.0,3.0,aerobic,surface,no,58.0,compost_organic_fertilizer,no_additive,0.0,no_additive,0.0,no_additive,0.0,films,bacteria_fungi_mixed,lab
22.0,14.0,15.0,4,97.0,3.0,aerobic,surface,no,58.0,compost_organic_fertilizer,no_additive,0.0,no_additive,0.0,no_additive,0.0,films,bacteria_fungi_mixed,lab
22.0,17.0,15.0,4,97.0,3.0,aerobic,surface,no,58.0,compost_organic_fertilizer,no_additive,0.0,no_additive,0.0,no_additive,0.0,films,bacteria_fungi_mixed,lab
23.0,20.0,15.0,4,97.0,3.0,aerobic,surface,no,58.0,compost_organic_fertilizer,no_additive,0.0,no_additive,0.0,no_additive,0.0,films,bacteria_fungi_mixed,lab
23.0,23.0,15.0,4,97.0,3.0,aerobic,surface,no,58.0,compost_organic_fertilizer,no_additive,0.0,no_additive,0.0,no_additive,0.0,films,bacteria_fungi_mixed,lab
24.0,28.0,15.0,4,97.0,3.0,aerobic,surface,no,58.0,compost_organic_fertilizer,no_additive,0.0,no_additive,0.0,no_additive,0.0,films,bacteria_fungi_mixed,lab
24.0,31.0,15.0,4,97.0,3.0,aerobic,surface,no,58.0,compost_organic_fertilizer,no_additive,0.0,no_additive,0.0,no_additive,0.0,films,bacteria_fungi_mixed,lab
24.0,34.0,15.0,4,97.0,3.0,aerobic,surface,no,58.0,compost_organic_fertilizer,no_additive,0.0,no_additive,0.0,no_additive,0.0,films,bacteria_fungi_mixed,lab
25.0,37.0,15.0,4,97.0,3.0,aerobic,surface,no,58.0,compost_organic_fertilizer,no_additive,0.0,no_additive,0.0,no_additive,0.0,films,bacteria_fungi_mixed,lab
25.0,40.0,15.0,4,97.0,3.0,aerobic,surface,no,58.0,compost_organic_fertilizer,no_additive,0.0,no_additive,0.0,no_additive,0.0,films,bacteria_fungi_mixed,lab
25.0,43.0,15.0,4,97.0,3.0,aerobic,surface,no,58.0,compost_organic_fertilizer,no_additive,0.0,no_additive,0.0,no_additive,0.0,films,bacteria_fungi_mixed,lab
26.0,46.0,15.0,4,97.0,3.0,aerobic,surface,no,58.0,compost_organic_fertilizer,no_additive,0.0,no_additive,0.0,no_additive,0.0,films,bacteria_fungi_mixed,lab
26.0,49.0,15.0,4,97.0,3.0,aerobic,surface,no,58.0,compost_organic_fertilizer,no_additive,0.0,no_additive,0.0,no_additive,0.0,films,bacteria_fungi_mixed,lab
26.0,52.0,15.0,4,97.0,3.0,aerobic,surface,no,58.0,compost_organic_fertilizer,no_additive,0.0,no_additive,0.0,no_additive,0.0,films,bacteria_fungi_mixed,lab
27.0,55.0,15.0,4,97.0,3.0,aerobic,surface,no,58.0,compost_organic_fertilizer,no_additive,0.0,no_additive,0.0,no_additive,0.0,films,bacteria_fungi_mixed,lab
27.0,58.0,15.0,4,97.0,3.0,aerobic,surface,no,58.0,compost_organic_fertilizer,no_additive,0.0,no_additive,0.0,no_additive,0.0,films,bacteria_fungi_mixed,lab
28.0,61.0,15.0,4,97.0,3.0,aerobic,surface,no,58.0,compost_organic_fertilizer,no_additive,0.0,no_additive,0.0,no_additive,0.0,films,bacteria_fungi_mixed,lab
28.0,64.0,15.0,4,97.0,3.0,aerobic,surface,no,58.0,compost_organic_fertilizer,no_additive,0.0,no_additive,0.0,no_additive,0.0,films,bacteria_fungi_mixed,lab
28.0,67.0,15.0,4,97.0,3.0,aerobic,surface,no,58.0,compost_organic_fertilizer,no_additive,0.0,no_additive,0.0,no_additive,0.0,films,bacteria_fungi_mixed,lab
30.0,77.0,15.0,4,97.0,3.0,aerobic,surface,no,58.0,compost_organic_fertilizer,no_additive,0.0,no_additive,0.0,no_additive,0.0,films,bacteria_fungi_mixed,lab
31.0,79.0,15.0,4,97.0,3.0,aerobic,surface,no,58.0,compost_organic_fertilizer,no_additive,0.0,no_additive,0.0,no_additive,0.0,films,bacteria_fungi_mixed,lab
32.0,82.0,15.0,4,97.0,3.0,aerobic,surface,no,58.0,compost_organic_fertilizer,no_additive,0.0,no_additive,0.0,no_additive,0.0,films,bacteria_fungi_mixed,lab
33.0,84.0,15.0,4,97.0,3.0,aerobic,surface,no,58.0,compost_organic_fertilizer,no_additive,0.0,no_additive,0.0,no_additive,0.0,films,bacteria_fungi_mixed,lab
34.0,86.0,15.0,4,97.0,3.0,aerobic,surface,no,58.0,compost_organic_fertilizer,no_additive,0.0,no_additive,0.0,no_additive,0.0,films,bacteria_fungi_mixed,lab
34.0,87.0,15.0,4,97.0,3.0,aerobic,surface,no,58.0,compost_organic_fertilizer,no_additive,0.0,no_additive,0.0,no_additive,0.0,films,bacteria_fungi_mixed,lab
36.0,88.0,15.0,4,97.0,3.0,aerobic,surface,no,58.0,compost_organic_fertilizer,no_additive,0.0,no_additive,0.0,no_additive,0.0,films,bacteria_fungi_mixed,lab
37.0,89.0,15.0,4,97.0,3.0,aerobic,surface,no,58.0,compost_organic_fertilizer,no_additive,0.0,no_additive,0.0,no_additive,0.0,films,bacteria_fungi_mixed,lab
38.0,90.0,15.0,4,97.0,3.0,aerobic,surface,no,58.0,compost_organic_fertilizer,no_additive,0.0,no_additive,0.0,no_additive,0.0,films,bacteria_fungi_mixed,lab
39.0,91.0,15.0,4,97.0,3.0,aerobic,surface,no,58.0,compost_organic_fertilizer,no_additive,0.0,no_additive,0.0,no_additive,0.0,films,bacteria_fungi_mixed,lab
40.0,92.0,15.0,4,97.0,3.0,aerobic,surface,no,58.0,compost_organic_fertilizer,no_additive,0.0,no_additive,0.0,no_additive,0.0,films,bacteria_fungi_mixed,lab
41.0,94.0,15.0,4,97.0,3.0,aerobic,surface,no,58.0,compost_organic_fertilizer,no_additive,0.0,no_additive,0.0,no_additive,0.0,films,bacteria_fungi_mixed,lab
12.0,0.0,15.0,5,97.0,3.0,aerobic,surface,yes,58.0,compost_organic_fertilizer,filler,15.0,no_additive,0.0,no_additive,0.0,films,bacteria_fungi_mixed,lab
12.0,1.0,15.0,5,97.0,3.0,aerobic,surface,yes,58.0,compost_organic_fertilizer,filler,15.0,no_additive,0.0,no_additive,0.0,films,bacteria_fungi_mixed,lab
13.0,1.0,15.0,5,97.0,3.0,aerobic,surface,yes,58.0,compost_organic_fertilizer,filler,15.0,no_additive,0.0,no_additive,0.0,films,bacteria_fungi_mixed,lab
14.0,1.0,15.0,5,97.0,3.0,aerobic,surface,yes,58.0,compost_organic_fertilizer,filler,15.0,no_additive,0.0,no_additive,0.0,films,bacteria_fungi_mixed,lab
16.0,3.0,15.0,5,97.0,3.0,aerobic,surface,yes,58.0,compost_organic_fertilizer,filler,15.0,no_additive,0.0,no_additive,0.0,films,bacteria_fungi_mixed,lab
17.0,4.0,15.0,5,97.0,3.0,aerobic,surface,yes,58.0,compost_organic_fertilizer,filler,15.0,no_additive,0.0,no_additive,0.0,films,bacteria_fungi_mixed,lab
19.0,4.0,15.0,5,97.0,3.0,aerobic,surface,yes,58.0,compost_organic_fertilizer,filler,15.0,no_additive,0.0,no_additive,0.0,films,bacteria_fungi_mixed,lab
20.0,5.0,15.0,5,97.0,3.0,aerobic,surface,yes,58.0,compost_organic_fertilizer,filler,15.0,no_additive,0.0,no_additive,0.0,films,bacteria_fungi_mixed,lab
21.0,8.0,15.0,5,97.0,3.0,aerobic,surface,yes,58.0,compost_organic_fertilizer,filler,15.0,no_additive,0.0,no_additive,0.0,films,bacteria_fungi_mixed,lab
21.0,14.0,15.0,5,97.0,3.0,aerobic,surface,yes,58.0,compost_organic_fertilizer,filler,15.0,no_additive,0.0,no_additive,0.0,films,bacteria_fungi_mixed,lab
22.0,17.0,15.0,5,97.0,3.0,aerobic,surface,yes,58.0,compost_organic_fertilizer,filler,15.0,no_additive,0.0,no_additive,0.0,films,bacteria_fungi_mixed,lab
22.0,20.0,15.0,5,97.0,3.0,aerobic,surface,yes,58.0,compost_organic_fertilizer,filler,15.0,no_additive,0.0,no_additive,0.0,films,bacteria_fungi_mixed,lab
22.0,23.0,15.0,5,97.0,3.0,aerobic,surface,yes,58.0,compost_organic_fertilizer,filler,15.0,no_additive,0.0,no_additive,0.0,films,bacteria_fungi_mixed,lab
22.0,26.0,15.0,5,97.0,3.0,aerobic,surface,yes,58.0,compost_organic_fertilizer,filler,15.0,no_additive,0.0,no_additive,0.0,films,bacteria_fungi_mixed,lab
23.0,29.0,15.0,5,97.0,3.0,aerobic,surface,yes,58.0,compost_organic_fertilizer,filler,15.0,no_additive,0.0,no_additive,0.0,films,bacteria_fungi_mixed,lab
23.0,32.0,15.0,5,97.0,3.0,aerobic,surface,yes,58.0,compost_organic_fertilizer,filler,15.0,no_additive,0.0,no_additive,0.0,films,bacteria_fungi_mixed,lab
23.0,35.0,15.0,5,97.0,3.0,aerobic,surface,yes,58.0,compost_organic_fertilizer,filler,15.0,no_additive,0.0,no_additive,0.0,films,bacteria_fungi_mixed,lab
24.0,38.0,15.0,5,97.0,3.0,aerobic,surface,yes,58.0,compost_organic_fertilizer,filler,15.0,no_additive,0.0,no_additive,0.0,films,bacteria_fungi_mixed,lab
25.0,46.0,15.0,5,97.0,3.0,aerobic,surface,yes,58.0,compost_organic_fertilizer,filler,15.0,no_additive,0.0,no_additive,0.0,films,bacteria_fungi_mixed,lab
25.0,50.0,15.0,5,97.0,3.0,aerobic,surface,yes,58.0,compost_organic_fertilizer,filler,15.0,no_additive,0.0,no_additive,0.0,films,bacteria_fungi_mixed,lab
26.0,57.0,15.0,5,97.0,3.0,aerobic,surface,yes,58.0,compost_organic_fertilizer,filler,15.0,no_additive,0.0,no_additive,0.0,films,bacteria_fungi_mixed,lab
27.0,63.0,15.0,5,97.0,3.0,aerobic,surface,yes,58.0,compost_organic_fertilizer,filler,15.0,no_additive,0.0,no_additive,0.0,films,bacteria_fungi_mixed,lab
28.0,66.0,15.0,5,97.0,3.0,aerobic,surface,yes,58.0,compost_organic_fertilizer,filler,15.0,no_additive,0.0,no_additive,0.0,films,bacteria_fungi_mixed,lab
29.0,69.0,15.0,5,97.0,3.0,aerobic,surface,yes,58.0,compost_organic_fertilizer,filler,15.0,no_additive,0.0,no_additive,0.0,films,bacteria_fungi_mixed,lab
29.0,72.0,15.0,5,97.0,3.0,aerobic,surface,yes,58.0,compost_organic_fertilizer,filler,15.0,no_additive,0.0,no_additive,0.0,films,bacteria_fungi_mixed,lab
29.0,73.0,15.0,5,97.0,3.0,aerobic,surface,yes,58.0,compost_organic_fertilizer,filler,15.0,no_additive,0.0,no_additive,0.0,films,bacteria_fungi_mixed,lab
30.0,74.0,15.0,5,97.0,3.0,aerobic,surface,yes,58.0,compost_organic_fertilizer,filler,15.0,no_additive,0.0,no_additive,0.0,films,bacteria_fungi_mixed,lab
30.0,76.0,15.0,5,97.0,3.0,aerobic,surface,yes,58.0,compost_organic_fertilizer,filler,15.0,no_additive,0.0,no_additive,0.0,films,bacteria_fungi_mixed,lab
31.0,78.0,15.0,5,97.0,3.0,aerobic,surface,yes,58.0,compost_organic_fertilizer,filler,15.0,no_additive,0.0,no_additive,0.0,films,bacteria_fungi_mixed,lab
32.0,80.0,15.0,5,97.0,3.0,aerobic,surface,yes,58.0,compost_organic_fertilizer,filler,15.0,no_additive,0.0,no_additive,0.0,films,bacteria_fungi_mixed,lab
33.0,82.0,15.0,5,97.0,3.0,aerobic,surface,yes,58.0,compost_organic_fertilizer,filler,15.0,no_additive,0.0,no_additive,0.0,films,bacteria_fungi_mixed,lab
34.0,82.0,15.0,5,97.0,3.0,aerobic,surface,yes,58.0,compost_organic_fertilizer,filler,15.0,no_additive,0.0,no_additive,0.0,films,bacteria_fungi_mixed,lab
34.0,85.0,15.0,5,97.0,3.0,aerobic,surface,yes,58.0,compost_organic_fertilizer,filler,15.0,no_additive,0.0,no_additive,0.0,films,bacteria_fungi_mixed,lab
35.0,87.0,15.0,5,97.0,3.0,aerobic,surface,yes,58.0,compost_organic_fertilizer,filler,15.0,no_additive,0.0,no_additive,0.0,films,bacteria_fungi_mixed,lab
36.0,90.0,15.0,5,97.0,3.0,aerobic,surface,yes,58.0,compost_organic_fertilizer,filler,15.0,no_additive,0.0,no_additive,0.0,films,bacteria_fungi_mixed,lab
37.0,91.0,15.0,5,97.0,3.0,aerobic,surface,yes,58.0,compost_organic_fertilizer,filler,15.0,no_additive,0.0,no_additive,0.0,films,bacteria_fungi_mixed,lab
38.0,92.0,15.0,5,97.0,3.0,aerobic,surface,yes,58.0,compost_organic_fertilizer,filler,15.0,no_additive,0.0,no_additive,0.0,films,bacteria_fungi_mixed,lab
39.0,93.0,15.0,5,97.0,3.0,aerobic,surface,yes,58.0,compost_organic_fertilizer,filler,15.0,no_additive,0.0,no_additive,0.0,films,bacteria_fungi_mixed,lab
40.0,94.0,15.0,5,97.0,3.0,aerobic,surface,yes,58.0,compost_organic_fertilizer,filler,15.0,no_additive,0.0,no_additive,0.0,films,bacteria_fungi_mixed,lab
40.0,95.0,15.0,5,97.0,3.0,aerobic,surface,yes,58.0,compost_organic_fertilizer,filler,15.0,no_additive,0.0,no_additive,0.0,films,bacteria_fungi_mixed,lab
41.0,95.0,15.0,5,97.0,3.0,aerobic,surface,yes,58.0,compost_organic_fertilizer,filler,15.0,no_additive,0.0,no_additive,0.0,films,bacteria_fungi_mixed,lab
42.0,96.0,15.0,5,97.0,3.0,aerobic,surface,yes,58.0,compost_organic_fertilizer,filler,15.0,no_additive,0.0,no_additive,0.0,films,bacteria_fungi_mixed,lab
15.0,0.0,15.0,6,97.0,3.0,aerobic,surface,yes,58.0,compost_organic_fertilizer,filler,15.0,no_additive,0.0,no_additive,0.0,films,bacteria_dominated,lab
16.0,0.0,15.0,6,97.0,3.0,aerobic,surface,yes,58.0,compost_organic_fertilizer,filler,15.0,no_additive,0.0,no_additive,0.0,films,bacteria_dominated,lab
17.0,1.0,15.0,6,97.0,3.0,aerobic,surface,yes,58.0,compost_organic_fertilizer,filler,15.0,no_additive,0.0,no_additive,0.0,films,bacteria_dominated,lab
18.0,2.0,15.0,6,97.0,3.0,aerobic,surface,yes,58.0,compost_organic_fertilizer,filler,15.0,no_additive,0.0,no_additive,0.0,films,bacteria_dominated,lab
18.0,2.0,15.0,6,97.0,3.0,aerobic,surface,yes,58.0,compost_organic_fertilizer,filler,15.0,no_additive,0.0,no_additive,0.0,films,bacteria_dominated,lab
19.0,3.0,15.0,6,97.0,3.0,aerobic,surface,yes,58.0,compost_organic_fertilizer,filler,15.0,no_additive,0.0,no_additive,0.0,films,bacteria_dominated,lab
20.0,3.0,15.0,6,97.0,3.0,aerobic,surface,yes,58.0,compost_organic_fertilizer,filler,15.0,no_additive,0.0,no_additive,0.0,films,bacteria_dominated,lab
21.0,6.0,15.0,6,97.0,3.0,aerobic,surface,yes,58.0,compost_organic_fertilizer,filler,15.0,no_additive,0.0,no_additive,0.0,films,bacteria_dominated,lab
21.0,9.0,15.0,6,97.0,3.0,aerobic,surface,yes,58.0,compost_organic_fertilizer,filler,15.0,no_additive,0.0,no_additive,0.0,films,bacteria_dominated,lab
22.0,12.0,15.0,6,97.0,3.0,aerobic,surface,yes,58.0,compost_organic_fertilizer,filler,15.0,no_additive,0.0,no_additive,0.0,films,bacteria_dominated,lab
22.0,15.0,15.0,6,97.0,3.0,aerobic,surface,yes,58.0,compost_organic_fertilizer,filler,15.0,no_additive,0.0,no_additive,0.0,films,bacteria_dominated,lab
23.0,18.0,15.0,6,97.0,3.0,aerobic,surface,yes,58.0,compost_organic_fertilizer,filler,15.0,no_additive,0.0,no_additive,0.0,films,bacteria_dominated,lab
23.0,21.0,15.0,6,97.0,3.0,aerobic,surface,yes,58.0,compost_organic_fertilizer,filler,15.0,no_additive,0.0,no_additive,0.0,films,bacteria_dominated,lab
24.0,24.0,15.0,6,97.0,3.0,aerobic,surface,yes,58.0,compost_organic_fertilizer,filler,15.0,no_additive,0.0,no_additive,0.0,films,bacteria_dominated,lab
24.0,27.0,15.0,6,97.0,3.0,aerobic,surface,yes,58.0,compost_organic_fertilizer,filler,15.0,no_additive,0.0,no_additive,0.0,films,bacteria_dominated,lab
25.0,30.0,15.0,6,97.0,3.0,aerobic,surface,yes,58.0,compost_organic_fertilizer,filler,15.0,no_additive,0.0,no_additive,0.0,films,bacteria_dominated,lab
25.0,33.0,15.0,6,97.0,3.0,aerobic,surface,yes,58.0,compost_organic_fertilizer,filler,15.0,no_additive,0.0,no_additive,0.0,films,bacteria_dominated,lab
25.0,36.0,15.0,6,97.0,3.0,aerobic,surface,yes,58.0,compost_organic_fertilizer,filler,15.0,no_additive,0.0,no_additive,0.0,films,bacteria_dominated,lab
26.0,39.0,15.0,6,97.0,3.0,aerobic,surface,yes,58.0,compost_organic_fertilizer,filler,15.0,no_additive,0.0,no_additive,0.0,films,bacteria_dominated,lab
26.0,42.0,15.0,6,97.0,3.0,aerobic,surface,yes,58.0,compost_organic_fertilizer,filler,15.0,no_additive,0.0,no_additive,0.0,films,bacteria_dominated,lab
27.0,45.0,15.0,6,97.0,3.0,aerobic,surface,yes,58.0,compost_organic_fertilizer,filler,15.0,no_additive,0.0,no_additive,0.0,films,bacteria_dominated,lab
27.0,48.0,15.0,6,97.0,3.0,aerobic,surface,yes,58.0,compost_organic_fertilizer,filler,15.0,no_additive,0.0,no_additive,0.0,films,bacteria_dominated,lab
28.0,51.0,15.0,6,97.0,3.0,aerobic,surface,yes,58.0,compost_organic_fertilizer,filler,15.0,no_additive,0.0,no_additive,0.0,films,bacteria_dominated,lab
29.0,54.0,15.0,6,97.0,3.0,aerobic,surface,yes,58.0,compost_organic_fertilizer,filler,15.0,no_additive,0.0,no_additive,0.0,films,bacteria_dominated,lab
29.0,57.0,15.0,6,97.0,3.0,aerobic,surface,yes,58.0,compost_organic_fertilizer,filler,15.0,no_additive,0.0,no_additive,0.0,films,bacteria_dominated,lab
30.0,59.0,15.0,6,97.0,3.0,aerobic,surface,yes,58.0,compost_organic_fertilizer,filler,15.0,no_additive,0.0,no_additive,0.0,films,bacteria_dominated,lab
31.0,63.0,15.0,6,97.0,3.0,aerobic,surface,yes,58.0,compost_organic_fertilizer,filler,15.0,no_additive,0.0,no_additive,0.0,films,bacteria_dominated,lab
31.0,65.0,15.0,6,97.0,3.0,aerobic,surface,yes,58.0,compost_organic_fertilizer,filler,15.0,no_additive,0.0,no_additive,0.0,films,bacteria_dominated,lab
32.0,68.0,15.0,6,97.0,3.0,aerobic,surface,yes,58.0,compost_organic_fertilizer,filler,15.0,no_additive,0.0,no_additive,0.0,films,bacteria_dominated,lab
33.0,71.0,15.0,6,97.0,3.0,aerobic,surface,yes,58.0,compost_organic_fertilizer,filler,15.0,no_additive,0.0,no_additive,0.0,films,bacteria_dominated,lab
34.0,74.0,15.0,6,97.0,3.0,aerobic,surface,yes,58.0,compost_organic_fertilizer,filler,15.0,no_additive,0.0,no_additive,0.0,films,bacteria_dominated,lab
34.0,77.0,15.0,6,97.0,3.0,aerobic,surface,yes,58.0,compost_organic_fertilizer,filler,15.0,no_additive,0.0,no_additive,0.0,films,bacteria_dominated,lab
35.0,80.0,15.0,6,97.0,3.0,aerobic,surface,yes,58.0,compost_organic_fertilizer,filler,15.0,no_additive,0.0,no_additive,0.0,films,bacteria_dominated,lab
35.0,83.0,15.0,6,97.0,3.0,aerobic,surface,yes,58.0,compost_organic_fertilizer,filler,15.0,no_additive,0.0,no_additive,0.0,films,bacteria_dominated,lab
36.0,86.0,15.0,6,97.0,3.0,aerobic,surface,yes,58.0,compost_organic_fertilizer,filler,15.0,no_additive,0.0,no_additive,0.0,films,bacteria_dominated,lab
37.0,89.0,15.0,6,97.0,3.0,aerobic,surface,yes,58.0,compost_organic_fertilizer,filler,15.0,no_additive,0.0,no_additive,0.0,films,bacteria_dominated,lab
38.0,90.0,15.0,6,97.0,3.0,aerobic,surface,yes,58.0,compost_organic_fertilizer,filler,15.0,no_additive,0.0,no_additive,0.0,films,bacteria_dominated,lab
38.0,91.0,15.0,6,97.0,3.0,aerobic,surface,yes,58.0,compost_organic_fertilizer,filler,15.0,no_additive,0.0,no_additive,0.0,films,bacteria_dominated,lab
39.0,92.0,15.0,6,97.0,3.0,aerobic,surface,yes,58.0,compost_organic_fertilizer,filler,15.0,no_additive,0.0,no_additive,0.0,films,bacteria_dominated,lab
40.0,93.0,15.0,6,97.0,3.0,aerobic,surface,yes,58.0,compost_organic_fertilizer,filler,15.0,no_additive,0.0,no_additive,0.0,films,bacteria_dominated,lab
41.0,95.0,15.0,6,97.0,3.0,aerobic,surface,yes,58.0,compost_organic_fertilizer,filler,15.0,no_additive,0.0,no_additive,0.0,films,bacteria_dominated,lab
42.0,96.0,15.0,6,97.0,3.0,aerobic,surface,yes,58.0,compost_organic_fertilizer,filler,15.0,no_additive,0.0,no_additive,0.0,films,bacteria_dominated,lab
43.0,97.0,15.0,6,97.0,3.0,aerobic,surface,yes,58.0,compost_organic_fertilizer,filler,15.0,no_additive,0.0,no_additive,0.0,films,bacteria_dominated,lab
44.0,98.0,15.0,6,97.0,3.0,aerobic,surface,yes,58.0,compost_organic_fertilizer,filler,15.0,no_additive,0.0,no_additive,0.0,films,bacteria_dominated,lab
30.0,14.0,16.0,5a,97.0,3.0,aerobic,microbial_enzymatic,no,21.0,compost_organic_fertilizer,no_additive,0.0,no_additive,0.0,no_additive,0.0,films,diverse_environmental,lab
30.0,10.0,16.0,5b,97.0,3.0,aerobic,hydrolysis,no,27.0,marine_aquatic,no_additive,0.0,no_additive,0.0,no_additive,0.0,films,diverse_environmental,lab
30.0,52.0,16.0,5c,97.0,3.0,aerobic,microbial_enzymatic,no,58.0,compost_organic_fertilizer,no_additive,0.0,no_additive,0.0,no_additive,0.0,films,bacteria_dominated,lab
30.0,18.0,16.0,6a,97.0,3.0,aerobic,microbial_enzymatic,yes,21.0,compost_organic_fertilizer,plasticizer,10.0,no_additive,0.0,no_additive,0.0,films,diverse_environmental,lab
30.0,15.0,16.0,6b,97.0,3.0,aerobic,hydrolysis,yes,27.0,marine_aquatic,plasticizer,10.0,no_additive,0.0,no_additive,0.0,films,diverse_environmental,lab
30.0,57.0,16.0,6c,97.0,3.0,aerobic,microbial_enzymatic,yes,58.0,compost_organic_fertilizer,plasticizer,10.0,no_additive,0.0,no_additive,0.0,films,bacteria_dominated,lab
30.0,17.0,16.0,7a,97.0,3.0,aerobic,microbial_enzymatic,yes,21.0,compost_organic_fertilizer,plasticizer,10.0,nucleating_agent,1.0,no_additive,0.0,films,diverse_environmental,lab
30.0,14.0,16.0,7b,97.0,3.0,aerobic,hydrolysis,yes,27.0,marine_aquatic,plasticizer,10.0,nucleating_agent,1.0,no_additive,0.0,films,diverse_environmental,lab
30.0,55.0,16.0,7c,97.0,3.0,aerobic,microbial_enzymatic,yes,58.0,compost_organic_fertilizer,plasticizer,10.0,nucleating_agent,1.0,no_additive,0.0,films,bacteria_dominated,lab
30.0,39.0,16.0,8a,97.0,3.0,aerobic,microbial_enzymatic,yes,21.0,compost_organic_fertilizer,plasticizer,10.0,filler,10.0,no_additive,0.0,films,diverse_environmental,lab
30.0,22.0,16.0,8b,97.0,3.0,aerobic,hydrolysis,yes,27.0,marine_aquatic,plasticizer,10.0,filler,10.0,no_additive,0.0,films,diverse_environmental,lab
30.0,60.0,16.0,8c,97.0,3.0,aerobic,microbial_enzymatic,yes,58.0,compost_organic_fertilizer,plasticizer,10.0,filler,10.0,no_additive,0.0,films,bacteria_dominated,lab
23.0,5.0,18.0,1a,88.0,12.0,aerobic,microbial_enzymatic,yes,29.0,marine_aquatic,plasticizer,10.0,no_additive,0.0,no_additive,0.0,ribbons,bacteria_dominated,large
48.0,6.0,18.0,1a,88.0,12.0,aerobic,microbial_enzymatic,yes,29.0,marine_aquatic,plasticizer,10.0,no_additive,0.0,no_additive,0.0,ribbons,bacteria_dominated,large
72.0,7.0,18.0,1a,88.0,12.0,aerobic,microbial_enzymatic,yes,29.0,marine_aquatic,plasticizer,10.0,no_additive,0.0,no_additive,0.0,ribbons,bacteria_dominated,large
99.0,8.0,18.0,1a,88.0,12.0,aerobic,microbial_enzymatic,yes,29.0,marine_aquatic,plasticizer,10.0,no_additive,0.0,no_additive,0.0,ribbons,bacteria_dominated,large
149.0,10.0,18.0,1a,88.0,12.0,aerobic,microbial_enzymatic,yes,29.0,marine_aquatic,plasticizer,10.0,no_additive,0.0,no_additive,0.0,ribbons,bacteria_dominated,large
181.0,11.0,18.0,1a,88.0,12.0,aerobic,microbial_enzymatic,yes,29.0,marine_aquatic,plasticizer,10.0,no_additive,0.0,no_additive,0.0,ribbons,bacteria_dominated,large
216.0,13.0,18.0,1a,88.0,12.0,aerobic,microbial_enzymatic,yes,29.0,marine_aquatic,plasticizer,10.0,no_additive,0.0,no_additive,0.0,ribbons,bacteria_dominated,large
251.0,14.0,18.0,1a,88.0,12.0,aerobic,microbial_enzymatic,yes,29.0,marine_aquatic,plasticizer,10.0,no_additive,0.0,no_additive,0.0,ribbons,bacteria_dominated,large
272.0,15.0,18.0,1a,88.0,12.0,aerobic,microbial_enzymatic,yes,29.0,marine_aquatic,plasticizer,10.0,no_additive,0.0,no_additive,0.0,ribbons,bacteria_dominated,large
296.0,17.0,18.0,1a,88.0,12.0,aerobic,microbial_enzymatic,yes,29.0,marine_aquatic,plasticizer,10.0,no_additive,0.0,no_additive,0.0,ribbons,bacteria_dominated,large
310.0,18.0,18.0,1a,88.0,12.0,aerobic,microbial_enzymatic,yes,29.0,marine_aquatic,plasticizer,10.0,no_additive,0.0,no_additive,0.0,ribbons,bacteria_dominated,large
329.0,18.0,18.0,1a,88.0,12.0,aerobic,microbial_enzymatic,yes,29.0,marine_aquatic,plasticizer,10.0,no_additive,0.0,no_additive,0.0,ribbons,bacteria_dominated,large
349.0,19.0,18.0,1a,88.0,12.0,aerobic,microbial_enzymatic,yes,29.0,marine_aquatic,plasticizer,10.0,no_additive,0.0,no_additive,0.0,ribbons,bacteria_dominated,large
28.0,25.0,18.0,2a,88.0,12.0,aerobic,microbial_enzymatic,yes,29.0,marine_aquatic,plasticizer,5.0,filler,50.0,no_additive,0.0,ribbons,bacteria_dominated,large
33.0,32.0,18.0,2a,88.0,12.0,aerobic,microbial_enzymatic,yes,29.0,marine_aquatic,plasticizer,5.0,filler,50.0,no_additive,0.0,ribbons,bacteria_dominated,large
37.0,39.0,18.0,2a,88.0,12.0,aerobic,microbial_enzymatic,yes,29.0,marine_aquatic,plasticizer,5.0,filler,50.0,no_additive,0.0,ribbons,bacteria_dominated,large
42.0,47.0,18.0,2a,88.0,12.0,aerobic,microbial_enzymatic,yes,29.0,marine_aquatic,plasticizer,5.0,filler,50.0,no_additive,0.0,ribbons,bacteria_dominated,large
46.0,52.0,18.0,2a,88.0,12.0,aerobic,microbial_enzymatic,yes,29.0,marine_aquatic,plasticizer,5.0,filler,50.0,no_additive,0.0,ribbons,bacteria_dominated,large
50.0,57.0,18.0,2a,88.0,12.0,aerobic,microbial_enzymatic,yes,29.0,marine_aquatic,plasticizer,5.0,filler,50.0,no_additive,0.0,ribbons,bacteria_dominated,large
54.0,62.0,18.0,2a,88.0,12.0,aerobic,microbial_enzymatic,yes,29.0,marine_aquatic,plasticizer,5.0,filler,50.0,no_additive,0.0,ribbons,bacteria_dominated,large
59.0,67.0,18.0,2a,88.0,12.0,aerobic,microbial_enzymatic,yes,29.0,marine_aquatic,plasticizer,5.0,filler,50.0,no_additive,0.0,ribbons,bacteria_dominated,large
66.0,73.0,18.0,2a,88.0,12.0,aerobic,microbial_enzymatic,yes,29.0,marine_aquatic,plasticizer,5.0,filler,50.0,no_additive,0.0,ribbons,bacteria_dominated,large
74.0,80.0,18.0,2a,88.0,12.0,aerobic,microbial_enzymatic,yes,29.0,marine_aquatic,plasticizer,5.0,filler,50.0,no_additive,0.0,ribbons,bacteria_dominated,large
82.0,82.0,18.0,2a,88.0,12.0,aerobic,microbial_enzymatic,yes,29.0,marine_aquatic,plasticizer,5.0,filler,50.0,no_additive,0.0,ribbons,bacteria_dominated,large
89.0,86.0,18.0,2a,88.0,12.0,aerobic,microbial_enzymatic,yes,29.0,marine_aquatic,plasticizer,5.0,filler,50.0,no_additive,0.0,ribbons,bacteria_dominated,large
99.0,89.0,18.0,2a,88.0,12.0,aerobic,microbial_enzymatic,yes,29.0,marine_aquatic,plasticizer,5.0,filler,50.0,no_additive,0.0,ribbons,bacteria_dominated,large
119.0,93.0,18.0,2a,88.0,12.0,aerobic,microbial_enzymatic,yes,29.0,marine_aquatic,plasticizer,5.0,filler,50.0,no_additive,0.0,ribbons,bacteria_dominated,large
132.0,94.0,18.0,2a,88.0,12.0,aerobic,microbial_enzymatic,yes,29.0,marine_aquatic,plasticizer,5.0,filler,50.0,no_additive,0.0,ribbons,bacteria_dominated,large
149.0,97.0,18.0,2a,88.0,12.0,aerobic,microbial_enzymatic,yes,29.0,marine_aquatic,plasticizer,5.0,filler,50.0,no_additive,0.0,ribbons,bacteria_dominated,large
175.0,98.0,18.0,2a,88.0,12.0,aerobic,microbial_enzymatic,yes,29.0,marine_aquatic,plasticizer,5.0,filler,50.0,no_additive,0.0,ribbons,bacteria_dominated,large
191.0,98.0,18.0,2a,88.0,12.0,aerobic,microbial_enzymatic,yes,29.0,marine_aquatic,plasticizer,5.0,filler,50.0,no_additive,0.0,ribbons,bacteria_dominated,large
214.0,98.0,18.0,2a,88.0,12.0,aerobic,microbial_enzymatic,yes,29.0,marine_aquatic,plasticizer,5.0,filler,50.0,no_additive,0.0,ribbons,bacteria_dominated,large
238.0,98.0,18.0,2a,88.0,12.0,aerobic,microbial_enzymatic,yes,29.0,marine_aquatic,plasticizer,5.0,filler,50.0,no_additive,0.0,ribbons,bacteria_dominated,large
274.0,99.0,18.0,2a,88.0,12.0,aerobic,microbial_enzymatic,yes,29.0,marine_aquatic,plasticizer,5.0,filler,50.0,no_additive,0.0,ribbons,bacteria_dominated,large
302.0,100.0,18.0,2a,88.0,12.0,aerobic,microbial_enzymatic,yes,29.0,marine_aquatic,plasticizer,5.0,filler,50.0,no_additive,0.0,ribbons,bacteria_dominated,large
328.0,100.0,18.0,2a,88.0,12.0,aerobic,microbial_enzymatic,yes,29.0,marine_aquatic,plasticizer,5.0,filler,50.0,no_additive,0.0,ribbons,bacteria_dominated,large
347.0,100.0,18.0,2a,88.0,12.0,aerobic,microbial_enzymatic,yes,29.0,marine_aquatic,plasticizer,5.0,filler,50.0,no_additive,0.0,ribbons,bacteria_dominated,large
28.0,22.0,18.0,3a,88.0,12.0,aerobic,microbial_enzymatic,yes,29.0,marine_aquatic,plasticizer,5.0,filler,45.5,compatibilizer,4.5,ribbons,bacteria_dominated,large
31.0,28.0,18.0,3a,88.0,12.0,aerobic,microbial_enzymatic,yes,29.0,marine_aquatic,plasticizer,5.0,filler,45.5,compatibilizer,4.5,ribbons,bacteria_dominated,large
34.0,36.0,18.0,3a,88.0,12.0,aerobic,microbial_enzymatic,yes,29.0,marine_aquatic,plasticizer,5.0,filler,45.5,compatibilizer,4.5,ribbons,bacteria_dominated,large
38.0,42.0,18.0,3a,88.0,12.0,aerobic,microbial_enzymatic,yes,29.0,marine_aquatic,plasticizer,5.0,filler,45.5,compatibilizer,4.5,ribbons,bacteria_dominated,large
43.0,48.0,18.0,3a,88.0,12.0,aerobic,microbial_enzymatic,yes,29.0,marine_aquatic,plasticizer,5.0,filler,45.5,compatibilizer,4.5,ribbons,bacteria_dominated,large
48.0,55.0,18.0,3a,88.0,12.0,aerobic,microbial_enzymatic,yes,29.0,marine_aquatic,plasticizer,5.0,filler,45.5,compatibilizer,4.5,ribbons,bacteria_dominated,large
59.0,62.0,18.0,3a,88.0,12.0,aerobic,microbial_enzymatic,yes,29.0,marine_aquatic,plasticizer,5.0,filler,45.5,compatibilizer,4.5,ribbons,bacteria_dominated,large
64.0,66.0,18.0,3a,88.0,12.0,aerobic,microbial_enzymatic,yes,29.0,marine_aquatic,plasticizer,5.0,filler,45.5,compatibilizer,4.5,ribbons,bacteria_dominated,large
73.0,73.0,18.0,3a,88.0,12.0,aerobic,microbial_enzymatic,yes,29.0,marine_aquatic,plasticizer,5.0,filler,45.5,compatibilizer,4.5,ribbons,bacteria_dominated,large
84.0,76.0,18.0,3a,88.0,12.0,aerobic,microbial_enzymatic,yes,29.0,marine_aquatic,plasticizer,5.0,filler,45.5,compatibilizer,4.5,ribbons,bacteria_dominated,large
98.0,81.0,18.0,3a,88.0,12.0,aerobic,microbial_enzymatic,yes,29.0,marine_aquatic,plasticizer,5.0,filler,45.5,compatibilizer,4.5,ribbons,bacteria_dominated,large
112.0,85.0,18.0,3a,88.0,12.0,aerobic,microbial_enzymatic,yes,29.0,marine_aquatic,plasticizer,5.0,filler,45.5,compatibilizer,4.5,ribbons,bacteria_dominated,large
126.0,89.0,18.0,3a,88.0,12.0,aerobic,microbial_enzymatic,yes,29.0,marine_aquatic,plasticizer,5.0,filler,45.5,compatibilizer,4.5,ribbons,bacteria_dominated,large
134.0,91.0,18.0,3a,88.0,12.0,aerobic,microbial_enzymatic,yes,29.0,marine_aquatic,plasticizer,5.0,filler,45.5,compatibilizer,4.5,ribbons,bacteria_dominated,large
146.0,95.0,18.0,3a,88.0,12.0,aerobic,microbial_enzymatic,yes,29.0,marine_aquatic,plasticizer,5.0,filler,45.5,compatibilizer,4.5,ribbons,bacteria_dominated,large
177.0,95.0,18.0,3a,88.0,12.0,aerobic,microbial_enzymatic,yes,29.0,marine_aquatic,plasticizer,5.0,filler,45.5,compatibilizer,4.5,ribbons,bacteria_dominated,large
191.0,96.0,18.0,3a,88.0,12.0,aerobic,microbial_enzymatic,yes,29.0,marine_aquatic,plasticizer,5.0,filler,45.5,compatibilizer,4.5,ribbons,bacteria_dominated,large
206.0,96.0,18.0,3a,88.0,12.0,aerobic,microbial_enzymatic,yes,29.0,marine_aquatic,plasticizer,5.0,filler,45.5,compatibilizer,4.5,ribbons,bacteria_dominated,large
227.0,97.0,18.0,3a,88.0,12.0,aerobic,microbial_enzymatic,yes,29.0,marine_aquatic,plasticizer,5.0,filler,45.5,compatibilizer,4.5,ribbons,bacteria_dominated,large
244.0,97.0,18.0,3a,88.0,12.0,aerobic,microbial_enzymatic,yes,29.0,marine_aquatic,plasticizer,5.0,filler,45.5,compatibilizer,4.5,ribbons,bacteria_dominated,large
268.0,97.0,18.0,3a,88.0,12.0,aerobic,microbial_enzymatic,yes,29.0,marine_aquatic,plasticizer,5.0,filler,45.5,compatibilizer,4.5,ribbons,bacteria_dominated,large
291.0,98.0,18.0,3a,88.0,12.0,aerobic,microbial_enzymatic,yes,29.0,marine_aquatic,plasticizer,5.0,filler,45.5,compatibilizer,4.5,ribbons,bacteria_dominated,large
299.0,99.0,18.0,3a,88.0,12.0,aerobic,microbial_enzymatic,yes,29.0,marine_aquatic,plasticizer,5.0,filler,45.5,compatibilizer,4.5,ribbons,bacteria_dominated,large
330.0,99.0,18.0,3a,88.0,12.0,aerobic,microbial_enzymatic,yes,29.0,marine_aquatic,plasticizer,5.0,filler,45.5,compatibilizer,4.5,ribbons,bacteria_dominated,large
317.0,99.0,18.0,3a,88.0,12.0,aerobic,microbial_enzymatic,yes,29.0,marine_aquatic,plasticizer,5.0,filler,45.5,compatibilizer,4.5,ribbons,bacteria_dominated,large
342.0,99.0,18.0,3a,88.0,12.0,aerobic,microbial_enzymatic,yes,29.0,marine_aquatic,plasticizer,5.0,filler,45.5,compatibilizer,4.5,ribbons,bacteria_dominated,large
48.0,28.0,18.0,4a,88.0,12.0,aerobic,microbial_enzymatic,yes,29.0,marine_aquatic,plasticizer,7.0,filler,30.0,no_additive,0.0,ribbons,bacteria_dominated,large
61.0,36.0,18.0,4a,88.0,12.0,aerobic,microbial_enzymatic,yes,29.0,marine_aquatic,plasticizer,7.0,filler,30.0,no_additive,0.0,ribbons,bacteria_dominated,large
75.0,44.0,18.0,4a,88.0,12.0,aerobic,microbial_enzymatic,yes,29.0,marine_aquatic,plasticizer,7.0,filler,30.0,no_additive,0.0,ribbons,bacteria_dominated,large
98.0,47.0,18.0,4a,88.0,12.0,aerobic,microbial_enzymatic,yes,29.0,marine_aquatic,plasticizer,7.0,filler,30.0,no_additive,0.0,ribbons,bacteria_dominated,large
117.0,51.0,18.0,4a,88.0,12.0,aerobic,microbial_enzymatic,yes,29.0,marine_aquatic,plasticizer,7.0,filler,30.0,no_additive,0.0,ribbons,bacteria_dominated,large
129.0,54.0,18.0,4a,88.0,12.0,aerobic,microbial_enzymatic,yes,29.0,marine_aquatic,plasticizer,7.0,filler,30.0,no_additive,0.0,ribbons,bacteria_dominated,large
137.0,56.0,18.0,4a,88.0,12.0,aerobic,microbial_enzymatic,yes,29.0,marine_aquatic,plasticizer,7.0,filler,30.0,no_additive,0.0,ribbons,bacteria_dominated,large
151.0,60.0,18.0,4a,88.0,12.0,aerobic,microbial_enzymatic,yes,29.0,marine_aquatic,plasticizer,7.0,filler,30.0,no_additive,0.0,ribbons,bacteria_dominated,large
163.0,62.0,18.0,4a,88.0,12.0,aerobic,microbial_enzymatic,yes,29.0,marine_aquatic,plasticizer,7.0,filler,30.0,no_additive,0.0,ribbons,bacteria_dominated,large
184.0,66.0,18.0,4a,88.0,12.0,aerobic,microbial_enzymatic,yes,29.0,marine_aquatic,plasticizer,7.0,filler,30.0,no_additive,0.0,ribbons,bacteria_dominated,large
199.0,68.0,18.0,4a,88.0,12.0,aerobic,microbial_enzymatic,yes,29.0,marine_aquatic,plasticizer,7.0,filler,30.0,no_additive,0.0,ribbons,bacteria_dominated,large
210.0,71.0,18.0,4a,88.0,12.0,aerobic,microbial_enzymatic,yes,29.0,marine_aquatic,plasticizer,7.0,filler,30.0,no_additive,0.0,ribbons,bacteria_dominated,large
224.0,73.0,18.0,4a,88.0,12.0,aerobic,microbial_enzymatic,yes,29.0,marine_aquatic,plasticizer,7.0,filler,30.0,no_additive,0.0,ribbons,bacteria_dominated,large
235.0,76.0,18.0,4a,88.0,12.0,aerobic,microbial_enzymatic,yes,29.0,marine_aquatic,plasticizer,7.0,filler,30.0,no_additive,0.0,ribbons,bacteria_dominated,large
249.0,78.0,18.0,4a,88.0,12.0,aerobic,microbial_enzymatic,yes,29.0,marine_aquatic,plasticizer,7.0,filler,30.0,no_additive,0.0,ribbons,bacteria_dominated,large
262.0,81.0,18.0,4a,88.0,12.0,aerobic,microbial_enzymatic,yes,29.0,marine_aquatic,plasticizer,7.0,filler,30.0,no_additive,0.0,ribbons,bacteria_dominated,large
270.0,82.0,18.0,4a,88.0,12.0,aerobic,microbial_enzymatic,yes,29.0,marine_aquatic,plasticizer,7.0,filler,30.0,no_additive,0.0,ribbons,bacteria_dominated,large
283.0,84.0,18.0,4a,88.0,12.0,aerobic,microbial_enzymatic,yes,29.0,marine_aquatic,plasticizer,7.0,filler,30.0,no_additive,0.0,ribbons,bacteria_dominated,large
298.0,87.0,18.0,4a,88.0,12.0,aerobic,microbial_enzymatic,yes,29.0,marine_aquatic,plasticizer,7.0,filler,30.0,no_additive,0.0,ribbons,bacteria_dominated,large
310.0,90.0,18.0,4a,88.0,12.0,aerobic,microbial_enzymatic,yes,29.0,marine_aquatic,plasticizer,7.0,filler,30.0,no_additive,0.0,ribbons,bacteria_dominated,large
324.0,92.0,18.0,4a,88.0,12.0,aerobic,microbial_enzymatic,yes,29.0,marine_aquatic,plasticizer,7.0,filler,30.0,no_additive,0.0,ribbons,bacteria_dominated,large
335.0,94.0,18.0,4a,88.0,12.0,aerobic,microbial_enzymatic,yes,29.0,marine_aquatic,plasticizer,7.0,filler,30.0,no_additive,0.0,ribbons,bacteria_dominated,large
352.0,96.0,18.0,4a,88.0,12.0,aerobic,microbial_enzymatic,yes,29.0,marine_aquatic,plasticizer,7.0,filler,30.0,no_additive,0.0,ribbons,bacteria_dominated,large
33.0,21.0,18.0,5a,88.0,12.0,aerobic,microbial_enzymatic,yes,29.0,marine_aquatic,plasticizer,7.0,filler,27.3,compatibilizer,2.7,ribbons,bacteria_dominated,large
38.0,25.0,18.0,5a,88.0,12.0,aerobic,microbial_enzymatic,yes,29.0,marine_aquatic,plasticizer,7.0,filler,27.3,compatibilizer,2.7,ribbons,bacteria_dominated,large
49.0,33.0,18.0,5a,88.0,12.0,aerobic,microbial_enzymatic,yes,29.0,marine_aquatic,plasticizer,7.0,filler,27.3,compatibilizer,2.7,ribbons,bacteria_dominated,large
61.0,35.0,18.0,5a,88.0,12.0,aerobic,microbial_enzymatic,yes,29.0,marine_aquatic,plasticizer,7.0,filler,27.3,compatibilizer,2.7,ribbons,bacteria_dominated,large
72.0,37.0,18.0,5a,88.0,12.0,aerobic,microbial_enzymatic,yes,29.0,marine_aquatic,plasticizer,7.0,filler,27.3,compatibilizer,2.7,ribbons,bacteria_dominated,large
83.0,42.0,18.0,5a,88.0,12.0,aerobic,microbial_enzymatic,yes,29.0,marine_aquatic,plasticizer,7.0,filler,27.3,compatibilizer,2.7,ribbons,bacteria_dominated,large
100.0,50.0,18.0,5a,88.0,12.0,aerobic,microbial_enzymatic,yes,29.0,marine_aquatic,plasticizer,7.0,filler,27.3,compatibilizer,2.7,ribbons,bacteria_dominated,large
111.0,55.0,18.0,5a,88.0,12.0,aerobic,microbial_enzymatic,yes,29.0,marine_aquatic,plasticizer,7.0,filler,27.3,compatibilizer,2.7,ribbons,bacteria_dominated,large
119.0,59.0,18.0,5a,88.0,12.0,aerobic,microbial_enzymatic,yes,29.0,marine_aquatic,plasticizer,7.0,filler,27.3,compatibilizer,2.7,ribbons,bacteria_dominated,large
133.0,64.0,18.0,5a,88.0,12.0,aerobic,microbial_enzymatic,yes,29.0,marine_aquatic,plasticizer,7.0,filler,27.3,compatibilizer,2.7,ribbons,bacteria_dominated,large
149.0,72.0,18.0,5a,88.0,12.0,aerobic,microbial_enzymatic,yes,29.0,marine_aquatic,plasticizer,7.0,filler,27.3,compatibilizer,2.7,ribbons,bacteria_dominated,large
176.0,75.0,18.0,5a,88.0,12.0,aerobic,microbial_enzymatic,yes,29.0,marine_aquatic,plasticizer,7.0,filler,27.3,compatibilizer,2.7,ribbons,bacteria_dominated,large
194.0,77.0,18.0,5a,88.0,12.0,aerobic,microbial_enzymatic,yes,29.0,marine_aquatic,plasticizer,7.0,filler,27.3,compatibilizer,2.7,ribbons,bacteria_dominated,large
216.0,79.0,18.0,5a,88.0,12.0,aerobic,microbial_enzymatic,yes,29.0,marine_aquatic,plasticizer,7.0,filler,27.3,compatibilizer,2.7,ribbons,bacteria_dominated,large
231.0,80.0,18.0,5a,88.0,12.0,aerobic,microbial_enzymatic,yes,29.0,marine_aquatic,plasticizer,7.0,filler,27.3,compatibilizer,2.7,ribbons,bacteria_dominated,large
250.0,82.0,18.0,5a,88.0,12.0,aerobic,microbial_enzymatic,yes,29.0,marine_aquatic,plasticizer,7.0,filler,27.3,compatibilizer,2.7,ribbons,bacteria_dominated,large
268.0,84.0,18.0,5a,88.0,12.0,aerobic,microbial_enzymatic,yes,29.0,marine_aquatic,plasticizer,7.0,filler,27.3,compatibilizer,2.7,ribbons,bacteria_dominated,large
287.0,86.0,18.0,5a,88.0,12.0,aerobic,microbial_enzymatic,yes,29.0,marine_aquatic,plasticizer,7.0,filler,27.3,compatibilizer,2.7,ribbons,bacteria_dominated,large
300.0,88.0,18.0,5a,88.0,12.0,aerobic,microbial_enzymatic,yes,29.0,marine_aquatic,plasticizer,7.0,filler,27.3,compatibilizer,2.7,ribbons,bacteria_dominated,large
319.0,89.0,18.0,5a,88.0,12.0,aerobic,microbial_enzymatic,yes,29.0,marine_aquatic,plasticizer,7.0,filler,27.3,compatibilizer,2.7,ribbons,bacteria_dominated,large
332.0,91.0,18.0,5a,88.0,12.0,aerobic,microbial_enzymatic,yes,29.0,marine_aquatic,plasticizer,7.0,filler,27.3,compatibilizer,2.7,ribbons,bacteria_dominated,large
348.0,93.0,18.0,5a,88.0,12.0,aerobic,microbial_enzymatic,yes,29.0,marine_aquatic,plasticizer,7.0,filler,27.3,compatibilizer,2.7,ribbons,bacteria_dominated,large
25.0,5.0,18.0,1b,88.0,12.0,aerobic,microbial_enzymatic,yes,29.0,marine_aquatic,plasticizer,10.0,no_additive,0.0,no_additive,0.0,ribbons,bacteria_dominated,large
49.0,5.0,18.0,1b,88.0,12.0,aerobic,microbial_enzymatic,yes,29.0,marine_aquatic,plasticizer,10.0,no_additive,0.0,no_additive,0.0,ribbons,bacteria_dominated,large
76.0,5.0,18.0,1b,88.0,12.0,aerobic,microbial_enzymatic,yes,29.0,marine_aquatic,plasticizer,10.0,no_additive,0.0,no_additive,0.0,ribbons,bacteria_dominated,large
103.0,8.0,18.0,1b,88.0,12.0,aerobic,microbial_enzymatic,yes,29.0,marine_aquatic,plasticizer,10.0,no_additive,0.0,no_additive,0.0,ribbons,bacteria_dominated,large
131.0,10.0,18.0,1b,88.0,12.0,aerobic,microbial_enzymatic,yes,29.0,marine_aquatic,plasticizer,10.0,no_additive,0.0,no_additive,0.0,ribbons,bacteria_dominated,large
150.0,11.0,18.0,1b,88.0,12.0,aerobic,microbial_enzymatic,yes,29.0,marine_aquatic,plasticizer,10.0,no_additive,0.0,no_additive,0.0,ribbons,bacteria_dominated,large
170.0,14.0,18.0,1b,88.0,12.0,aerobic,microbial_enzymatic,yes,29.0,marine_aquatic,plasticizer,10.0,no_additive,0.0,no_additive,0.0,ribbons,bacteria_dominated,large
190.0,17.0,18.0,1b,88.0,12.0,aerobic,microbial_enzymatic,yes,29.0,marine_aquatic,plasticizer,10.0,no_additive,0.0,no_additive,0.0,ribbons,bacteria_dominated,large
213.0,20.0,18.0,1b,88.0,12.0,aerobic,microbial_enzymatic,yes,29.0,marine_aquatic,plasticizer,10.0,no_additive,0.0,no_additive,0.0,ribbons,bacteria_dominated,large
230.0,23.0,18.0,1b,88.0,12.0,aerobic,microbial_enzymatic,yes,29.0,marine_aquatic,plasticizer,10.0,no_additive,0.0,no_additive,0.0,ribbons,bacteria_dominated,large
253.0,27.0,18.0,1b,88.0,12.0,aerobic,microbial_enzymatic,yes,29.0,marine_aquatic,plasticizer,10.0,no_additive,0.0,no_additive,0.0,ribbons,bacteria_dominated,large
271.0,30.0,18.0,1b,88.0,12.0,aerobic,microbial_enzymatic,yes,29.0,marine_aquatic,plasticizer,10.0,no_additive,0.0,no_additive,0.0,ribbons,bacteria_dominated,large
299.0,34.0,18.0,1b,88.0,12.0,aerobic,microbial_enzymatic,yes,29.0,marine_aquatic,plasticizer,10.0,no_additive,0.0,no_additive,0.0,ribbons,bacteria_dominated,large
320.0,37.0,18.0,1b,88.0,12.0,aerobic,microbial_enzymatic,yes,29.0,marine_aquatic,plasticizer,10.0,no_additive,0.0,no_additive,0.0,ribbons,bacteria_dominated,large
347.0,42.0,18.0,1b,88.0,12.0,aerobic,microbial_enzymatic,yes,29.0,marine_aquatic,plasticizer,10.0,no_additive,0.0,no_additive,0.0,ribbons,bacteria_dominated,large
7.0,8.0,18.0,2b,88.0,12.0,aerobic,microbial_enzymatic,yes,29.0,marine_aquatic,plasticizer,5.0,filler,50.0,no_additive,0.0,ribbons,bacteria_dominated,large
13.0,14.0,18.0,2b,88.0,12.0,aerobic,microbial_enzymatic,yes,29.0,marine_aquatic,plasticizer,5.0,filler,50.0,no_additive,0.0,ribbons,bacteria_dominated,large
18.0,19.0,18.0,2b,88.0,12.0,aerobic,microbial_enzymatic,yes,29.0,marine_aquatic,plasticizer,5.0,filler,50.0,no_additive,0.0,ribbons,bacteria_dominated,large
23.0,24.0,18.0,2b,88.0,12.0,aerobic,microbial_enzymatic,yes,29.0,marine_aquatic,plasticizer,5.0,filler,50.0,no_additive,0.0,ribbons,bacteria_dominated,large
25.0,28.0,18.0,2b,88.0,12.0,aerobic,microbial_enzymatic,yes,29.0,marine_aquatic,plasticizer,5.0,filler,50.0,no_additive,0.0,ribbons,bacteria_dominated,large
30.0,32.0,18.0,2b,88.0,12.0,aerobic,microbial_enzymatic,yes,29.0,marine_aquatic,plasticizer,5.0,filler,50.0,no_additive,0.0,ribbons,bacteria_dominated,large
36.0,36.0,18.0,2b,88.0,12.0,aerobic,microbial_enzymatic,yes,29.0,marine_aquatic,plasticizer,5.0,filler,50.0,no_additive,0.0,ribbons,bacteria_dominated,large
38.0,41.0,18.0,2b,88.0,12.0,aerobic,microbial_enzymatic,yes,29.0,marine_aquatic,plasticizer,5.0,filler,50.0,no_additive,0.0,ribbons,bacteria_dominated,large
41.0,45.0,18.0,2b,88.0,12.0,aerobic,microbial_enzymatic,yes,29.0,marine_aquatic,plasticizer,5.0,filler,50.0,no_additive,0.0,ribbons,bacteria_dominated,large
44.0,49.0,18.0,2b,88.0,12.0,aerobic,microbial_enzymatic,yes,29.0,marine_aquatic,plasticizer,5.0,filler,50.0,no_additive,0.0,ribbons,bacteria_dominated,large
52.0,55.0,18.0,2b,88.0,12.0,aerobic,microbial_enzymatic,yes,29.0,marine_aquatic,plasticizer,5.0,filler,50.0,no_additive,0.0,ribbons,bacteria_dominated,large
55.0,58.0,18.0,2b,88.0,12.0,aerobic,microbial_enzymatic,yes,29.0,marine_aquatic,plasticizer,5.0,filler,50.0,no_additive,0.0,ribbons,bacteria_dominated,large
59.0,62.0,18.0,2b,88.0,12.0,aerobic,microbial_enzymatic,yes,29.0,marine_aquatic,plasticizer,5.0,filler,50.0,no_additive,0.0,ribbons,bacteria_dominated,large
65.0,69.0,18.0,2b,88.0,12.0,aerobic,microbial_enzymatic,yes,29.0,marine_aquatic,plasticizer,5.0,filler,50.0,no_additive,0.0,ribbons,bacteria_dominated,large
70.0,72.0,18.0,2b,88.0,12.0,aerobic,microbial_enzymatic,yes,29.0,marine_aquatic,plasticizer,5.0,filler,50.0,no_additive,0.0,ribbons,bacteria_dominated,large
76.0,77.0,18.0,2b,88.0,12.0,aerobic,microbial_enzymatic,yes,29.0,marine_aquatic,plasticizer,5.0,filler,50.0,no_additive,0.0,ribbons,bacteria_dominated,large
86.0,79.0,18.0,2b,88.0,12.0,aerobic,microbial_enzymatic,yes,29.0,marine_aquatic,plasticizer,5.0,filler,50.0,no_additive,0.0,ribbons,bacteria_dominated,large
103.0,82.0,18.0,2b,88.0,12.0,aerobic,microbial_enzymatic,yes,29.0,marine_aquatic,plasticizer,5.0,filler,50.0,no_additive,0.0,ribbons,bacteria_dominated,large
107.0,83.0,18.0,2b,88.0,12.0,aerobic,microbial_enzymatic,yes,29.0,marine_aquatic,plasticizer,5.0,filler,50.0,no_additive,0.0,ribbons,bacteria_dominated,large
121.0,85.0,18.0,2b,88.0,12.0,aerobic,microbial_enzymatic,yes,29.0,marine_aquatic,plasticizer,5.0,filler,50.0,no_additive,0.0,ribbons,bacteria_dominated,large
129.0,88.0,18.0,2b,88.0,12.0,aerobic,microbial_enzymatic,yes,29.0,marine_aquatic,plasticizer,5.0,filler,50.0,no_additive,0.0,ribbons,bacteria_dominated,large
149.0,92.0,18.0,2b,88.0,12.0,aerobic,microbial_enzymatic,yes,29.0,marine_aquatic,plasticizer,5.0,filler,50.0,no_additive,0.0,ribbons,bacteria_dominated,large
162.0,92.0,18.0,2b,88.0,12.0,aerobic,microbial_enzymatic,yes,29.0,marine_aquatic,plasticizer,5.0,filler,50.0,no_additive,0.0,ribbons,bacteria_dominated,large
176.0,93.0,18.0,2b,88.0,12.0,aerobic,microbial_enzymatic,yes,29.0,marine_aquatic,plasticizer,5.0,filler,50.0,no_additive,0.0,ribbons,bacteria_dominated,large
188.0,93.0,18.0,2b,88.0,12.0,aerobic,microbial_enzymatic,yes,29.0,marine_aquatic,plasticizer,5.0,filler,50.0,no_additive,0.0,ribbons,bacteria_dominated,large
210.0,93.0,18.0,2b,88.0,12.0,aerobic,microbial_enzymatic,yes,29.0,marine_aquatic,plasticizer,5.0,filler,50.0,no_additive,0.0,ribbons,bacteria_dominated,large
236.0,94.0,18.0,2b,88.0,12.0,aerobic,microbial_enzymatic,yes,29.0,marine_aquatic,plasticizer,5.0,filler,50.0,no_additive,0.0,ribbons,bacteria_dominated,large
249.0,94.0,18.0,2b,88.0,12.0,aerobic,microbial_enzymatic,yes,29.0,marine_aquatic,plasticizer,5.0,filler,50.0,no_additive,0.0,ribbons,bacteria_dominated,large
263.0,95.0,18.0,2b,88.0,12.0,aerobic,microbial_enzymatic,yes,29.0,marine_aquatic,plasticizer,5.0,filler,50.0,no_additive,0.0,ribbons,bacteria_dominated,large
282.0,95.0,18.0,2b,88.0,12.0,aerobic,microbial_enzymatic,yes,29.0,marine_aquatic,plasticizer,5.0,filler,50.0,no_additive,0.0,ribbons,bacteria_dominated,large
301.0,95.0,18.0,2b,88.0,12.0,aerobic,microbial_enzymatic,yes,29.0,marine_aquatic,plasticizer,5.0,filler,50.0,no_additive,0.0,ribbons,bacteria_dominated,large
320.0,96.0,18.0,2b,88.0,12.0,aerobic,microbial_enzymatic,yes,29.0,marine_aquatic,plasticizer,5.0,filler,50.0,no_additive,0.0,ribbons,bacteria_dominated,large
339.0,96.0,18.0,2b,88.0,12.0,aerobic,microbial_enzymatic,yes,29.0,marine_aquatic,plasticizer,5.0,filler,50.0,no_additive,0.0,ribbons,bacteria_dominated,large
350.0,96.0,18.0,2b,88.0,12.0,aerobic,microbial_enzymatic,yes,29.0,marine_aquatic,plasticizer,5.0,filler,50.0,no_additive,0.0,ribbons,bacteria_dominated,large
26.0,33.0,18.0,3b,88.0,12.0,aerobic,microbial_enzymatic,yes,29.0,marine_aquatic,plasticizer,5.0,filler,45.5,compatibilizer,4.5,ribbons,bacteria_dominated,large
32.0,38.0,18.0,3b,88.0,12.0,aerobic,microbial_enzymatic,yes,29.0,marine_aquatic,plasticizer,5.0,filler,45.5,compatibilizer,4.5,ribbons,bacteria_dominated,large
37.0,42.0,18.0,3b,88.0,12.0,aerobic,microbial_enzymatic,yes,29.0,marine_aquatic,plasticizer,5.0,filler,45.5,compatibilizer,4.5,ribbons,bacteria_dominated,large
50.0,48.0,18.0,3b,88.0,12.0,aerobic,microbial_enzymatic,yes,29.0,marine_aquatic,plasticizer,5.0,filler,45.5,compatibilizer,4.5,ribbons,bacteria_dominated,large
43.0,52.0,18.0,3b,88.0,12.0,aerobic,microbial_enzymatic,yes,29.0,marine_aquatic,plasticizer,5.0,filler,45.5,compatibilizer,4.5,ribbons,bacteria_dominated,large
64.0,57.0,18.0,3b,88.0,12.0,aerobic,microbial_enzymatic,yes,29.0,marine_aquatic,plasticizer,5.0,filler,45.5,compatibilizer,4.5,ribbons,bacteria_dominated,large
75.0,63.0,18.0,3b,88.0,12.0,aerobic,microbial_enzymatic,yes,29.0,marine_aquatic,plasticizer,5.0,filler,45.5,compatibilizer,4.5,ribbons,bacteria_dominated,large
85.0,67.0,18.0,3b,88.0,12.0,aerobic,microbial_enzymatic,yes,29.0,marine_aquatic,plasticizer,5.0,filler,45.5,compatibilizer,4.5,ribbons,bacteria_dominated,large
101.0,74.0,18.0,3b,88.0,12.0,aerobic,microbial_enzymatic,yes,29.0,marine_aquatic,plasticizer,5.0,filler,45.5,compatibilizer,4.5,ribbons,bacteria_dominated,large
114.0,78.0,18.0,3b,88.0,12.0,aerobic,microbial_enzymatic,yes,29.0,marine_aquatic,plasticizer,5.0,filler,45.5,compatibilizer,4.5,ribbons,bacteria_dominated,large
128.0,82.0,18.0,3b,88.0,12.0,aerobic,microbial_enzymatic,yes,29.0,marine_aquatic,plasticizer,5.0,filler,45.5,compatibilizer,4.5,ribbons,bacteria_dominated,large
147.0,89.0,18.0,3b,88.0,12.0,aerobic,microbial_enzymatic,yes,29.0,marine_aquatic,plasticizer,5.0,filler,45.5,compatibilizer,4.5,ribbons,bacteria_dominated,large
168.0,91.0,18.0,3b,88.0,12.0,aerobic,microbial_enzymatic,yes,29.0,marine_aquatic,plasticizer,5.0,filler,45.5,compatibilizer,4.5,ribbons,bacteria_dominated,large
205.0,91.0,18.0,3b,88.0,12.0,aerobic,microbial_enzymatic,yes,29.0,marine_aquatic,plasticizer,5.0,filler,45.5,compatibilizer,4.5,ribbons,bacteria_dominated,large
226.0,92.0,18.0,3b,88.0,12.0,aerobic,microbial_enzymatic,yes,29.0,marine_aquatic,plasticizer,5.0,filler,45.5,compatibilizer,4.5,ribbons,bacteria_dominated,large
264.0,92.0,18.0,3b,88.0,12.0,aerobic,microbial_enzymatic,yes,29.0,marine_aquatic,plasticizer,5.0,filler,45.5,compatibilizer,4.5,ribbons,bacteria_dominated,large
291.0,93.0,18.0,3b,88.0,12.0,aerobic,microbial_enzymatic,yes,29.0,marine_aquatic,plasticizer,5.0,filler,45.5,compatibilizer,4.5,ribbons,bacteria_dominated,large
312.0,93.0,18.0,3b,88.0,12.0,aerobic,microbial_enzymatic,yes,29.0,marine_aquatic,plasticizer,5.0,filler,45.5,compatibilizer,4.5,ribbons,bacteria_dominated,large
330.0,94.0,18.0,3b,88.0,12.0,aerobic,microbial_enzymatic,yes,29.0,marine_aquatic,plasticizer,5.0,filler,45.5,compatibilizer,4.5,ribbons,bacteria_dominated,large
350.0,94.0,18.0,3b,88.0,12.0,aerobic,microbial_enzymatic,yes,29.0,marine_aquatic,plasticizer,5.0,filler,45.5,compatibilizer,4.5,ribbons,bacteria_dominated,large
49.0,20.0,18.0,4b,88.0,12.0,aerobic,microbial_enzymatic,yes,29.0,marine_aquatic,plasticizer,7.0,filler,30.0,no_additive,0.0,ribbons,bacteria_dominated,large
76.0,23.0,18.0,4b,88.0,12.0,aerobic,microbial_enzymatic,yes,29.0,marine_aquatic,plasticizer,7.0,filler,30.0,no_additive,0.0,ribbons,bacteria_dominated,large
102.0,26.0,18.0,4b,88.0,12.0,aerobic,microbial_enzymatic,yes,29.0,marine_aquatic,plasticizer,7.0,filler,30.0,no_additive,0.0,ribbons,bacteria_dominated,large
115.0,35.0,18.0,4b,88.0,12.0,aerobic,microbial_enzymatic,yes,29.0,marine_aquatic,plasticizer,7.0,filler,30.0,no_additive,0.0,ribbons,bacteria_dominated,large
129.0,43.0,18.0,4b,88.0,12.0,aerobic,microbial_enzymatic,yes,29.0,marine_aquatic,plasticizer,7.0,filler,30.0,no_additive,0.0,ribbons,bacteria_dominated,large
136.0,49.0,18.0,4b,88.0,12.0,aerobic,microbial_enzymatic,yes,29.0,marine_aquatic,plasticizer,7.0,filler,30.0,no_additive,0.0,ribbons,bacteria_dominated,large
150.0,55.0,18.0,4b,88.0,12.0,aerobic,microbial_enzymatic,yes,29.0,marine_aquatic,plasticizer,7.0,filler,30.0,no_additive,0.0,ribbons,bacteria_dominated,large
166.0,57.0,18.0,4b,88.0,12.0,aerobic,microbial_enzymatic,yes,29.0,marine_aquatic,plasticizer,7.0,filler,30.0,no_additive,0.0,ribbons,bacteria_dominated,large
185.0,59.0,18.0,4b,88.0,12.0,aerobic,microbial_enzymatic,yes,29.0,marine_aquatic,plasticizer,7.0,filler,30.0,no_additive,0.0,ribbons,bacteria_dominated,large
214.0,63.0,18.0,4b,88.0,12.0,aerobic,microbial_enzymatic,yes,29.0,marine_aquatic,plasticizer,7.0,filler,30.0,no_additive,0.0,ribbons,bacteria_dominated,large
238.0,66.0,18.0,4b,88.0,12.0,aerobic,microbial_enzymatic,yes,29.0,marine_aquatic,plasticizer,7.0,filler,30.0,no_additive,0.0,ribbons,bacteria_dominated,large
257.0,67.0,18.0,4b,88.0,12.0,aerobic,microbial_enzymatic,yes,29.0,marine_aquatic,plasticizer,7.0,filler,30.0,no_additive,0.0,ribbons,bacteria_dominated,large
271.0,69.0,18.0,4b,88.0,12.0,aerobic,microbial_enzymatic,yes,29.0,marine_aquatic,plasticizer,7.0,filler,30.0,no_additive,0.0,ribbons,bacteria_dominated,large
288.0,70.0,18.0,4b,88.0,12.0,aerobic,microbial_enzymatic,yes,29.0,marine_aquatic,plasticizer,7.0,filler,30.0,no_additive,0.0,ribbons,bacteria_dominated,large
307.0,73.0,18.0,4b,88.0,12.0,aerobic,microbial_enzymatic,yes,29.0,marine_aquatic,plasticizer,7.0,filler,30.0,no_additive,0.0,ribbons,bacteria_dominated,large
333.0,75.0,18.0,4b,88.0,12.0,aerobic,microbial_enzymatic,yes,29.0,marine_aquatic,plasticizer,7.0,filler,30.0,no_additive,0.0,ribbons,bacteria_dominated,large
348.0,77.0,18.0,4b,88.0,12.0,aerobic,microbial_enzymatic,yes,29.0,marine_aquatic,plasticizer,7.0,filler,30.0,no_additive,0.0,ribbons,bacteria_dominated,large
59.0,22.0,18.0,5b,88.0,12.0,aerobic,microbial_enzymatic,yes,29.0,marine_aquatic,plasticizer,7.0,filler,27.3,compatibilizer,2.7,ribbons,bacteria_dominated,large
84.0,26.0,18.0,5b,88.0,12.0,aerobic,microbial_enzymatic,yes,29.0,marine_aquatic,plasticizer,7.0,filler,27.3,compatibilizer,2.7,ribbons,bacteria_dominated,large
100.0,29.0,18.0,5b,88.0,12.0,aerobic,microbial_enzymatic,yes,29.0,marine_aquatic,plasticizer,7.0,filler,27.3,compatibilizer,2.7,ribbons,bacteria_dominated,large
120.0,37.0,18.0,5b,88.0,12.0,aerobic,microbial_enzymatic,yes,29.0,marine_aquatic,plasticizer,7.0,filler,27.3,compatibilizer,2.7,ribbons,bacteria_dominated,large
130.0,43.0,18.0,5b,88.0,12.0,aerobic,microbial_enzymatic,yes,29.0,marine_aquatic,plasticizer,7.0,filler,27.3,compatibilizer,2.7,ribbons,bacteria_dominated,large
150.0,52.0,18.0,5b,88.0,12.0,aerobic,microbial_enzymatic,yes,29.0,marine_aquatic,plasticizer,7.0,filler,27.3,compatibilizer,2.7,ribbons,bacteria_dominated,large
166.0,55.0,18.0,5b,88.0,12.0,aerobic,microbial_enzymatic,yes,29.0,marine_aquatic,plasticizer,7.0,filler,27.3,compatibilizer,2.7,ribbons,bacteria_dominated,large
188.0,58.0,18.0,5b,88.0,12.0,aerobic,microbial_enzymatic,yes,29.0,marine_aquatic,plasticizer,7.0,filler,27.3,compatibilizer,2.7,ribbons,bacteria_dominated,large
216.0,61.0,18.0,5b,88.0,12.0,aerobic,microbial_enzymatic,yes,29.0,marine_aquatic,plasticizer,7.0,filler,27.3,compatibilizer,2.7,ribbons,bacteria_dominated,large
232.0,64.0,18.0,5b,88.0,12.0,aerobic,microbial_enzymatic,yes,29.0,marine_aquatic,plasticizer,7.0,filler,27.3,compatibilizer,2.7,ribbons,bacteria_dominated,large
257.0,68.0,18.0,5b,88.0,12.0,aerobic,microbial_enzymatic,yes,29.0,marine_aquatic,plasticizer,7.0,filler,27.3,compatibilizer,2.7,ribbons,bacteria_dominated,large
279.0,70.0,18.0,5b,88.0,12.0,aerobic,microbial_enzymatic,yes,29.0,marine_aquatic,plasticizer,7.0,filler,27.3,compatibilizer,2.7,ribbons,bacteria_dominated,large
297.0,73.0,18.0,5b,88.0,12.0,aerobic,microbial_enzymatic,yes,29.0,marine_aquatic,plasticizer,7.0,filler,27.3,compatibilizer,2.7,ribbons,bacteria_dominated,large
315.0,75.0,18.0,5b,88.0,12.0,aerobic,microbial_enzymatic,yes,29.0,marine_aquatic,plasticizer,7.0,filler,27.3,compatibilizer,2.7,ribbons,bacteria_dominated,large
327.0,77.0,18.0,5b,88.0,12.0,aerobic,microbial_enzymatic,yes,29.0,marine_aquatic,plasticizer,7.0,filler,27.3,compatibilizer,2.7,ribbons,bacteria_dominated,large
350.0,80.0,18.0,5b,88.0,12.0,aerobic,microbial_enzymatic,yes,29.0,marine_aquatic,plasticizer,7.0,filler,27.3,compatibilizer,2.7,ribbons,bacteria_dominated,large
25.0,7.0,18.0,1c,88.0,12.0,aerobic,microbial_enzymatic,yes,27.0,marine_aquatic,plasticizer,10.0,no_additive,0.0,no_additive,0.0,ribbons,bacteria_dominated,large
54.0,7.0,18.0,1c,88.0,12.0,aerobic,microbial_enzymatic,yes,27.0,marine_aquatic,plasticizer,10.0,no_additive,0.0,no_additive,0.0,ribbons,bacteria_dominated,large
73.0,8.0,18.0,1c,88.0,12.0,aerobic,microbial_enzymatic,yes,27.0,marine_aquatic,plasticizer,10.0,no_additive,0.0,no_additive,0.0,ribbons,bacteria_dominated,large
101.0,9.0,18.0,1c,88.0,12.0,aerobic,microbial_enzymatic,yes,27.0,marine_aquatic,plasticizer,10.0,no_additive,0.0,no_additive,0.0,ribbons,bacteria_dominated,large
134.0,12.0,18.0,1c,88.0,12.0,aerobic,microbial_enzymatic,yes,27.0,marine_aquatic,plasticizer,10.0,no_additive,0.0,no_additive,0.0,ribbons,bacteria_dominated,large
119.0,13.0,18.0,1c,88.0,12.0,aerobic,microbial_enzymatic,yes,27.0,marine_aquatic,plasticizer,10.0,no_additive,0.0,no_additive,0.0,ribbons,bacteria_dominated,large
151.0,16.0,18.0,1c,88.0,12.0,aerobic,microbial_enzymatic,yes,27.0,marine_aquatic,plasticizer,10.0,no_additive,0.0,no_additive,0.0,ribbons,bacteria_dominated,large
170.0,18.0,18.0,1c,88.0,12.0,aerobic,microbial_enzymatic,yes,27.0,marine_aquatic,plasticizer,10.0,no_additive,0.0,no_additive,0.0,ribbons,bacteria_dominated,large
199.0,19.0,18.0,1c,88.0,12.0,aerobic,microbial_enzymatic,yes,27.0,marine_aquatic,plasticizer,10.0,no_additive,0.0,no_additive,0.0,ribbons,bacteria_dominated,large
225.0,20.0,18.0,1c,88.0,12.0,aerobic,microbial_enzymatic,yes,27.0,marine_aquatic,plasticizer,10.0,no_additive,0.0,no_additive,0.0,ribbons,bacteria_dominated,large
252.0,22.0,18.0,1c,88.0,12.0,aerobic,microbial_enzymatic,yes,27.0,marine_aquatic,plasticizer,10.0,no_additive,0.0,no_additive,0.0,ribbons,bacteria_dominated,large
278.0,23.0,18.0,1c,88.0,12.0,aerobic,microbial_enzymatic,yes,27.0,marine_aquatic,plasticizer,10.0,no_additive,0.0,no_additive,0.0,ribbons,bacteria_dominated,large
314.0,25.0,18.0,1c,88.0,12.0,aerobic,microbial_enzymatic,yes,27.0,marine_aquatic,plasticizer,10.0,no_additive,0.0,no_additive,0.0,ribbons,bacteria_dominated,large
299.0,25.0,18.0,1c,88.0,12.0,aerobic,microbial_enzymatic,yes,27.0,marine_aquatic,plasticizer,10.0,no_additive,0.0,no_additive,0.0,ribbons,bacteria_dominated,large
333.0,26.0,18.0,1c,88.0,12.0,aerobic,microbial_enzymatic,yes,27.0,marine_aquatic,plasticizer,10.0,no_additive,0.0,no_additive,0.0,ribbons,bacteria_dominated,large
350.0,28.0,18.0,1c,88.0,12.0,aerobic,microbial_enzymatic,yes,27.0,marine_aquatic,plasticizer,10.0,no_additive,0.0,no_additive,0.0,ribbons,bacteria_dominated,large
33.0,37.0,18.0,2c,88.0,12.0,aerobic,microbial_enzymatic,yes,27.0,marine_aquatic,plasticizer,5.0,filler,50.0,no_additive,0.0,ribbons,bacteria_dominated,large
42.0,45.0,18.0,2c,88.0,12.0,aerobic,microbial_enzymatic,yes,27.0,marine_aquatic,plasticizer,5.0,filler,50.0,no_additive,0.0,ribbons,bacteria_dominated,large
50.0,54.0,18.0,2c,88.0,12.0,aerobic,microbial_enzymatic,yes,27.0,marine_aquatic,plasticizer,5.0,filler,50.0,no_additive,0.0,ribbons,bacteria_dominated,large
80.0,61.0,18.0,2c,88.0,12.0,aerobic,microbial_enzymatic,yes,27.0,marine_aquatic,plasticizer,5.0,filler,50.0,no_additive,0.0,ribbons,bacteria_dominated,large
102.0,62.0,18.0,2c,88.0,12.0,aerobic,microbial_enzymatic,yes,27.0,marine_aquatic,plasticizer,5.0,filler,50.0,no_additive,0.0,ribbons,bacteria_dominated,large
113.0,70.0,18.0,2c,88.0,12.0,aerobic,microbial_enzymatic,yes,27.0,marine_aquatic,plasticizer,5.0,filler,50.0,no_additive,0.0,ribbons,bacteria_dominated,large
124.0,79.0,18.0,2c,88.0,12.0,aerobic,microbial_enzymatic,yes,27.0,marine_aquatic,plasticizer,5.0,filler,50.0,no_additive,0.0,ribbons,bacteria_dominated,large
132.0,85.0,18.0,2c,88.0,12.0,aerobic,microbial_enzymatic,yes,27.0,marine_aquatic,plasticizer,5.0,filler,50.0,no_additive,0.0,ribbons,bacteria_dominated,large
143.0,92.0,18.0,2c,88.0,12.0,aerobic,microbial_enzymatic,yes,27.0,marine_aquatic,plasticizer,5.0,filler,50.0,no_additive,0.0,ribbons,bacteria_dominated,large
149.0,97.0,18.0,2c,88.0,12.0,aerobic,microbial_enzymatic,yes,27.0,marine_aquatic,plasticizer,5.0,filler,50.0,no_additive,0.0,ribbons,bacteria_dominated,large
164.0,98.0,18.0,2c,88.0,12.0,aerobic,microbial_enzymatic,yes,27.0,marine_aquatic,plasticizer,5.0,filler,50.0,no_additive,0.0,ribbons,bacteria_dominated,large
179.0,97.0,18.0,2c,88.0,12.0,aerobic,microbial_enzymatic,yes,27.0,marine_aquatic,plasticizer,5.0,filler,50.0,no_additive,0.0,ribbons,bacteria_dominated,large
202.0,97.0,18.0,2c,88.0,12.0,aerobic,microbial_enzymatic,yes,27.0,marine_aquatic,plasticizer,5.0,filler,50.0,no_additive,0.0,ribbons,bacteria_dominated,large
215.0,97.0,18.0,2c,88.0,12.0,aerobic,microbial_enzymatic,yes,27.0,marine_aquatic,plasticizer,5.0,filler,50.0,no_additive,0.0,ribbons,bacteria_dominated,large
243.0,97.0,18.0,2c,88.0,12.0,aerobic,microbial_enzymatic,yes,27.0,marine_aquatic,plasticizer,5.0,filler,50.0,no_additive,0.0,ribbons,bacteria_dominated,large
269.0,98.0,18.0,2c,88.0,12.0,aerobic,microbial_enzymatic,yes,27.0,marine_aquatic,plasticizer,5.0,filler,50.0,no_additive,0.0,ribbons,bacteria_dominated,large
312.0,97.0,18.0,2c,88.0,12.0,aerobic,microbial_enzymatic,yes,27.0,marine_aquatic,plasticizer,5.0,filler,50.0,no_additive,0.0,ribbons,bacteria_dominated,large
331.0,97.0,18.0,2c,88.0,12.0,aerobic,microbial_enzymatic,yes,27.0,marine_aquatic,plasticizer,5.0,filler,50.0,no_additive,0.0,ribbons,bacteria_dominated,large
350.0,98.0,18.0,2c,88.0,12.0,aerobic,microbial_enzymatic,yes,27.0,marine_aquatic,plasticizer,5.0,filler,50.0,no_additive,0.0,ribbons,bacteria_dominated,large
28.0,18.0,18.0,3c,88.0,12.0,aerobic,microbial_enzymatic,yes,27.0,marine_aquatic,plasticizer,5.0,filler,45.5,compatibilizer,4.5,ribbons,bacteria_dominated,large
36.0,31.0,18.0,3c,88.0,12.0,aerobic,microbial_enzymatic,yes,27.0,marine_aquatic,plasticizer,5.0,filler,45.5,compatibilizer,4.5,ribbons,bacteria_dominated,large
43.0,39.0,18.0,3c,88.0,12.0,aerobic,microbial_enzymatic,yes,27.0,marine_aquatic,plasticizer,5.0,filler,45.5,compatibilizer,4.5,ribbons,bacteria_dominated,large
47.0,46.0,18.0,3c,88.0,12.0,aerobic,microbial_enzymatic,yes,27.0,marine_aquatic,plasticizer,5.0,filler,45.5,compatibilizer,4.5,ribbons,bacteria_dominated,large
52.0,53.0,18.0,3c,88.0,12.0,aerobic,microbial_enzymatic,yes,27.0,marine_aquatic,plasticizer,5.0,filler,45.5,compatibilizer,4.5,ribbons,bacteria_dominated,large
77.0,56.0,18.0,3c,88.0,12.0,aerobic,microbial_enzymatic,yes,27.0,marine_aquatic,plasticizer,5.0,filler,45.5,compatibilizer,4.5,ribbons,bacteria_dominated,large
100.0,58.0,18.0,3c,88.0,12.0,aerobic,microbial_enzymatic,yes,27.0,marine_aquatic,plasticizer,5.0,filler,45.5,compatibilizer,4.5,ribbons,bacteria_dominated,large
113.0,64.0,18.0,3c,88.0,12.0,aerobic,microbial_enzymatic,yes,27.0,marine_aquatic,plasticizer,5.0,filler,45.5,compatibilizer,4.5,ribbons,bacteria_dominated,large
123.0,71.0,18.0,3c,88.0,12.0,aerobic,microbial_enzymatic,yes,27.0,marine_aquatic,plasticizer,5.0,filler,45.5,compatibilizer,4.5,ribbons,bacteria_dominated,large
134.0,78.0,18.0,3c,88.0,12.0,aerobic,microbial_enzymatic,yes,27.0,marine_aquatic,plasticizer,5.0,filler,45.5,compatibilizer,4.5,ribbons,bacteria_dominated,large
150.0,88.0,18.0,3c,88.0,12.0,aerobic,microbial_enzymatic,yes,27.0,marine_aquatic,plasticizer,5.0,filler,45.5,compatibilizer,4.5,ribbons,bacteria_dominated,large
163.0,90.0,18.0,3c,88.0,12.0,aerobic,microbial_enzymatic,yes,27.0,marine_aquatic,plasticizer,5.0,filler,45.5,compatibilizer,4.5,ribbons,bacteria_dominated,large
185.0,90.0,18.0,3c,88.0,12.0,aerobic,microbial_enzymatic,yes,27.0,marine_aquatic,plasticizer,5.0,filler,45.5,compatibilizer,4.5,ribbons,bacteria_dominated,large
214.0,92.0,18.0,3c,88.0,12.0,aerobic,microbial_enzymatic,yes,27.0,marine_aquatic,plasticizer,5.0,filler,45.5,compatibilizer,4.5,ribbons,bacteria_dominated,large
246.0,93.0,18.0,3c,88.0,12.0,aerobic,microbial_enzymatic,yes,27.0,marine_aquatic,plasticizer,5.0,filler,45.5,compatibilizer,4.5,ribbons,bacteria_dominated,large
270.0,94.0,18.0,3c,88.0,12.0,aerobic,microbial_enzymatic,yes,27.0,marine_aquatic,plasticizer,5.0,filler,45.5,compatibilizer,4.5,ribbons,bacteria_dominated,large
293.0,95.0,18.0,3c,88.0,12.0,aerobic,microbial_enzymatic,yes,27.0,marine_aquatic,plasticizer,5.0,filler,45.5,compatibilizer,4.5,ribbons,bacteria_dominated,large
322.0,96.0,18.0,3c,88.0,12.0,aerobic,microbial_enzymatic,yes,27.0,marine_aquatic,plasticizer,5.0,filler,45.5,compatibilizer,4.5,ribbons,bacteria_dominated,large
336.0,96.0,18.0,3c,88.0,12.0,aerobic,microbial_enzymatic,yes,27.0,marine_aquatic,plasticizer,5.0,filler,45.5,compatibilizer,4.5,ribbons,bacteria_dominated,large
351.0,96.0,18.0,3c,88.0,12.0,aerobic,microbial_enzymatic,yes,27.0,marine_aquatic,plasticizer,5.0,filler,45.5,compatibilizer,4.5,ribbons,bacteria_dominated,large
51.0,17.0,18.0,4c,88.0,12.0,aerobic,microbial_enzymatic,yes,27.0,marine_aquatic,plasticizer,7.0,filler,30.0,no_additive,0.0,ribbons,bacteria_dominated,large
74.0,18.0,18.0,4c,88.0,12.0,aerobic,microbial_enzymatic,yes,27.0,marine_aquatic,plasticizer,7.0,filler,30.0,no_additive,0.0,ribbons,bacteria_dominated,large
88.0,22.0,18.0,4c,88.0,12.0,aerobic,microbial_enzymatic,yes,27.0,marine_aquatic,plasticizer,7.0,filler,30.0,no_additive,0.0,ribbons,bacteria_dominated,large
103.0,27.0,18.0,4c,88.0,12.0,aerobic,microbial_enzymatic,yes,27.0,marine_aquatic,plasticizer,7.0,filler,30.0,no_additive,0.0,ribbons,bacteria_dominated,large
108.0,35.0,18.0,4c,88.0,12.0,aerobic,microbial_enzymatic,yes,27.0,marine_aquatic,plasticizer,7.0,filler,30.0,no_additive,0.0,ribbons,bacteria_dominated,large
114.0,41.0,18.0,4c,88.0,12.0,aerobic,microbial_enzymatic,yes,27.0,marine_aquatic,plasticizer,7.0,filler,30.0,no_additive,0.0,ribbons,bacteria_dominated,large
117.0,47.0,18.0,4c,88.0,12.0,aerobic,microbial_enzymatic,yes,27.0,marine_aquatic,plasticizer,7.0,filler,30.0,no_additive,0.0,ribbons,bacteria_dominated,large
124.0,53.0,18.0,4c,88.0,12.0,aerobic,microbial_enzymatic,yes,27.0,marine_aquatic,plasticizer,7.0,filler,30.0,no_additive,0.0,ribbons,bacteria_dominated,large
130.0,60.0,18.0,4c,88.0,12.0,aerobic,microbial_enzymatic,yes,27.0,marine_aquatic,plasticizer,7.0,filler,30.0,no_additive,0.0,ribbons,bacteria_dominated,large
135.0,64.0,18.0,4c,88.0,12.0,aerobic,microbial_enzymatic,yes,27.0,marine_aquatic,plasticizer,7.0,filler,30.0,no_additive,0.0,ribbons,bacteria_dominated,large
140.0,71.0,18.0,4c,88.0,12.0,aerobic,microbial_enzymatic,yes,27.0,marine_aquatic,plasticizer,7.0,filler,30.0,no_additive,0.0,ribbons,bacteria_dominated,large
143.0,77.0,18.0,4c,88.0,12.0,aerobic,microbial_enzymatic,yes,27.0,marine_aquatic,plasticizer,7.0,filler,30.0,no_additive,0.0,ribbons,bacteria_dominated,large
148.0,83.0,18.0,4c,88.0,12.0,aerobic,microbial_enzymatic,yes,27.0,marine_aquatic,plasticizer,7.0,filler,30.0,no_additive,0.0,ribbons,bacteria_dominated,large
150.0,86.0,18.0,4c,88.0,12.0,aerobic,microbial_enzymatic,yes,27.0,marine_aquatic,plasticizer,7.0,filler,30.0,no_additive,0.0,ribbons,bacteria_dominated,large
169.0,86.0,18.0,4c,88.0,12.0,aerobic,microbial_enzymatic,yes,27.0,marine_aquatic,plasticizer,7.0,filler,30.0,no_additive,0.0,ribbons,bacteria_dominated,large
183.0,87.0,18.0,4c,88.0,12.0,aerobic,microbial_enzymatic,yes,27.0,marine_aquatic,plasticizer,7.0,filler,30.0,no_additive,0.0,ribbons,bacteria_dominated,large
199.0,87.0,18.0,4c,88.0,12.0,aerobic,microbial_enzymatic,yes,27.0,marine_aquatic,plasticizer,7.0,filler,30.0,no_additive,0.0,ribbons,bacteria_dominated,large
216.0,88.0,18.0,4c,88.0,12.0,aerobic,microbial_enzymatic,yes,27.0,marine_aquatic,plasticizer,7.0,filler,30.0,no_additive,0.0,ribbons,bacteria_dominated,large
239.0,90.0,18.0,4c,88.0,12.0,aerobic,microbial_enzymatic,yes,27.0,marine_aquatic,plasticizer,7.0,filler,30.0,no_additive,0.0,ribbons,bacteria_dominated,large
266.0,91.0,18.0,4c,88.0,12.0,aerobic,microbial_enzymatic,yes,27.0,marine_aquatic,plasticizer,7.0,filler,30.0,no_additive,0.0,ribbons,bacteria_dominated,large
291.0,92.0,18.0,4c,88.0,12.0,aerobic,microbial_enzymatic,yes,27.0,marine_aquatic,plasticizer,7.0,filler,30.0,no_additive,0.0,ribbons,bacteria_dominated,large
313.0,93.0,18.0,4c,88.0,12.0,aerobic,microbial_enzymatic,yes,27.0,marine_aquatic,plasticizer,7.0,filler,30.0,no_additive,0.0,ribbons,bacteria_dominated,large
333.0,95.0,18.0,4c,88.0,12.0,aerobic,microbial_enzymatic,yes,27.0,marine_aquatic,plasticizer,7.0,filler,30.0,no_additive,0.0,ribbons,bacteria_dominated,large
345.0,95.0,18.0,4c,88.0,12.0,aerobic,microbial_enzymatic,yes,27.0,marine_aquatic,plasticizer,7.0,filler,30.0,no_additive,0.0,ribbons,bacteria_dominated,large
350.0,95.0,18.0,4c,88.0,12.0,aerobic,microbial_enzymatic,yes,27.0,marine_aquatic,plasticizer,7.0,filler,30.0,no_additive,0.0,ribbons,bacteria_dominated,large
27.0,12.0,18.0,5c,88.0,12.0,aerobic,microbial_enzymatic,yes,27.0,marine_aquatic,plasticizer,7.0,filler,27.3,compatibilizer,2.7,ribbons,bacteria_dominated,large
51.0,19.0,18.0,5c,88.0,12.0,aerobic,microbial_enzymatic,yes,27.0,marine_aquatic,plasticizer,7.0,filler,27.3,compatibilizer,2.7,ribbons,bacteria_dominated,large
74.0,20.0,18.0,5c,88.0,12.0,aerobic,microbial_enzymatic,yes,27.0,marine_aquatic,plasticizer,7.0,filler,27.3,compatibilizer,2.7,ribbons,bacteria_dominated,large
102.0,28.0,18.0,5c,88.0,12.0,aerobic,microbial_enzymatic,yes,27.0,marine_aquatic,plasticizer,7.0,filler,27.3,compatibilizer,2.7,ribbons,bacteria_dominated,large
110.0,37.0,18.0,5c,88.0,12.0,aerobic,microbial_enzymatic,yes,27.0,marine_aquatic,plasticizer,7.0,filler,27.3,compatibilizer,2.7,ribbons,bacteria_dominated,large
119.0,45.0,18.0,5c,88.0,12.0,aerobic,microbial_enzymatic,yes,27.0,marine_aquatic,plasticizer,7.0,filler,27.3,compatibilizer,2.7,ribbons,bacteria_dominated,large
122.0,52.0,18.0,5c,88.0,12.0,aerobic,microbial_enzymatic,yes,27.0,marine_aquatic,plasticizer,7.0,filler,27.3,compatibilizer,2.7,ribbons,bacteria_dominated,large
130.0,60.0,18.0,5c,88.0,12.0,aerobic,microbial_enzymatic,yes,27.0,marine_aquatic,plasticizer,7.0,filler,27.3,compatibilizer,2.7,ribbons,bacteria_dominated,large
134.0,66.0,18.0,5c,88.0,12.0,aerobic,microbial_enzymatic,yes,27.0,marine_aquatic,plasticizer,7.0,filler,27.3,compatibilizer,2.7,ribbons,bacteria_dominated,large
140.0,74.0,18.0,5c,88.0,12.0,aerobic,microbial_enzymatic,yes,27.0,marine_aquatic,plasticizer,7.0,filler,27.3,compatibilizer,2.7,ribbons,bacteria_dominated,large
145.0,81.0,18.0,5c,88.0,12.0,aerobic,microbial_enzymatic,yes,27.0,marine_aquatic,plasticizer,7.0,filler,27.3,compatibilizer,2.7,ribbons,bacteria_dominated,large
150.0,87.0,18.0,5c,88.0,12.0,aerobic,microbial_enzymatic,yes,27.0,marine_aquatic,plasticizer,7.0,filler,27.3,compatibilizer,2.7,ribbons,bacteria_dominated,large
163.0,88.0,18.0,5c,88.0,12.0,aerobic,microbial_enzymatic,yes,27.0,marine_aquatic,plasticizer,7.0,filler,27.3,compatibilizer,2.7,ribbons,bacteria_dominated,large
178.0,88.0,18.0,5c,88.0,12.0,aerobic,microbial_enzymatic,yes,27.0,marine_aquatic,plasticizer,7.0,filler,27.3,compatibilizer,2.7,ribbons,bacteria_dominated,large
199.0,89.0,18.0,5c,88.0,12.0,aerobic,microbial_enzymatic,yes,27.0,marine_aquatic,plasticizer,7.0,filler,27.3,compatibilizer,2.7,ribbons,bacteria_dominated,large
222.0,90.0,18.0,5c,88.0,12.0,aerobic,microbial_enzymatic,yes,27.0,marine_aquatic,plasticizer,7.0,filler,27.3,compatibilizer,2.7,ribbons,bacteria_dominated,large
241.0,90.0,18.0,5c,88.0,12.0,aerobic,microbial_enzymatic,yes,27.0,marine_aquatic,plasticizer,7.0,filler,27.3,compatibilizer,2.7,ribbons,bacteria_dominated,large
258.0,92.0,18.0,5c,88.0,12.0,aerobic,microbial_enzymatic,yes,27.0,marine_aquatic,plasticizer,7.0,filler,27.3,compatibilizer,2.7,ribbons,bacteria_dominated,large
279.0,92.0,18.0,5c,88.0,12.0,aerobic,microbial_enzymatic,yes,27.0,marine_aquatic,plasticizer,7.0,filler,27.3,compatibilizer,2.7,ribbons,bacteria_dominated,large
298.0,93.0,18.0,5c,88.0,12.0,aerobic,microbial_enzymatic,yes,27.0,marine_aquatic,plasticizer,7.0,filler,27.3,compatibilizer,2.7,ribbons,bacteria_dominated,large
317.0,93.0,18.0,5c,88.0,12.0,aerobic,microbial_enzymatic,yes,27.0,marine_aquatic,plasticizer,7.0,filler,27.3,compatibilizer,2.7,ribbons,bacteria_dominated,large
333.0,94.0,18.0,5c,88.0,12.0,aerobic,microbial_enzymatic,yes,27.0,marine_aquatic,plasticizer,7.0,filler,27.3,compatibilizer,2.7,ribbons,bacteria_dominated,large
350.0,95.0,18.0,5c,88.0,12.0,aerobic,microbial_enzymatic,yes,27.0,marine_aquatic,plasticizer,7.0,filler,27.3,compatibilizer,2.7,ribbons,bacteria_dominated,large
10.0,1.0,18.0,1d,88.0,12.0,aerobic,microbial_enzymatic,yes,26.0,marine_aquatic,plasticizer,10.0,no_additive,0.0,no_additive,0.0,ribbons,bacteria_dominated,large
15.0,1.0,18.0,1d,88.0,12.0,aerobic,microbial_enzymatic,yes,26.0,marine_aquatic,plasticizer,10.0,no_additive,0.0,no_additive,0.0,ribbons,bacteria_dominated,large
21.0,1.0,18.0,1d,88.0,12.0,aerobic,microbial_enzymatic,yes,26.0,marine_aquatic,plasticizer,10.0,no_additive,0.0,no_additive,0.0,ribbons,bacteria_dominated,large
26.0,2.0,18.0,1d,88.0,12.0,aerobic,microbial_enzymatic,yes,26.0,marine_aquatic,plasticizer,10.0,no_additive,0.0,no_additive,0.0,ribbons,bacteria_dominated,large
28.0,2.0,18.0,1d,88.0,12.0,aerobic,microbial_enzymatic,yes,26.0,marine_aquatic,plasticizer,10.0,no_additive,0.0,no_additive,0.0,ribbons,bacteria_dominated,large
33.0,3.0,18.0,1d,88.0,12.0,aerobic,microbial_enzymatic,yes,26.0,marine_aquatic,plasticizer,10.0,no_additive,0.0,no_additive,0.0,ribbons,bacteria_dominated,large
40.0,3.0,18.0,1d,88.0,12.0,aerobic,microbial_enzymatic,yes,26.0,marine_aquatic,plasticizer,10.0,no_additive,0.0,no_additive,0.0,ribbons,bacteria_dominated,large
45.0,3.0,18.0,1d,88.0,12.0,aerobic,microbial_enzymatic,yes,26.0,marine_aquatic,plasticizer,10.0,no_additive,0.0,no_additive,0.0,ribbons,bacteria_dominated,large
51.0,4.0,18.0,1d,88.0,12.0,aerobic,microbial_enzymatic,yes,26.0,marine_aquatic,plasticizer,10.0,no_additive,0.0,no_additive,0.0,ribbons,bacteria_dominated,large
55.0,4.0,18.0,1d,88.0,12.0,aerobic,microbial_enzymatic,yes,26.0,marine_aquatic,plasticizer,10.0,no_additive,0.0,no_additive,0.0,ribbons,bacteria_dominated,large
61.0,4.0,18.0,1d,88.0,12.0,aerobic,microbial_enzymatic,yes,26.0,marine_aquatic,plasticizer,10.0,no_additive,0.0,no_additive,0.0,ribbons,bacteria_dominated,large
70.0,4.0,18.0,1d,88.0,12.0,aerobic,microbial_enzymatic,yes,26.0,marine_aquatic,plasticizer,10.0,no_additive,0.0,no_additive,0.0,ribbons,bacteria_dominated,large
79.0,4.0,18.0,1d,88.0,12.0,aerobic,microbial_enzymatic,yes,26.0,marine_aquatic,plasticizer,10.0,no_additive,0.0,no_additive,0.0,ribbons,bacteria_dominated,large
84.0,5.0,18.0,1d,88.0,12.0,aerobic,microbial_enzymatic,yes,26.0,marine_aquatic,plasticizer,10.0,no_additive,0.0,no_additive,0.0,ribbons,bacteria_dominated,large
92.0,5.0,18.0,1d,88.0,12.0,aerobic,microbial_enzymatic,yes,26.0,marine_aquatic,plasticizer,10.0,no_additive,0.0,no_additive,0.0,ribbons,bacteria_dominated,large
100.0,5.0,18.0,1d,88.0,12.0,aerobic,microbial_enzymatic,yes,26.0,marine_aquatic,plasticizer,10.0,no_additive,0.0,no_additive,0.0,ribbons,bacteria_dominated,large
104.0,6.0,18.0,1d,88.0,12.0,aerobic,microbial_enzymatic,yes,26.0,marine_aquatic,plasticizer,10.0,no_additive,0.0,no_additive,0.0,ribbons,bacteria_dominated,large
108.0,6.0,18.0,1d,88.0,12.0,aerobic,microbial_enzymatic,yes,26.0,marine_aquatic,plasticizer,10.0,no_additive,0.0,no_additive,0.0,ribbons,bacteria_dominated,large
111.0,6.0,18.0,1d,88.0,12.0,aerobic,microbial_enzymatic,yes,26.0,marine_aquatic,plasticizer,10.0,no_additive,0.0,no_additive,0.0,ribbons,bacteria_dominated,large
39.0,24.0,18.0,2d,88.0,12.0,aerobic,microbial_enzymatic,yes,26.0,marine_aquatic,plasticizer,5.0,filler,50.0,no_additive,0.0,ribbons,bacteria_dominated,large
50.0,40.0,18.0,2d,88.0,12.0,aerobic,microbial_enzymatic,yes,26.0,marine_aquatic,plasticizer,5.0,filler,50.0,no_additive,0.0,ribbons,bacteria_dominated,large
63.0,48.0,18.0,2d,88.0,12.0,aerobic,microbial_enzymatic,yes,26.0,marine_aquatic,plasticizer,5.0,filler,50.0,no_additive,0.0,ribbons,bacteria_dominated,large
78.0,55.0,18.0,2d,88.0,12.0,aerobic,microbial_enzymatic,yes,26.0,marine_aquatic,plasticizer,5.0,filler,50.0,no_additive,0.0,ribbons,bacteria_dominated,large
84.0,66.0,18.0,2d,88.0,12.0,aerobic,microbial_enzymatic,yes,26.0,marine_aquatic,plasticizer,5.0,filler,50.0,no_additive,0.0,ribbons,bacteria_dominated,large
90.0,73.0,18.0,2d,88.0,12.0,aerobic,microbial_enzymatic,yes,26.0,marine_aquatic,plasticizer,5.0,filler,50.0,no_additive,0.0,ribbons,bacteria_dominated,large
95.0,81.0,18.0,2d,88.0,12.0,aerobic,microbial_enzymatic,yes,26.0,marine_aquatic,plasticizer,5.0,filler,50.0,no_additive,0.0,ribbons,bacteria_dominated,large
98.0,88.0,18.0,2d,88.0,12.0,aerobic,microbial_enzymatic,yes,26.0,marine_aquatic,plasticizer,5.0,filler,50.0,no_additive,0.0,ribbons,bacteria_dominated,large
115.0,91.0,18.0,2d,88.0,12.0,aerobic,microbial_enzymatic,yes,26.0,marine_aquatic,plasticizer,5.0,filler,50.0,no_additive,0.0,ribbons,bacteria_dominated,large
133.0,96.0,18.0,2d,88.0,12.0,aerobic,microbial_enzymatic,yes,26.0,marine_aquatic,plasticizer,5.0,filler,50.0,no_additive,0.0,ribbons,bacteria_dominated,large
150.0,99.0,18.0,2d,88.0,12.0,aerobic,microbial_enzymatic,yes,26.0,marine_aquatic,plasticizer,5.0,filler,50.0,no_additive,0.0,ribbons,bacteria_dominated,large
171.0,99.0,18.0,2d,88.0,12.0,aerobic,microbial_enzymatic,yes,26.0,marine_aquatic,plasticizer,5.0,filler,50.0,no_additive,0.0,ribbons,bacteria_dominated,large
350.0,100.0,18.0,2d,88.0,12.0,aerobic,microbial_enzymatic,yes,26.0,marine_aquatic,plasticizer,5.0,filler,50.0,no_additive,0.0,ribbons,bacteria_dominated,large
40.0,27.0,18.0,3d,88.0,12.0,aerobic,microbial_enzymatic,yes,26.0,marine_aquatic,plasticizer,5.0,filler,45.5,compatibilizer,4.5,ribbons,bacteria_dominated,large
46.0,34.0,18.0,3d,88.0,12.0,aerobic,microbial_enzymatic,yes,26.0,marine_aquatic,plasticizer,5.0,filler,45.5,compatibilizer,4.5,ribbons,bacteria_dominated,large
50.0,39.0,18.0,3d,88.0,12.0,aerobic,microbial_enzymatic,yes,26.0,marine_aquatic,plasticizer,5.0,filler,45.5,compatibilizer,4.5,ribbons,bacteria_dominated,large
77.0,44.0,18.0,3d,88.0,12.0,aerobic,microbial_enzymatic,yes,26.0,marine_aquatic,plasticizer,5.0,filler,45.5,compatibilizer,4.5,ribbons,bacteria_dominated,large
86.0,52.0,18.0,3d,88.0,12.0,aerobic,microbial_enzymatic,yes,26.0,marine_aquatic,plasticizer,5.0,filler,45.5,compatibilizer,4.5,ribbons,bacteria_dominated,large
101.0,62.0,18.0,3d,88.0,12.0,aerobic,microbial_enzymatic,yes,26.0,marine_aquatic,plasticizer,5.0,filler,45.5,compatibilizer,4.5,ribbons,bacteria_dominated,large
113.0,69.0,18.0,3d,88.0,12.0,aerobic,microbial_enzymatic,yes,26.0,marine_aquatic,plasticizer,5.0,filler,45.5,compatibilizer,4.5,ribbons,bacteria_dominated,large
129.0,75.0,18.0,3d,88.0,12.0,aerobic,microbial_enzymatic,yes,26.0,marine_aquatic,plasticizer,5.0,filler,45.5,compatibilizer,4.5,ribbons,bacteria_dominated,large
150.0,83.0,18.0,3d,88.0,12.0,aerobic,microbial_enzymatic,yes,26.0,marine_aquatic,plasticizer,5.0,filler,45.5,compatibilizer,4.5,ribbons,bacteria_dominated,large
165.0,84.0,18.0,3d,88.0,12.0,aerobic,microbial_enzymatic,yes,26.0,marine_aquatic,plasticizer,5.0,filler,45.5,compatibilizer,4.5,ribbons,bacteria_dominated,large
186.0,86.0,18.0,3d,88.0,12.0,aerobic,microbial_enzymatic,yes,26.0,marine_aquatic,plasticizer,5.0,filler,45.5,compatibilizer,4.5,ribbons,bacteria_dominated,large
203.0,87.0,18.0,3d,88.0,12.0,aerobic,microbial_enzymatic,yes,26.0,marine_aquatic,plasticizer,5.0,filler,45.5,compatibilizer,4.5,ribbons,bacteria_dominated,large
219.0,89.0,18.0,3d,88.0,12.0,aerobic,microbial_enzymatic,yes,26.0,marine_aquatic,plasticizer,5.0,filler,45.5,compatibilizer,4.5,ribbons,bacteria_dominated,large
242.0,90.0,18.0,3d,88.0,12.0,aerobic,microbial_enzymatic,yes,26.0,marine_aquatic,plasticizer,5.0,filler,45.5,compatibilizer,4.5,ribbons,bacteria_dominated,large
259.0,92.0,18.0,3d,88.0,12.0,aerobic,microbial_enzymatic,yes,26.0,marine_aquatic,plasticizer,5.0,filler,45.5,compatibilizer,4.5,ribbons,bacteria_dominated,large
279.0,93.0,18.0,3d,88.0,12.0,aerobic,microbial_enzymatic,yes,26.0,marine_aquatic,plasticizer,5.0,filler,45.5,compatibilizer,4.5,ribbons,bacteria_dominated,large
301.0,95.0,18.0,3d,88.0,12.0,aerobic,microbial_enzymatic,yes,26.0,marine_aquatic,plasticizer,5.0,filler,45.5,compatibilizer,4.5,ribbons,bacteria_dominated,large
324.0,97.0,18.0,3d,88.0,12.0,aerobic,microbial_enzymatic,yes,26.0,marine_aquatic,plasticizer,5.0,filler,45.5,compatibilizer,4.5,ribbons,bacteria_dominated,large
350.0,98.0,18.0,3d,88.0,12.0,aerobic,microbial_enzymatic,yes,26.0,marine_aquatic,plasticizer,5.0,filler,45.5,compatibilizer,4.5,ribbons,bacteria_dominated,large
52.0,19.0,18.0,4d,88.0,12.0,aerobic,microbial_enzymatic,yes,26.0,marine_aquatic,plasticizer,7.0,filler,30.0,no_additive,0.0,ribbons,bacteria_dominated,large
75.0,13.0,18.0,4d,88.0,12.0,aerobic,microbial_enzymatic,yes,26.0,marine_aquatic,plasticizer,7.0,filler,30.0,no_additive,0.0,ribbons,bacteria_dominated,large
102.0,17.0,18.0,4d,88.0,12.0,aerobic,microbial_enzymatic,yes,26.0,marine_aquatic,plasticizer,7.0,filler,30.0,no_additive,0.0,ribbons,bacteria_dominated,large
114.0,28.0,18.0,4d,88.0,12.0,aerobic,microbial_enzymatic,yes,26.0,marine_aquatic,plasticizer,7.0,filler,30.0,no_additive,0.0,ribbons,bacteria_dominated,large
121.0,36.0,18.0,4d,88.0,12.0,aerobic,microbial_enzymatic,yes,26.0,marine_aquatic,plasticizer,7.0,filler,30.0,no_additive,0.0,ribbons,bacteria_dominated,large
133.0,43.0,18.0,4d,88.0,12.0,aerobic,microbial_enzymatic,yes,26.0,marine_aquatic,plasticizer,7.0,filler,30.0,no_additive,0.0,ribbons,bacteria_dominated,large
141.0,50.0,18.0,4d,88.0,12.0,aerobic,microbial_enzymatic,yes,26.0,marine_aquatic,plasticizer,7.0,filler,30.0,no_additive,0.0,ribbons,bacteria_dominated,large
151.0,57.0,18.0,4d,88.0,12.0,aerobic,microbial_enzymatic,yes,26.0,marine_aquatic,plasticizer,7.0,filler,30.0,no_additive,0.0,ribbons,bacteria_dominated,large
172.0,61.0,18.0,4d,88.0,12.0,aerobic,microbial_enzymatic,yes,26.0,marine_aquatic,plasticizer,7.0,filler,30.0,no_additive,0.0,ribbons,bacteria_dominated,large
189.0,65.0,18.0,4d,88.0,12.0,aerobic,microbial_enzymatic,yes,26.0,marine_aquatic,plasticizer,7.0,filler,30.0,no_additive,0.0,ribbons,bacteria_dominated,large
205.0,68.0,18.0,4d,88.0,12.0,aerobic,microbial_enzymatic,yes,26.0,marine_aquatic,plasticizer,7.0,filler,30.0,no_additive,0.0,ribbons,bacteria_dominated,large
225.0,73.0,18.0,4d,88.0,12.0,aerobic,microbial_enzymatic,yes,26.0,marine_aquatic,plasticizer,7.0,filler,30.0,no_additive,0.0,ribbons,bacteria_dominated,large
244.0,77.0,18.0,4d,88.0,12.0,aerobic,microbial_enzymatic,yes,26.0,marine_aquatic,plasticizer,7.0,filler,30.0,no_additive,0.0,ribbons,bacteria_dominated,large
260.0,81.0,18.0,4d,88.0,12.0,aerobic,microbial_enzymatic,yes,26.0,marine_aquatic,plasticizer,7.0,filler,30.0,no_additive,0.0,ribbons,bacteria_dominated,large
274.0,83.0,18.0,4d,88.0,12.0,aerobic,microbial_enzymatic,yes,26.0,marine_aquatic,plasticizer,7.0,filler,30.0,no_additive,0.0,ribbons,bacteria_dominated,large
290.0,87.0,18.0,4d,88.0,12.0,aerobic,microbial_enzymatic,yes,26.0,marine_aquatic,plasticizer,7.0,filler,30.0,no_additive,0.0,ribbons,bacteria_dominated,large
310.0,90.0,18.0,4d,88.0,12.0,aerobic,microbial_enzymatic,yes,26.0,marine_aquatic,plasticizer,7.0,filler,30.0,no_additive,0.0,ribbons,bacteria_dominated,large
321.0,93.0,18.0,4d,88.0,12.0,aerobic,microbial_enzymatic,yes,26.0,marine_aquatic,plasticizer,7.0,filler,30.0,no_additive,0.0,ribbons,bacteria_dominated,large
335.0,96.0,18.0,4d,88.0,12.0,aerobic,microbial_enzymatic,yes,26.0,marine_aquatic,plasticizer,7.0,filler,30.0,no_additive,0.0,ribbons,bacteria_dominated,large
350.0,99.0,18.0,4d,88.0,12.0,aerobic,microbial_enzymatic,yes,26.0,marine_aquatic,plasticizer,7.0,filler,30.0,no_additive,0.0,ribbons,bacteria_dominated,large
25.0,7.0,18.0,5d,88.0,12.0,aerobic,microbial_enzymatic,yes,26.0,marine_aquatic,plasticizer,7.0,filler,27.3,compatibilizer,2.7,ribbons,bacteria_dominated,large
48.0,10.0,18.0,5d,88.0,12.0,aerobic,microbial_enzymatic,yes,26.0,marine_aquatic,plasticizer,7.0,filler,27.3,compatibilizer,2.7,ribbons,bacteria_dominated,large
74.0,11.0,18.0,5d,88.0,12.0,aerobic,microbial_enzymatic,yes,26.0,marine_aquatic,plasticizer,7.0,filler,27.3,compatibilizer,2.7,ribbons,bacteria_dominated,large
102.0,11.0,18.0,5d,88.0,12.0,aerobic,microbial_enzymatic,yes,26.0,marine_aquatic,plasticizer,7.0,filler,27.3,compatibilizer,2.7,ribbons,bacteria_dominated,large
111.0,19.0,18.0,5d,88.0,12.0,aerobic,microbial_enzymatic,yes,26.0,marine_aquatic,plasticizer,7.0,filler,27.3,compatibilizer,2.7,ribbons,bacteria_dominated,large
122.0,26.0,18.0,5d,88.0,12.0,aerobic,microbial_enzymatic,yes,26.0,marine_aquatic,plasticizer,7.0,filler,27.3,compatibilizer,2.7,ribbons,bacteria_dominated,large
129.0,31.0,18.0,5d,88.0,12.0,aerobic,microbial_enzymatic,yes,26.0,marine_aquatic,plasticizer,7.0,filler,27.3,compatibilizer,2.7,ribbons,bacteria_dominated,large
143.0,37.0,18.0,5d,88.0,12.0,aerobic,microbial_enzymatic,yes,26.0,marine_aquatic,plasticizer,7.0,filler,27.3,compatibilizer,2.7,ribbons,bacteria_dominated,large
149.0,42.0,18.0,5d,88.0,12.0,aerobic,microbial_enzymatic,yes,26.0,marine_aquatic,plasticizer,7.0,filler,27.3,compatibilizer,2.7,ribbons,bacteria_dominated,large
162.0,45.0,18.0,5d,88.0,12.0,aerobic,microbial_enzymatic,yes,26.0,marine_aquatic,plasticizer,7.0,filler,27.3,compatibilizer,2.7,ribbons,bacteria_dominated,large
182.0,49.0,18.0,5d,88.0,12.0,aerobic,microbial_enzymatic,yes,26.0,marine_aquatic,plasticizer,7.0,filler,27.3,compatibilizer,2.7,ribbons,bacteria_dominated,large
201.0,54.0,18.0,5d,88.0,12.0,aerobic,microbial_enzymatic,yes,26.0,marine_aquatic,plasticizer,7.0,filler,27.3,compatibilizer,2.7,ribbons,bacteria_dominated,large
227.0,61.0,18.0,5d,88.0,12.0,aerobic,microbial_enzymatic,yes,26.0,marine_aquatic,plasticizer,7.0,filler,27.3,compatibilizer,2.7,ribbons,bacteria_dominated,large
246.0,67.0,18.0,5d,88.0,12.0,aerobic,microbial_enzymatic,yes,26.0,marine_aquatic,plasticizer,7.0,filler,27.3,compatibilizer,2.7,ribbons,bacteria_dominated,large
270.0,74.0,18.0,5d,88.0,12.0,aerobic,microbial_enzymatic,yes,26.0,marine_aquatic,plasticizer,7.0,filler,27.3,compatibilizer,2.7,ribbons,bacteria_dominated,large
289.0,79.0,18.0,5d,88.0,12.0,aerobic,microbial_enzymatic,yes,26.0,marine_aquatic,plasticizer,7.0,filler,27.3,compatibilizer,2.7,ribbons,bacteria_dominated,large
304.0,83.0,18.0,5d,88.0,12.0,aerobic,microbial_enzymatic,yes,26.0,marine_aquatic,plasticizer,7.0,filler,27.3,compatibilizer,2.7,ribbons,bacteria_dominated,large
319.0,87.0,18.0,5d,88.0,12.0,aerobic,microbial_enzymatic,yes,26.0,marine_aquatic,plasticizer,7.0,filler,27.3,compatibilizer,2.7,ribbons,bacteria_dominated,large
330.0,90.0,18.0,5d,88.0,12.0,aerobic,microbial_enzymatic,yes,26.0,marine_aquatic,plasticizer,7.0,filler,27.3,compatibilizer,2.7,ribbons,bacteria_dominated,large
348.0,94.0,18.0,5d,88.0,12.0,aerobic,microbial_enzymatic,yes,26.0,marine_aquatic,plasticizer,7.0,filler,27.3,compatibilizer,2.7,ribbons,bacteria_dominated,large
7.0,23.0,19.0,1a,81.9,19.1,aerobic,microbial_enzymatic,no,30.0,laboratory_mineral_media,no_additive,0.0,no_additive,0.0,no_additive,0.0,films,diverse_environmental,lab
8.0,29.0,19.0,1a,81.9,19.1,aerobic,microbial_enzymatic,no,30.0,laboratory_mineral_media,no_additive,0.0,no_additive,0.0,no_additive,0.0,films,diverse_environmental,lab
9.0,33.0,19.0,1a,81.9,19.1,aerobic,microbial_enzymatic,no,30.0,laboratory_mineral_media,no_additive,0.0,no_additive,0.0,no_additive,0.0,films,diverse_environmental,lab
9.0,41.0,19.0,1a,81.9,19.1,aerobic,microbial_enzymatic,no,30.0,laboratory_mineral_media,no_additive,0.0,no_additive,0.0,no_additive,0.0,films,diverse_environmental,lab
10.0,48.0,19.0,1a,81.9,19.1,aerobic,microbial_enzymatic,no,30.0,laboratory_mineral_media,no_additive,0.0,no_additive,0.0,no_additive,0.0,films,diverse_environmental,lab
11.0,54.0,19.0,1a,81.9,19.1,aerobic,microbial_enzymatic,no,30.0,laboratory_mineral_media,no_additive,0.0,no_additive,0.0,no_additive,0.0,films,diverse_environmental,lab
12.0,61.0,19.0,1a,81.9,19.1,aerobic,microbial_enzymatic,no,30.0,laboratory_mineral_media,no_additive,0.0,no_additive,0.0,no_additive,0.0,films,diverse_environmental,lab
13.0,68.0,19.0,1a,81.9,19.1,aerobic,microbial_enzymatic,no,30.0,laboratory_mineral_media,no_additive,0.0,no_additive,0.0,no_additive,0.0,films,diverse_environmental,lab
13.0,74.0,19.0,1a,81.9,19.1,aerobic,microbial_enzymatic,no,30.0,laboratory_mineral_media,no_additive,0.0,no_additive,0.0,no_additive,0.0,films,diverse_environmental,lab
14.0,78.0,19.0,1a,81.9,19.1,aerobic,microbial_enzymatic,no,30.0,laboratory_mineral_media,no_additive,0.0,no_additive,0.0,no_additive,0.0,films,diverse_environmental,lab
14.0,85.0,19.0,1a,81.9,19.1,aerobic,microbial_enzymatic,no,30.0,laboratory_mineral_media,no_additive,0.0,no_additive,0.0,no_additive,0.0,films,diverse_environmental,lab
7.0,2.0,19.0,1b,81.9,19.1,anaerobic,microbial_enzymatic,no,30.0,laboratory_mineral_media,no_additive,0.0,no_additive,0.0,no_additive,0.0,films,diverse_environmental,lab
8.0,2.0,19.0,1b,81.9,19.1,anaerobic,microbial_enzymatic,no,30.0,laboratory_mineral_media,no_additive,0.0,no_additive,0.0,no_additive,0.0,films,diverse_environmental,lab
9.0,2.0,19.0,1b,81.9,19.1,anaerobic,microbial_enzymatic,no,30.0,laboratory_mineral_media,no_additive,0.0,no_additive,0.0,no_additive,0.0,films,diverse_environmental,lab
9.0,2.0,19.0,1b,81.9,19.1,anaerobic,microbial_enzymatic,no,30.0,laboratory_mineral_media,no_additive,0.0,no_additive,0.0,no_additive,0.0,films,diverse_environmental,lab
11.0,3.0,19.0,1b,81.9,19.1,anaerobic,microbial_enzymatic,no,30.0,laboratory_mineral_media,no_additive,0.0,no_additive,0.0,no_additive,0.0,films,diverse_environmental,lab
11.0,3.0,19.0,1b,81.9,19.1,anaerobic,microbial_enzymatic,no,30.0,laboratory_mineral_media,no_additive,0.0,no_additive,0.0,no_additive,0.0,films,diverse_environmental,lab
12.0,3.0,19.0,1b,81.9,19.1,anaerobic,microbial_enzymatic,no,30.0,laboratory_mineral_media,no_additive,0.0,no_additive,0.0,no_additive,0.0,films,diverse_environmental,lab
13.0,3.0,19.0,1b,81.9,19.1,anaerobic,microbial_enzymatic,no,30.0,laboratory_mineral_media,no_additive,0.0,no_additive,0.0,no_additive,0.0,films,diverse_environmental,lab
14.0,3.0,19.0,1b,81.9,19.1,anaerobic,microbial_enzymatic,no,30.0,laboratory_mineral_media,no_additive,0.0,no_additive,0.0,no_additive,0.0,films,diverse_environmental,lab
15.0,3.0,19.0,1b,81.9,19.1,anaerobic,microbial_enzymatic,no,30.0,laboratory_mineral_media,no_additive,0.0,no_additive,0.0,no_additive,0.0,films,diverse_environmental,lab
2.0,29.0,19.0,2,81.9,19.1,aerobic,microbial_enzymatic,yes,30.0,laboratory_mineral_media,filler,50.0,no_additive,0.0,no_additive,0.0,sheets,diverse_environmental,lab
3.0,41.0,19.0,2,81.9,19.1,aerobic,microbial_enzymatic,yes,30.0,laboratory_mineral_media,filler,50.0,no_additive,0.0,no_additive,0.0,sheets,diverse_environmental,lab
4.0,49.0,19.0,2,81.9,19.1,aerobic,microbial_enzymatic,yes,30.0,laboratory_mineral_media,filler,50.0,no_additive,0.0,no_additive,0.0,sheets,diverse_environmental,lab
4.0,61.0,19.0,2,81.9,19.1,aerobic,microbial_enzymatic,yes,30.0,laboratory_mineral_media,filler,50.0,no_additive,0.0,no_additive,0.0,sheets,diverse_environmental,lab
5.0,71.0,19.0,2,81.9,19.1,aerobic,microbial_enzymatic,yes,30.0,laboratory_mineral_media,filler,50.0,no_additive,0.0,no_additive,0.0,sheets,diverse_environmental,lab
6.0,82.0,19.0,2,81.9,19.1,aerobic,microbial_enzymatic,yes,30.0,laboratory_mineral_media,filler,50.0,no_additive,0.0,no_additive,0.0,sheets,diverse_environmental,lab
6.0,91.0,19.0,2,81.9,19.1,aerobic,microbial_enzymatic,yes,30.0,laboratory_mineral_media,filler,50.0,no_additive,0.0,no_additive,0.0,sheets,diverse_environmental,lab
7.0,99.0,19.0,2,81.9,19.1,aerobic,microbial_enzymatic,yes,30.0,laboratory_mineral_media,filler,50.0,no_additive,0.0,no_additive,0.0,sheets,diverse_environmental,lab
14.0,99.0,19.0,2,81.9,19.1,aerobic,microbial_enzymatic,yes,30.0,laboratory_mineral_media,filler,50.0,no_additive,0.0,no_additive,0.0,sheets,diverse_environmental,lab
20.0,99.0,19.0,2,81.9,19.1,aerobic,microbial_enzymatic,yes,30.0,laboratory_mineral_media,filler,50.0,no_additive,0.0,no_additive,0.0,sheets,diverse_environmental,lab
31.0,100.0,19.0,2,81.9,19.1,aerobic,microbial_enzymatic,yes,30.0,laboratory_mineral_media,filler,50.0,no_additive,0.0,no_additive,0.0,sheets,diverse_environmental,lab
3.0,25.0,19.0,3,81.9,19.1,aerobic,microbial_enzymatic,yes,30.0,laboratory_mineral_media,filler,25.0,no_additive,0.0,no_additive,0.0,sheets,diverse_environmental,lab
6.0,37.0,19.0,3,81.9,19.1,aerobic,microbial_enzymatic,yes,30.0,laboratory_mineral_media,filler,25.0,no_additive,0.0,no_additive,0.0,sheets,diverse_environmental,lab
7.0,54.0,19.0,3,81.9,19.1,aerobic,microbial_enzymatic,yes,30.0,laboratory_mineral_media,filler,25.0,no_additive,0.0,no_additive,0.0,sheets,diverse_environmental,lab
10.0,61.0,19.0,3,81.9,19.1,aerobic,microbial_enzymatic,yes,30.0,laboratory_mineral_media,filler,25.0,no_additive,0.0,no_additive,0.0,sheets,diverse_environmental,lab
12.0,69.0,19.0,3,81.9,19.1,aerobic,microbial_enzymatic,yes,30.0,laboratory_mineral_media,filler,25.0,no_additive,0.0,no_additive,0.0,sheets,diverse_environmental,lab
13.0,74.0,19.0,3,81.9,19.1,aerobic,microbial_enzymatic,yes,30.0,laboratory_mineral_media,filler,25.0,no_additive,0.0,no_additive,0.0,sheets,diverse_environmental,lab
15.0,77.0,19.0,3,81.9,19.1,aerobic,microbial_enzymatic,yes,30.0,laboratory_mineral_media,filler,25.0,no_additive,0.0,no_additive,0.0,sheets,diverse_environmental,lab
16.0,85.0,19.0,3,81.9,19.1,aerobic,microbial_enzymatic,yes,30.0,laboratory_mineral_media,filler,25.0,no_additive,0.0,no_additive,0.0,sheets,diverse_environmental,lab
18.0,92.0,19.0,3,81.9,19.1,aerobic,microbial_enzymatic,yes,30.0,laboratory_mineral_media,filler,25.0,no_additive,0.0,no_additive,0.0,sheets,diverse_environmental,lab
20.0,98.0,19.0,3,81.9,19.1,aerobic,microbial_enzymatic,yes,30.0,laboratory_mineral_media,filler,25.0,no_additive,0.0,no_additive,0.0,sheets,diverse_environmental,lab
21.0,99.0,19.0,3,81.9,19.1,aerobic,microbial_enzymatic,yes,30.0,laboratory_mineral_media,filler,25.0,no_additive,0.0,no_additive,0.0,sheets,diverse_environmental,lab
30.0,100.0,19.0,3,81.9,19.1,aerobic,microbial_enzymatic,yes,30.0,laboratory_mineral_media,filler,25.0,no_additive,0.0,no_additive,0.0,sheets,diverse_environmental,lab
15.0,24.0,19.0,4,81.9,19.1,aerobic,microbial_enzymatic,no,30.0,laboratory_mineral_media,no_additive,0.0,no_additive,0.0,no_additive,0.0,sheets,diverse_environmental,lab
15.0,44.0,19.0,4,81.9,19.1,aerobic,microbial_enzymatic,no,30.0,laboratory_mineral_media,no_additive,0.0,no_additive,0.0,no_additive,0.0,sheets,diverse_environmental,lab
17.0,54.0,19.0,4,81.9,19.1,aerobic,microbial_enzymatic,no,30.0,laboratory_mineral_media,no_additive,0.0,no_additive,0.0,no_additive,0.0,sheets,diverse_environmental,lab
18.0,64.0,19.0,4,81.9,19.1,aerobic,microbial_enzymatic,no,30.0,laboratory_mineral_media,no_additive,0.0,no_additive,0.0,no_additive,0.0,sheets,diverse_environmental,lab
19.0,73.0,19.0,4,81.9,19.1,aerobic,microbial_enzymatic,no,30.0,laboratory_mineral_media,no_additive,0.0,no_additive,0.0,no_additive,0.0,sheets,diverse_environmental,lab
21.0,85.0,19.0,4,81.9,19.1,aerobic,microbial_enzymatic,no,30.0,laboratory_mineral_media,no_additive,0.0,no_additive,0.0,no_additive,0.0,sheets,diverse_environmental,lab
23.0,88.0,19.0,4,81.9,19.1,aerobic,microbial_enzymatic,no,30.0,laboratory_mineral_media,no_additive,0.0,no_additive,0.0,no_additive,0.0,sheets,diverse_environmental,lab
25.0,93.0,19.0,4,81.9,19.1,aerobic,microbial_enzymatic,no,30.0,laboratory_mineral_media,no_additive,0.0,no_additive,0.0,no_additive,0.0,sheets,diverse_environmental,lab
27.0,97.0,19.0,4,81.9,19.1,aerobic,microbial_enzymatic,no,30.0,laboratory_mineral_media,no_additive,0.0,no_additive,0.0,no_additive,0.0,sheets,diverse_environmental,lab
30.0,100.0,19.0,4,81.9,19.1,aerobic,microbial_enzymatic,no,30.0,laboratory_mineral_media,no_additive,0.0,no_additive,0.0,no_additive,0.0,sheets,diverse_environmental,lab
1.0,10.0,19.0,5,81.9,19.1,aerobic,microbial_enzymatic,yes,30.0,laboratory_mineral_media,filler,50.0,no_additive,0.0,no_additive,0.0,sheets,diverse_environmental,lab
3.0,20.0,19.0,5,81.9,19.1,aerobic,microbial_enzymatic,yes,30.0,laboratory_mineral_media,filler,50.0,no_additive,0.0,no_additive,0.0,sheets,diverse_environmental,lab
4.0,27.0,19.0,5,81.9,19.1,aerobic,microbial_enzymatic,yes,30.0,laboratory_mineral_media,filler,50.0,no_additive,0.0,no_additive,0.0,sheets,diverse_environmental,lab
5.0,35.0,19.0,5,81.9,19.1,aerobic,microbial_enzymatic,yes,30.0,laboratory_mineral_media,filler,50.0,no_additive,0.0,no_additive,0.0,sheets,diverse_environmental,lab
6.0,41.0,19.0,5,81.9,19.1,aerobic,microbial_enzymatic,yes,30.0,laboratory_mineral_media,filler,50.0,no_additive,0.0,no_additive,0.0,sheets,diverse_environmental,lab
8.0,46.0,19.0,5,81.9,19.1,aerobic,microbial_enzymatic,yes,30.0,laboratory_mineral_media,filler,50.0,no_additive,0.0,no_additive,0.0,sheets,diverse_environmental,lab
8.0,53.0,19.0,5,81.9,19.1,aerobic,microbial_enzymatic,yes,30.0,laboratory_mineral_media,filler,50.0,no_additive,0.0,no_additive,0.0,sheets,diverse_environmental,lab
10.0,60.0,19.0,5,81.9,19.1,aerobic,microbial_enzymatic,yes,30.0,laboratory_mineral_media,filler,50.0,no_additive,0.0,no_additive,0.0,sheets,diverse_environmental,lab
12.0,67.0,19.0,5,81.9,19.1,aerobic,microbial_enzymatic,yes,30.0,laboratory_mineral_media,filler,50.0,no_additive,0.0,no_additive,0.0,sheets,diverse_environmental,lab
13.0,75.0,19.0,5,81.9,19.1,aerobic,microbial_enzymatic,yes,30.0,laboratory_mineral_media,filler,50.0,no_additive,0.0,no_additive,0.0,sheets,diverse_environmental,lab
15.0,81.0,19.0,5,81.9,19.1,aerobic,microbial_enzymatic,yes,30.0,laboratory_mineral_media,filler,50.0,no_additive,0.0,no_additive,0.0,sheets,diverse_environmental,lab
16.0,85.0,19.0,5,81.9,19.1,aerobic,microbial_enzymatic,yes,30.0,laboratory_mineral_media,filler,50.0,no_additive,0.0,no_additive,0.0,sheets,diverse_environmental,lab
17.0,91.0,19.0,5,81.9,19.1,aerobic,microbial_enzymatic,yes,30.0,laboratory_mineral_media,filler,50.0,no_additive,0.0,no_additive,0.0,sheets,diverse_environmental,lab
19.0,95.0,19.0,5,81.9,19.1,aerobic,microbial_enzymatic,yes,30.0,laboratory_mineral_media,filler,50.0,no_additive,0.0,no_additive,0.0,sheets,diverse_environmental,lab
21.0,99.0,19.0,5,81.9,19.1,aerobic,microbial_enzymatic,yes,30.0,laboratory_mineral_media,filler,50.0,no_additive,0.0,no_additive,0.0,sheets,diverse_environmental,lab
31.0,100.0,19.0,5,81.9,19.1,aerobic,microbial_enzymatic,yes,30.0,laboratory_mineral_media,filler,50.0,no_additive,0.0,no_additive,0.0,sheets,diverse_environmental,lab
3.0,4.0,19.0,6,81.9,19.1,aerobic,microbial_enzymatic,yes,30.0,laboratory_mineral_media,filler,25.0,no_additive,0.0,no_additive,0.0,sheets,diverse_environmental,lab
6.0,8.0,19.0,6,81.9,19.1,aerobic,microbial_enzymatic,yes,30.0,laboratory_mineral_media,filler,25.0,no_additive,0.0,no_additive,0.0,sheets,diverse_environmental,lab
7.0,16.0,19.0,6,81.9,19.1,aerobic,microbial_enzymatic,yes,30.0,laboratory_mineral_media,filler,25.0,no_additive,0.0,no_additive,0.0,sheets,diverse_environmental,lab
10.0,22.0,19.0,6,81.9,19.1,aerobic,microbial_enzymatic,yes,30.0,laboratory_mineral_media,filler,25.0,no_additive,0.0,no_additive,0.0,sheets,diverse_environmental,lab
12.0,28.0,19.0,6,81.9,19.1,aerobic,microbial_enzymatic,yes,30.0,laboratory_mineral_media,filler,25.0,no_additive,0.0,no_additive,0.0,sheets,diverse_environmental,lab
15.0,36.0,19.0,6,81.9,19.1,aerobic,microbial_enzymatic,yes,30.0,laboratory_mineral_media,filler,25.0,no_additive,0.0,no_additive,0.0,sheets,diverse_environmental,lab
17.0,42.0,19.0,6,81.9,19.1,aerobic,microbial_enzymatic,yes,30.0,laboratory_mineral_media,filler,25.0,no_additive,0.0,no_additive,0.0,sheets,diverse_environmental,lab
18.0,50.0,19.0,6,81.9,19.1,aerobic,microbial_enzymatic,yes,30.0,laboratory_mineral_media,filler,25.0,no_additive,0.0,no_additive,0.0,sheets,diverse_environmental,lab
20.0,57.0,19.0,6,81.9,19.1,aerobic,microbial_enzymatic,yes,30.0,laboratory_mineral_media,filler,25.0,no_additive,0.0,no_additive,0.0,sheets,diverse_environmental,lab
21.0,70.0,19.0,6,81.9,19.1,aerobic,microbial_enzymatic,yes,30.0,laboratory_mineral_media,filler,25.0,no_additive,0.0,no_additive,0.0,sheets,diverse_environmental,lab
23.0,71.0,19.0,6,81.9,19.1,aerobic,microbial_enzymatic,yes,30.0,laboratory_mineral_media,filler,25.0,no_additive,0.0,no_additive,0.0,sheets,diverse_environmental,lab
25.0,77.0,19.0,6,81.9,19.1,aerobic,microbial_enzymatic,yes,30.0,laboratory_mineral_media,filler,25.0,no_additive,0.0,no_additive,0.0,sheets,diverse_environmental,lab
27.0,81.0,19.0,6,81.9,19.1,aerobic,microbial_enzymatic,yes,30.0,laboratory_mineral_media,filler,25.0,no_additive,0.0,no_additive,0.0,sheets,diverse_environmental,lab
29.0,86.0,19.0,6,81.9,19.1,aerobic,microbial_enzymatic,yes,30.0,laboratory_mineral_media,filler,25.0,no_additive,0.0,no_additive,0.0,sheets,diverse_environmental,lab
31.0,88.0,19.0,6,81.9,19.1,aerobic,microbial_enzymatic,yes,30.0,laboratory_mineral_media,filler,25.0,no_additive,0.0,no_additive,0.0,sheets,diverse_environmental,lab
8.0,1.0,19.0,7,81.9,19.1,aerobic,microbial_enzymatic,no,30.0,laboratory_mineral_media,no_additive,0.0,no_additive,0.0,no_additive,0.0,sheets,diverse_environmental,lab
14.0,5.0,19.0,7,81.9,19.1,aerobic,microbial_enzymatic,no,30.0,laboratory_mineral_media,no_additive,0.0,no_additive,0.0,no_additive,0.0,sheets,diverse_environmental,lab
18.0,11.0,19.0,7,81.9,19.1,aerobic,microbial_enzymatic,no,30.0,laboratory_mineral_media,no_additive,0.0,no_additive,0.0,no_additive,0.0,sheets,diverse_environmental,lab
21.0,19.0,19.0,7,81.9,19.1,aerobic,microbial_enzymatic,no,30.0,laboratory_mineral_media,no_additive,0.0,no_additive,0.0,no_additive,0.0,sheets,diverse_environmental,lab
24.0,20.0,19.0,7,81.9,19.1,aerobic,microbial_enzymatic,no,30.0,laboratory_mineral_media,no_additive,0.0,no_additive,0.0,no_additive,0.0,sheets,diverse_environmental,lab
26.0,23.0,19.0,7,81.9,19.1,aerobic,microbial_enzymatic,no,30.0,laboratory_mineral_media,no_additive,0.0,no_additive,0.0,no_additive,0.0,sheets,diverse_environmental,lab
28.0,26.0,19.0,7,81.9,19.1,aerobic,microbial_enzymatic,no,30.0,laboratory_mineral_media,no_additive,0.0,no_additive,0.0,no_additive,0.0,sheets,diverse_environmental,lab
31.0,29.0,19.0,7,81.9,19.1,aerobic,microbial_enzymatic,no,30.0,laboratory_mineral_media,no_additive,0.0,no_additive,0.0,no_additive,0.0,sheets,diverse_environmental,lab
15.0,11.0,20.0,5,95.0,5.0,aerobic,microbial_enzymatic,no,60.0,compost_organic_fertilizer,no_additive,0.0,no_additive,0.0,no_additive,0.0,sheets,bacteria_dominated,lab
22.0,23.0,20.0,5,95.0,5.0,aerobic,microbial_enzymatic,no,60.0,compost_organic_fertilizer,no_additive,0.0,no_additive,0.0,no_additive,0.0,sheets,bacteria_dominated,lab
36.0,35.0,20.0,5,95.0,5.0,aerobic,microbial_enzymatic,no,60.0,compost_organic_fertilizer,no_additive,0.0,no_additive,0.0,no_additive,0.0,sheets,bacteria_dominated,lab
15.0,11.0,20.0,6,95.0,5.0,aerobic,microbial_enzymatic,yes,60.0,compost_organic_fertilizer,filler,10.0,no_additive,0.0,no_additive,0.0,sheets,bacteria_dominated,lab
22.0,21.0,20.0,6,95.0,5.0,aerobic,microbial_enzymatic,yes,60.0,compost_organic_fertilizer,filler,10.0,no_additive,0.0,no_additive,0.0,sheets,bacteria_dominated,lab
36.0,36.0,20.0,6,95.0,5.0,aerobic,microbial_enzymatic,yes,60.0,compost_organic_fertilizer,filler,10.0,no_additive,0.0,no_additive,0.0,sheets,bacteria_dominated,lab
15.0,10.0,20.0,7,95.0,5.0,aerobic,microbial_enzymatic,yes,60.0,compost_organic_fertilizer,filler,20.0,no_additive,0.0,no_additive,0.0,sheets,bacteria_dominated,lab
22.0,14.0,20.0,7,95.0,5.0,aerobic,microbial_enzymatic,yes,60.0,compost_organic_fertilizer,filler,20.0,no_additive,0.0,no_additive,0.0,sheets,bacteria_dominated,lab
36.0,20.0,20.0,7,95.0,5.0,aerobic,microbial_enzymatic,yes,60.0,compost_organic_fertilizer,filler,20.0,no_additive,0.0,no_additive,0.0,sheets,bacteria_dominated,lab
42.0,38.0,20.0,7,95.0,5.0,aerobic,microbial_enzymatic,yes,60.0,compost_organic_fertilizer,filler,20.0,no_additive,0.0,no_additive,0.0,sheets,bacteria_dominated,lab
67.0,44.0,20.0,7,95.0,5.0,aerobic,microbial_enzymatic,yes,60.0,compost_organic_fertilizer,filler,20.0,no_additive,0.0,no_additive,0.0,sheets,bacteria_dominated,lab
15.0,11.0,20.0,8,95.0,5.0,aerobic,microbial_enzymatic,yes,60.0,compost_organic_fertilizer,filler,30.0,no_additive,0.0,no_additive,0.0,sheets,bacteria_dominated,lab
22.0,16.0,20.0,8,95.0,5.0,aerobic,microbial_enzymatic,yes,60.0,compost_organic_fertilizer,filler,30.0,no_additive,0.0,no_additive,0.0,sheets,bacteria_dominated,lab
36.0,21.0,20.0,8,95.0,5.0,aerobic,microbial_enzymatic,yes,60.0,compost_organic_fertilizer,filler,30.0,no_additive,0.0,no_additive,0.0,sheets,bacteria_dominated,lab
42.0,37.0,20.0,8,95.0,5.0,aerobic,microbial_enzymatic,yes,60.0,compost_organic_fertilizer,filler,30.0,no_additive,0.0,no_additive,0.0,sheets,bacteria_dominated,lab
67.0,47.0,20.0,8,95.0,5.0,aerobic,microbial_enzymatic,yes,60.0,compost_organic_fertilizer,filler,30.0,no_additive,0.0,no_additive,0.0,sheets,bacteria_dominated,lab
90.0,11.0,20.0,9,95.0,5.0,aerobic,all_mechanisms,no,23.0,soil,no_additive,0.0,no_additive,0.0,no_additive,0.0,sheets,bacteria_fungi_mixed,lab
180.0,20.0,20.0,9,95.0,5.0,aerobic,all_mechanisms,no,23.0,soil,no_additive,0.0,no_additive,0.0,no_additive,0.0,sheets,bacteria_fungi_mixed,lab
90.0,10.0,20.0,10,95.0,5.0,aerobic,all_mechanisms,yes,23.0,soil,filler,30.0,no_additive,0.0,no_additive,0.0,sheets,bacteria_fungi_mixed,lab
180.0,23.0,20.0,10,95.0,5.0,aerobic,all_mechanisms,yes,23.0,soil,filler,30.0,no_additive,0.0,no_additive,0.0,sheets,bacteria_fungi_mixed,lab
27.0,12.0,21.0,1,97.0,3.0,aerobic,microbial_enzymatic,no,58.0,compost_organic_fertilizer,no_additive,0.0,no_additive,0.0,no_additive,0.0,films,bacteria_fungi_mixed,lab
33.0,20.0,21.0,1,97.0,3.0,aerobic,microbial_enzymatic,no,58.0,compost_organic_fertilizer,no_additive,0.0,no_additive,0.0,no_additive,0.0,films,bacteria_fungi_mixed,lab
36.0,33.0,21.0,1,97.0,3.0,aerobic,microbial_enzymatic,no,58.0,compost_organic_fertilizer,no_additive,0.0,no_additive,0.0,no_additive,0.0,films,bacteria_fungi_mixed,lab
38.0,47.0,21.0,1,97.0,3.0,aerobic,microbial_enzymatic,no,58.0,compost_organic_fertilizer,no_additive,0.0,no_additive,0.0,no_additive,0.0,films,bacteria_fungi_mixed,lab
40.0,60.0,21.0,1,97.0,3.0,aerobic,microbial_enzymatic,no,58.0,compost_organic_fertilizer,no_additive,0.0,no_additive,0.0,no_additive,0.0,films,bacteria_fungi_mixed,lab
41.0,70.0,21.0,1,97.0,3.0,aerobic,microbial_enzymatic,no,58.0,compost_organic_fertilizer,no_additive,0.0,no_additive,0.0,no_additive,0.0,films,bacteria_fungi_mixed,lab
42.0,78.0,21.0,1,97.0,3.0,aerobic,microbial_enzymatic,no,58.0,compost_organic_fertilizer,no_additive,0.0,no_additive,0.0,no_additive,0.0,films,bacteria_fungi_mixed,lab
43.0,86.0,21.0,1,97.0,3.0,aerobic,microbial_enzymatic,no,58.0,compost_organic_fertilizer,no_additive,0.0,no_additive,0.0,no_additive,0.0,films,bacteria_fungi_mixed,lab
44.0,97.0,21.0,1,97.0,3.0,aerobic,microbial_enzymatic,no,58.0,compost_organic_fertilizer,no_additive,0.0,no_additive,0.0,no_additive,0.0,films,bacteria_fungi_mixed,lab
46.0,99.0,21.0,1,97.0,3.0,aerobic,microbial_enzymatic,no,58.0,compost_organic_fertilizer,no_additive,0.0,no_additive,0.0,no_additive,0.0,films,bacteria_fungi_mixed,lab
53.0,99.0,21.0,1,97.0,3.0,aerobic,microbial_enzymatic,no,58.0,compost_organic_fertilizer,no_additive,0.0,no_additive,0.0,no_additive,0.0,films,bacteria_fungi_mixed,lab
23.0,10.0,21.0,2,97.0,3.0,aerobic,microbial_enzymatic,yes,58.0,compost_organic_fertilizer,filler,3.0,no_additive,0.0,no_additive,0.0,films,bacteria_fungi_mixed,lab
28.0,10.0,21.0,2,97.0,3.0,aerobic,microbial_enzymatic,yes,58.0,compost_organic_fertilizer,filler,3.0,no_additive,0.0,no_additive,0.0,films,bacteria_fungi_mixed,lab
36.0,35.0,21.0,2,97.0,3.0,aerobic,microbial_enzymatic,yes,58.0,compost_organic_fertilizer,filler,3.0,no_additive,0.0,no_additive,0.0,films,bacteria_fungi_mixed,lab
40.0,35.0,21.0,2,97.0,3.0,aerobic,microbial_enzymatic,yes,58.0,compost_organic_fertilizer,filler,3.0,no_additive,0.0,no_additive,0.0,films,bacteria_fungi_mixed,lab
42.0,46.0,21.0,2,97.0,3.0,aerobic,microbial_enzymatic,yes,58.0,compost_organic_fertilizer,filler,3.0,no_additive,0.0,no_additive,0.0,films,bacteria_fungi_mixed,lab
43.0,60.0,21.0,2,97.0,3.0,aerobic,microbial_enzymatic,yes,58.0,compost_organic_fertilizer,filler,3.0,no_additive,0.0,no_additive,0.0,films,bacteria_fungi_mixed,lab
44.0,69.0,21.0,2,97.0,3.0,aerobic,microbial_enzymatic,yes,58.0,compost_organic_fertilizer,filler,3.0,no_additive,0.0,no_additive,0.0,films,bacteria_fungi_mixed,lab
45.0,77.0,21.0,2,97.0,3.0,aerobic,microbial_enzymatic,yes,58.0,compost_organic_fertilizer,filler,3.0,no_additive,0.0,no_additive,0.0,films,bacteria_fungi_mixed,lab
45.0,86.0,21.0,2,97.0,3.0,aerobic,microbial_enzymatic,yes,58.0,compost_organic_fertilizer,filler,3.0,no_additive,0.0,no_additive,0.0,films,bacteria_fungi_mixed,lab
46.0,92.0,21.0,2,97.0,3.0,aerobic,microbial_enzymatic,yes,58.0,compost_organic_fertilizer,filler,3.0,no_additive,0.0,no_additive,0.0,films,bacteria_fungi_mixed,lab
47.0,99.0,21.0,2,97.0,3.0,aerobic,microbial_enzymatic,yes,58.0,compost_organic_fertilizer,filler,3.0,no_additive,0.0,no_additive,0.0,films,bacteria_fungi_mixed,lab
54.0,100.0,21.0,2,97.0,3.0,aerobic,microbial_enzymatic,yes,58.0,compost_organic_fertilizer,filler,3.0,no_additive,0.0,no_additive,0.0,films,bacteria_fungi_mixed,lab
28.0,14.0,21.0,3,97.0,3.0,aerobic,microbial_enzymatic,yes,58.0,compost_organic_fertilizer,filler,10.0,no_additive,0.0,no_additive,0.0,films,bacteria_fungi_mixed,lab
29.0,20.0,21.0,3,97.0,3.0,aerobic,microbial_enzymatic,yes,58.0,compost_organic_fertilizer,filler,10.0,no_additive,0.0,no_additive,0.0,films,bacteria_fungi_mixed,lab
30.0,29.0,21.0,3,97.0,3.0,aerobic,microbial_enzymatic,yes,58.0,compost_organic_fertilizer,filler,10.0,no_additive,0.0,no_additive,0.0,films,bacteria_fungi_mixed,lab
31.0,36.0,21.0,3,97.0,3.0,aerobic,microbial_enzymatic,yes,58.0,compost_organic_fertilizer,filler,10.0,no_additive,0.0,no_additive,0.0,films,bacteria_fungi_mixed,lab
32.0,43.0,21.0,3,97.0,3.0,aerobic,microbial_enzymatic,yes,58.0,compost_organic_fertilizer,filler,10.0,no_additive,0.0,no_additive,0.0,films,bacteria_fungi_mixed,lab
33.0,49.0,21.0,3,97.0,3.0,aerobic,microbial_enzymatic,yes,58.0,compost_organic_fertilizer,filler,10.0,no_additive,0.0,no_additive,0.0,films,bacteria_fungi_mixed,lab
39.0,58.0,21.0,3,97.0,3.0,aerobic,microbial_enzymatic,yes,58.0,compost_organic_fertilizer,filler,10.0,no_additive,0.0,no_additive,0.0,films,bacteria_fungi_mixed,lab
43.0,70.0,21.0,3,97.0,3.0,aerobic,microbial_enzymatic,yes,58.0,compost_organic_fertilizer,filler,10.0,no_additive,0.0,no_additive,0.0,films,bacteria_fungi_mixed,lab
45.0,78.0,21.0,3,97.0,3.0,aerobic,microbial_enzymatic,yes,58.0,compost_organic_fertilizer,filler,10.0,no_additive,0.0,no_additive,0.0,films,bacteria_fungi_mixed,lab
46.0,87.0,21.0,3,97.0,3.0,aerobic,microbial_enzymatic,yes,58.0,compost_organic_fertilizer,filler,10.0,no_additive,0.0,no_additive,0.0,films,bacteria_fungi_mixed,lab
46.0,94.0,21.0,3,97.0,3.0,aerobic,microbial_enzymatic,yes,58.0,compost_organic_fertilizer,filler,10.0,no_additive,0.0,no_additive,0.0,films,bacteria_fungi_mixed,lab
47.0,99.0,21.0,3,97.0,3.0,aerobic,microbial_enzymatic,yes,58.0,compost_organic_fertilizer,filler,10.0,no_additive,0.0,no_additive,0.0,films,bacteria_fungi_mixed,lab
54.0,100.0,21.0,3,97.0,3.0,aerobic,microbial_enzymatic,yes,58.0,compost_organic_fertilizer,filler,10.0,no_additive,0.0,no_additive,0.0,films,bacteria_fungi_mixed,lab
28.0,24.0,21.0,4,97.0,3.0,aerobic,microbial_enzymatic,yes,58.0,compost_organic_fertilizer,filler,25.0,no_additive,0.0,no_additive,0.0,films,bacteria_fungi_mixed,lab
33.0,23.0,21.0,4,97.0,3.0,aerobic,microbial_enzymatic,yes,58.0,compost_organic_fertilizer,filler,25.0,no_additive,0.0,no_additive,0.0,films,bacteria_fungi_mixed,lab
34.0,33.0,21.0,4,97.0,3.0,aerobic,microbial_enzymatic,yes,58.0,compost_organic_fertilizer,filler,25.0,no_additive,0.0,no_additive,0.0,films,bacteria_fungi_mixed,lab
35.0,42.0,21.0,4,97.0,3.0,aerobic,microbial_enzymatic,yes,58.0,compost_organic_fertilizer,filler,25.0,no_additive,0.0,no_additive,0.0,films,bacteria_fungi_mixed,lab
36.0,49.0,21.0,4,97.0,3.0,aerobic,microbial_enzymatic,yes,58.0,compost_organic_fertilizer,filler,25.0,no_additive,0.0,no_additive,0.0,films,bacteria_fungi_mixed,lab
40.0,49.0,21.0,4,97.0,3.0,aerobic,microbial_enzymatic,yes,58.0,compost_organic_fertilizer,filler,25.0,no_additive,0.0,no_additive,0.0,films,bacteria_fungi_mixed,lab
40.0,55.0,21.0,4,97.0,3.0,aerobic,microbial_enzymatic,yes,58.0,compost_organic_fertilizer,filler,25.0,no_additive,0.0,no_additive,0.0,films,bacteria_fungi_mixed,lab
41.0,61.0,21.0,4,97.0,3.0,aerobic,microbial_enzymatic,yes,58.0,compost_organic_fertilizer,filler,25.0,no_additive,0.0,no_additive,0.0,films,bacteria_fungi_mixed,lab
42.0,65.0,21.0,4,97.0,3.0,aerobic,microbial_enzymatic,yes,58.0,compost_organic_fertilizer,filler,25.0,no_additive,0.0,no_additive,0.0,films,bacteria_fungi_mixed,lab
42.0,72.0,21.0,4,97.0,3.0,aerobic,microbial_enzymatic,yes,58.0,compost_organic_fertilizer,filler,25.0,no_additive,0.0,no_additive,0.0,films,bacteria_fungi_mixed,lab
44.0,82.0,21.0,4,97.0,3.0,aerobic,microbial_enzymatic,yes,58.0,compost_organic_fertilizer,filler,25.0,no_additive,0.0,no_additive,0.0,films,bacteria_fungi_mixed,lab
45.0,89.0,21.0,4,97.0,3.0,aerobic,microbial_enzymatic,yes,58.0,compost_organic_fertilizer,filler,25.0,no_additive,0.0,no_additive,0.0,films,bacteria_fungi_mixed,lab
46.0,95.0,21.0,4,97.0,3.0,aerobic,microbial_enzymatic,yes,58.0,compost_organic_fertilizer,filler,25.0,no_additive,0.0,no_additive,0.0,films,bacteria_fungi_mixed,lab
46.0,99.0,21.0,4,97.0,3.0,aerobic,microbial_enzymatic,yes,58.0,compost_organic_fertilizer,filler,25.0,no_additive,0.0,no_additive,0.0,films,bacteria_fungi_mixed,lab
50.0,99.0,21.0,4,97.0,3.0,aerobic,microbial_enzymatic,yes,58.0,compost_organic_fertilizer,filler,25.0,no_additive,0.0,no_additive,0.0,films,bacteria_fungi_mixed,lab
54.0,99.0,21.0,4,97.0,3.0,aerobic,microbial_enzymatic,yes,58.0,compost_organic_fertilizer,filler,25.0,no_additive,0.0,no_additive,0.0,films,bacteria_fungi_mixed,lab
25.0,8.0,21.0,5,97.0,3.0,aerobic,microbial_enzymatic,yes,58.0,compost_organic_fertilizer,filler,45.0,no_additive,0.0,no_additive,0.0,films,bacteria_fungi_mixed,lab
28.0,13.0,21.0,5,97.0,3.0,aerobic,microbial_enzymatic,yes,58.0,compost_organic_fertilizer,filler,45.0,no_additive,0.0,no_additive,0.0,films,bacteria_fungi_mixed,lab
32.0,11.0,21.0,5,97.0,3.0,aerobic,microbial_enzymatic,yes,58.0,compost_organic_fertilizer,filler,45.0,no_additive,0.0,no_additive,0.0,films,bacteria_fungi_mixed,lab
34.0,19.0,21.0,5,97.0,3.0,aerobic,microbial_enzymatic,yes,58.0,compost_organic_fertilizer,filler,45.0,no_additive,0.0,no_additive,0.0,films,bacteria_fungi_mixed,lab
34.0,26.0,21.0,5,97.0,3.0,aerobic,microbial_enzymatic,yes,58.0,compost_organic_fertilizer,filler,45.0,no_additive,0.0,no_additive,0.0,films,bacteria_fungi_mixed,lab
35.0,34.0,21.0,5,97.0,3.0,aerobic,microbial_enzymatic,yes,58.0,compost_organic_fertilizer,filler,45.0,no_additive,0.0,no_additive,0.0,films,bacteria_fungi_mixed,lab
35.0,41.0,21.0,5,97.0,3.0,aerobic,microbial_enzymatic,yes,58.0,compost_organic_fertilizer,filler,45.0,no_additive,0.0,no_additive,0.0,films,bacteria_fungi_mixed,lab
35.0,47.0,21.0,5,97.0,3.0,aerobic,microbial_enzymatic,yes,58.0,compost_organic_fertilizer,filler,45.0,no_additive,0.0,no_additive,0.0,films,bacteria_fungi_mixed,lab
38.0,53.0,21.0,5,97.0,3.0,aerobic,microbial_enzymatic,yes,58.0,compost_organic_fertilizer,filler,45.0,no_additive,0.0,no_additive,0.0,films,bacteria_fungi_mixed,lab
39.0,59.0,21.0,5,97.0,3.0,aerobic,microbial_enzymatic,yes,58.0,compost_organic_fertilizer,filler,45.0,no_additive,0.0,no_additive,0.0,films,bacteria_fungi_mixed,lab
42.0,62.0,21.0,5,97.0,3.0,aerobic,microbial_enzymatic,yes,58.0,compost_organic_fertilizer,filler,45.0,no_additive,0.0,no_additive,0.0,films,bacteria_fungi_mixed,lab
44.0,70.0,21.0,5,97.0,3.0,aerobic,microbial_enzymatic,yes,58.0,compost_organic_fertilizer,filler,45.0,no_additive,0.0,no_additive,0.0,films,bacteria_fungi_mixed,lab
45.0,78.0,21.0,5,97.0,3.0,aerobic,microbial_enzymatic,yes,58.0,compost_organic_fertilizer,filler,45.0,no_additive,0.0,no_additive,0.0,films,bacteria_fungi_mixed,lab
45.0,86.0,21.0,5,97.0,3.0,aerobic,microbial_enzymatic,yes,58.0,compost_organic_fertilizer,filler,45.0,no_additive,0.0,no_additive,0.0,films,bacteria_fungi_mixed,lab
46.0,94.0,21.0,5,97.0,3.0,aerobic,microbial_enzymatic,yes,58.0,compost_organic_fertilizer,filler,45.0,no_additive,0.0,no_additive,0.0,films,bacteria_fungi_mixed,lab
46.0,100.0,21.0,5,97.0,3.0,aerobic,microbial_enzymatic,yes,58.0,compost_organic_fertilizer,filler,45.0,no_additive,0.0,no_additive,0.0,films,bacteria_fungi_mixed,lab
50.0,99.0,21.0,5,97.0,3.0,aerobic,microbial_enzymatic,yes,58.0,compost_organic_fertilizer,filler,45.0,no_additive,0.0,no_additive,0.0,films,bacteria_fungi_mixed,lab
54.0,99.0,21.0,5,97.0,3.0,aerobic,microbial_enzymatic,yes,58.0,compost_organic_fertilizer,filler,45.0,no_additive,0.0,no_additive,0.0,films,bacteria_fungi_mixed,lab
8.0,19.0,24.0,5,98.0,2.0,aerobic,hydrolysis,no,25.0,marine_aquatic,no_additive,0.0,no_additive,0.0,no_additive,0.0,films,diverse_environmental,lab
13.0,25.0,24.0,5,98.0,2.0,aerobic,hydrolysis,no,25.0,marine_aquatic,no_additive,0.0,no_additive,0.0,no_additive,0.0,films,diverse_environmental,lab
17.0,30.0,24.0,5,98.0,2.0,aerobic,hydrolysis,no,25.0,marine_aquatic,no_additive,0.0,no_additive,0.0,no_additive,0.0,films,diverse_environmental,lab
20.0,33.0,24.0,5,98.0,2.0,aerobic,hydrolysis,no,25.0,marine_aquatic,no_additive,0.0,no_additive,0.0,no_additive,0.0,films,diverse_environmental,lab
25.0,37.0,24.0,5,98.0,2.0,aerobic,hydrolysis,no,25.0,marine_aquatic,no_additive,0.0,no_additive,0.0,no_additive,0.0,films,diverse_environmental,lab
34.0,41.0,24.0,5,98.0,2.0,aerobic,hydrolysis,no,25.0,marine_aquatic,no_additive,0.0,no_additive,0.0,no_additive,0.0,films,diverse_environmental,lab
44.0,44.0,24.0,5,98.0,2.0,aerobic,hydrolysis,no,25.0,marine_aquatic,no_additive,0.0,no_additive,0.0,no_additive,0.0,films,diverse_environmental,lab
52.0,47.0,24.0,5,98.0,2.0,aerobic,hydrolysis,no,25.0,marine_aquatic,no_additive,0.0,no_additive,0.0,no_additive,0.0,films,diverse_environmental,lab
61.0,50.0,24.0,5,98.0,2.0,aerobic,hydrolysis,no,25.0,marine_aquatic,no_additive,0.0,no_additive,0.0,no_additive,0.0,films,diverse_environmental,lab
71.0,53.0,24.0,5,98.0,2.0,aerobic,hydrolysis,no,25.0,marine_aquatic,no_additive,0.0,no_additive,0.0,no_additive,0.0,films,diverse_environmental,lab
77.0,54.0,24.0,5,98.0,2.0,aerobic,hydrolysis,no,25.0,marine_aquatic,no_additive,0.0,no_additive,0.0,no_additive,0.0,films,diverse_environmental,lab
89.0,56.0,24.0,5,98.0,2.0,aerobic,hydrolysis,no,25.0,marine_aquatic,no_additive,0.0,no_additive,0.0,no_additive,0.0,films,diverse_environmental,lab
96.0,56.0,24.0,5,98.0,2.0,aerobic,hydrolysis,no,25.0,marine_aquatic,no_additive,0.0,no_additive,0.0,no_additive,0.0,films,diverse_environmental,lab
106.0,58.0,24.0,5,98.0,2.0,aerobic,hydrolysis,no,25.0,marine_aquatic,no_additive,0.0,no_additive,0.0,no_additive,0.0,films,diverse_environmental,lab
122.0,59.0,24.0,5,98.0,2.0,aerobic,hydrolysis,no,25.0,marine_aquatic,no_additive,0.0,no_additive,0.0,no_additive,0.0,films,diverse_environmental,lab
137.0,59.0,24.0,5,98.0,2.0,aerobic,hydrolysis,no,25.0,marine_aquatic,no_additive,0.0,no_additive,0.0,no_additive,0.0,films,diverse_environmental,lab
151.0,61.0,24.0,5,98.0,2.0,aerobic,hydrolysis,no,25.0,marine_aquatic,no_additive,0.0,no_additive,0.0,no_additive,0.0,films,diverse_environmental,lab
160.0,62.0,24.0,5,98.0,2.0,aerobic,hydrolysis,no,25.0,marine_aquatic,no_additive,0.0,no_additive,0.0,no_additive,0.0,films,diverse_environmental,lab
3.0,9.0,24.0,6,98.0,2.0,aerobic,hydrolysis,yes,25.0,marine_aquatic,crosslinker_polymer_modifier,5.0,no_additive,0.0,no_additive,0.0,films,diverse_environmental,lab
13.0,21.0,24.0,6,98.0,2.0,aerobic,hydrolysis,yes,25.0,marine_aquatic,crosslinker_polymer_modifier,5.0,no_additive,0.0,no_additive,0.0,films,diverse_environmental,lab
25.0,27.0,24.0,6,98.0,2.0,aerobic,hydrolysis,yes,25.0,marine_aquatic,crosslinker_polymer_modifier,5.0,no_additive,0.0,no_additive,0.0,films,diverse_environmental,lab
32.0,29.0,24.0,6,98.0,2.0,aerobic,hydrolysis,yes,25.0,marine_aquatic,crosslinker_polymer_modifier,5.0,no_additive,0.0,no_additive,0.0,films,diverse_environmental,lab
38.0,30.0,24.0,6,98.0,2.0,aerobic,hydrolysis,yes,25.0,marine_aquatic,crosslinker_polymer_modifier,5.0,no_additive,0.0,no_additive,0.0,films,diverse_environmental,lab
45.0,31.0,24.0,6,98.0,2.0,aerobic,hydrolysis,yes,25.0,marine_aquatic,crosslinker_polymer_modifier,5.0,no_additive,0.0,no_additive,0.0,films,diverse_environmental,lab
51.0,32.0,24.0,6,98.0,2.0,aerobic,hydrolysis,yes,25.0,marine_aquatic,crosslinker_polymer_modifier,5.0,no_additive,0.0,no_additive,0.0,films,diverse_environmental,lab
58.0,33.0,24.0,6,98.0,2.0,aerobic,hydrolysis,yes,25.0,marine_aquatic,crosslinker_polymer_modifier,5.0,no_additive,0.0,no_additive,0.0,films,diverse_environmental,lab
64.0,33.0,24.0,6,98.0,2.0,aerobic,hydrolysis,yes,25.0,marine_aquatic,crosslinker_polymer_modifier,5.0,no_additive,0.0,no_additive,0.0,films,diverse_environmental,lab
71.0,34.0,24.0,6,98.0,2.0,aerobic,hydrolysis,yes,25.0,marine_aquatic,crosslinker_polymer_modifier,5.0,no_additive,0.0,no_additive,0.0,films,diverse_environmental,lab
77.0,34.0,24.0,6,98.0,2.0,aerobic,hydrolysis,yes,25.0,marine_aquatic,crosslinker_polymer_modifier,5.0,no_additive,0.0,no_additive,0.0,films,diverse_environmental,lab
84.0,35.0,24.0,6,98.0,2.0,aerobic,hydrolysis,yes,25.0,marine_aquatic,crosslinker_polymer_modifier,5.0,no_additive,0.0,no_additive,0.0,films,diverse_environmental,lab
100.0,35.0,24.0,6,98.0,2.0,aerobic,hydrolysis,yes,25.0,marine_aquatic,crosslinker_polymer_modifier,5.0,no_additive,0.0,no_additive,0.0,films,diverse_environmental,lab
119.0,36.0,24.0,6,98.0,2.0,aerobic,hydrolysis,yes,25.0,marine_aquatic,crosslinker_polymer_modifier,5.0,no_additive,0.0,no_additive,0.0,films,diverse_environmental,lab
125.0,36.0,24.0,6,98.0,2.0,aerobic,hydrolysis,yes,25.0,marine_aquatic,crosslinker_polymer_modifier,5.0,no_additive,0.0,no_additive,0.0,films,diverse_environmental,lab
132.0,36.0,24.0,6,98.0,2.0,aerobic,hydrolysis,yes,25.0,marine_aquatic,crosslinker_polymer_modifier,5.0,no_additive,0.0,no_additive,0.0,films,diverse_environmental,lab
139.0,36.0,24.0,6,98.0,2.0,aerobic,hydrolysis,yes,25.0,marine_aquatic,crosslinker_polymer_modifier,5.0,no_additive,0.0,no_additive,0.0,films,diverse_environmental,lab
145.0,36.0,24.0,6,98.0,2.0,aerobic,hydrolysis,yes,25.0,marine_aquatic,crosslinker_polymer_modifier,5.0,no_additive,0.0,no_additive,0.0,films,diverse_environmental,lab
152.0,36.0,24.0,6,98.0,2.0,aerobic,hydrolysis,yes,25.0,marine_aquatic,crosslinker_polymer_modifier,5.0,no_additive,0.0,no_additive,0.0,films,diverse_environmental,lab
158.0,36.0,24.0,6,98.0,2.0,aerobic,hydrolysis,yes,25.0,marine_aquatic,crosslinker_polymer_modifier,5.0,no_additive,0.0,no_additive,0.0,films,diverse_environmental,lab
22.0,33.0,24.0,7,98.0,2.0,aerobic,hydrolysis,yes,25.0,marine_aquatic,plasticizer,5.0,no_additive,0.0,no_additive,0.0,films,diverse_environmental,lab
27.0,38.0,24.0,7,98.0,2.0,aerobic,hydrolysis,yes,25.0,marine_aquatic,plasticizer,5.0,no_additive,0.0,no_additive,0.0,films,diverse_environmental,lab
32.0,43.0,24.0,7,98.0,2.0,aerobic,hydrolysis,yes,25.0,marine_aquatic,plasticizer,5.0,no_additive,0.0,no_additive,0.0,films,diverse_environmental,lab
38.0,47.0,24.0,7,98.0,2.0,aerobic,hydrolysis,yes,25.0,marine_aquatic,plasticizer,5.0,no_additive,0.0,no_additive,0.0,films,diverse_environmental,lab
45.0,52.0,24.0,7,98.0,2.0,aerobic,hydrolysis,yes,25.0,marine_aquatic,plasticizer,5.0,no_additive,0.0,no_additive,0.0,films,diverse_environmental,lab
51.0,56.0,24.0,7,98.0,2.0,aerobic,hydrolysis,yes,25.0,marine_aquatic,plasticizer,5.0,no_additive,0.0,no_additive,0.0,films,diverse_environmental,lab
58.0,59.0,24.0,7,98.0,2.0,aerobic,hydrolysis,yes,25.0,marine_aquatic,plasticizer,5.0,no_additive,0.0,no_additive,0.0,films,diverse_environmental,lab
69.0,65.0,24.0,7,98.0,2.0,aerobic,hydrolysis,yes,25.0,marine_aquatic,plasticizer,5.0,no_additive,0.0,no_additive,0.0,films,diverse_environmental,lab
76.0,68.0,24.0,7,98.0,2.0,aerobic,hydrolysis,yes,25.0,marine_aquatic,plasticizer,5.0,no_additive,0.0,no_additive,0.0,films,diverse_environmental,lab
82.0,71.0,24.0,7,98.0,2.0,aerobic,hydrolysis,yes,25.0,marine_aquatic,plasticizer,5.0,no_additive,0.0,no_additive,0.0,films,diverse_environmental,lab
95.0,74.0,24.0,7,98.0,2.0,aerobic,hydrolysis,yes,25.0,marine_aquatic,plasticizer,5.0,no_additive,0.0,no_additive,0.0,films,diverse_environmental,lab
104.0,77.0,24.0,7,98.0,2.0,aerobic,hydrolysis,yes,25.0,marine_aquatic,plasticizer,5.0,no_additive,0.0,no_additive,0.0,films,diverse_environmental,lab
116.0,81.0,24.0,7,98.0,2.0,aerobic,hydrolysis,yes,25.0,marine_aquatic,plasticizer,5.0,no_additive,0.0,no_additive,0.0,films,diverse_environmental,lab
122.0,82.0,24.0,7,98.0,2.0,aerobic,hydrolysis,yes,25.0,marine_aquatic,plasticizer,5.0,no_additive,0.0,no_additive,0.0,films,diverse_environmental,lab
129.0,84.0,24.0,7,98.0,2.0,aerobic,hydrolysis,yes,25.0,marine_aquatic,plasticizer,5.0,no_additive,0.0,no_additive,0.0,films,diverse_environmental,lab
141.0,86.0,24.0,7,98.0,2.0,aerobic,hydrolysis,yes,25.0,marine_aquatic,plasticizer,5.0,no_additive,0.0,no_additive,0.0,films,diverse_environmental,lab
152.0,89.0,24.0,7,98.0,2.0,aerobic,hydrolysis,yes,25.0,marine_aquatic,plasticizer,5.0,no_additive,0.0,no_additive,0.0,films,diverse_environmental,lab
161.0,89.0,24.0,7,98.0,2.0,aerobic,hydrolysis,yes,25.0,marine_aquatic,plasticizer,5.0,no_additive,0.0,no_additive,0.0,films,diverse_environmental,lab
3.0,7.0,24.0,8,98.0,2.0,aerobic,hydrolysis,yes,25.0,marine_aquatic,plasticizer,5.0,no_additive,0.0,no_additive,0.0,films,diverse_environmental,lab
5.0,12.0,24.0,8,98.0,2.0,aerobic,hydrolysis,yes,25.0,marine_aquatic,plasticizer,5.0,no_additive,0.0,no_additive,0.0,films,diverse_environmental,lab
8.0,15.0,24.0,8,98.0,2.0,aerobic,hydrolysis,yes,25.0,marine_aquatic,plasticizer,5.0,no_additive,0.0,no_additive,0.0,films,diverse_environmental,lab
12.0,20.0,24.0,8,98.0,2.0,aerobic,hydrolysis,yes,25.0,marine_aquatic,plasticizer,5.0,no_additive,0.0,no_additive,0.0,films,diverse_environmental,lab
16.0,25.0,24.0,8,98.0,2.0,aerobic,hydrolysis,yes,25.0,marine_aquatic,plasticizer,5.0,no_additive,0.0,no_additive,0.0,films,diverse_environmental,lab
20.0,30.0,24.0,8,98.0,2.0,aerobic,hydrolysis,yes,25.0,marine_aquatic,plasticizer,5.0,no_additive,0.0,no_additive,0.0,films,diverse_environmental,lab
25.0,34.0,24.0,8,98.0,2.0,aerobic,hydrolysis,yes,25.0,marine_aquatic,plasticizer,5.0,no_additive,0.0,no_additive,0.0,films,diverse_environmental,lab
31.0,39.0,24.0,8,98.0,2.0,aerobic,hydrolysis,yes,25.0,marine_aquatic,plasticizer,5.0,no_additive,0.0,no_additive,0.0,films,diverse_environmental,lab
37.0,44.0,24.0,8,98.0,2.0,aerobic,hydrolysis,yes,25.0,marine_aquatic,plasticizer,5.0,no_additive,0.0,no_additive,0.0,films,diverse_environmental,lab
43.0,47.0,24.0,8,98.0,2.0,aerobic,hydrolysis,yes,25.0,marine_aquatic,plasticizer,5.0,no_additive,0.0,no_additive,0.0,films,diverse_environmental,lab
50.0,51.0,24.0,8,98.0,2.0,aerobic,hydrolysis,yes,25.0,marine_aquatic,plasticizer,5.0,no_additive,0.0,no_additive,0.0,films,diverse_environmental,lab
57.0,54.0,24.0,8,98.0,2.0,aerobic,hydrolysis,yes,25.0,marine_aquatic,plasticizer,5.0,no_additive,0.0,no_additive,0.0,films,diverse_environmental,lab
63.0,57.0,24.0,8,98.0,2.0,aerobic,hydrolysis,yes,25.0,marine_aquatic,plasticizer,5.0,no_additive,0.0,no_additive,0.0,films,diverse_environmental,lab
70.0,59.0,24.0,8,98.0,2.0,aerobic,hydrolysis,yes,25.0,marine_aquatic,plasticizer,5.0,no_additive,0.0,no_additive,0.0,films,diverse_environmental,lab
76.0,61.0,24.0,8,98.0,2.0,aerobic,hydrolysis,yes,25.0,marine_aquatic,plasticizer,5.0,no_additive,0.0,no_additive,0.0,films,diverse_environmental,lab
83.0,63.0,24.0,8,98.0,2.0,aerobic,hydrolysis,yes,25.0,marine_aquatic,plasticizer,5.0,no_additive,0.0,no_additive,0.0,films,diverse_environmental,lab
89.0,65.0,24.0,8,98.0,2.0,aerobic,hydrolysis,yes,25.0,marine_aquatic,plasticizer,5.0,no_additive,0.0,no_additive,0.0,films,diverse_environmental,lab
96.0,66.0,24.0,8,98.0,2.0,aerobic,hydrolysis,yes,25.0,marine_aquatic,plasticizer,5.0,no_additive,0.0,no_additive,0.0,films,diverse_environmental,lab
102.0,68.0,24.0,8,98.0,2.0,aerobic,hydrolysis,yes,25.0,marine_aquatic,plasticizer,5.0,no_additive,0.0,no_additive,0.0,films,diverse_environmental,lab
109.0,69.0,24.0,8,98.0,2.0,aerobic,hydrolysis,yes,25.0,marine_aquatic,plasticizer,5.0,no_additive,0.0,no_additive,0.0,films,diverse_environmental,lab
115.0,70.0,24.0,8,98.0,2.0,aerobic,hydrolysis,yes,25.0,marine_aquatic,plasticizer,5.0,no_additive,0.0,no_additive,0.0,films,diverse_environmental,lab
122.0,71.0,24.0,8,98.0,2.0,aerobic,hydrolysis,yes,25.0,marine_aquatic,plasticizer,5.0,no_additive,0.0,no_additive,0.0,films,diverse_environmental,lab
128.0,72.0,24.0,8,98.0,2.0,aerobic,hydrolysis,yes,25.0,marine_aquatic,plasticizer,5.0,no_additive,0.0,no_additive,0.0,films,diverse_environmental,lab
135.0,73.0,24.0,8,98.0,2.0,aerobic,hydrolysis,yes,25.0,marine_aquatic,plasticizer,5.0,no_additive,0.0,no_additive,0.0,films,diverse_environmental,lab
141.0,74.0,24.0,8,98.0,2.0,aerobic,hydrolysis,yes,25.0,marine_aquatic,plasticizer,5.0,no_additive,0.0,no_additive,0.0,films,diverse_environmental,lab
148.0,75.0,24.0,8,98.0,2.0,aerobic,hydrolysis,yes,25.0,marine_aquatic,plasticizer,5.0,no_additive,0.0,no_additive,0.0,films,diverse_environmental,lab
155.0,76.0,24.0,8,98.0,2.0,aerobic,hydrolysis,yes,25.0,marine_aquatic,plasticizer,5.0,no_additive,0.0,no_additive,0.0,films,diverse_environmental,lab
161.0,76.0,24.0,8,98.0,2.0,aerobic,hydrolysis,yes,25.0,marine_aquatic,plasticizer,5.0,no_additive,0.0,no_additive,0.0,films,diverse_environmental,lab
