biodegradation_time_days,biodegradation_percentage,study_id,instance,phb_initial_mol,phv_initial_mol,biodegradation_condition,degradation_mechanism,t_biodeg,degradation_environment,additive_type_1,additive1_percentage_wt,additive_type_2,additive2_percentage_wt,additive_type_3,additive3_percentage_wt,sample_shape_morphology,pha_degrading_microbes,additives
5.0,3.0,1,1,88,12,aerobic,hydrolysis_assisted_microbial_assimilation,58.0,compost_organic_fertilizer,plasticizer,10.0,no_additive,0.0,no_additive,0.0,films,bacteria_dominated,yes
8.0,4.0,1,1,88,12,aerobic,hydrolysis_assisted_microbial_assimilation,58.0,compost_organic_fertilizer,plasticizer,10.0,no_additive,0.0,no_additive,0.0,films,bacteria_dominated,yes
12.0,5.0,1,1,88,12,aerobic,hydrolysis_assisted_microbial_assimilation,58.0,compost_organic_fertilizer,plasticizer,10.0,no_additive,0.0,no_additive,0.0,films,bacteria_dominated,yes
18.0,6.0,1,1,88,12,aerobic,hydrolysis_assisted_microbial_assimilation,58.0,compost_organic_fertilizer,plasticizer,10.0,no_additive,0.0,no_additive,0.0,films,bacteria_dominated,yes
22.0,6.0,1,1,88,12,aerobic,hydrolysis_assisted_microbial_assimilation,58.0,compost_organic_fertilizer,plasticizer,10.0,no_additive,0.0,no_additive,0.0,films,bacteria_dominated,yes
30.0,7.0,1,1,88,12,aerobic,hydrolysis_assisted_microbial_assimilation,58.0,compost_organic_fertilizer,plasticizer,10.0,no_additive,0.0,no_additive,0.0,films,bacteria_dominated,yes
33.0,15.0,1,1,88,12,aerobic,hydrolysis_assisted_microbial_assimilation,58.0,compost_organic_fertilizer,plasticizer,10.0,no_additive,0.0,no_additive,0.0,films,bacteria_dominated,yes
37.0,16.0,1,1,88,12,aerobic,hydrolysis_assisted_microbial_assimilation,58.0,compost_organic_fertilizer,plasticizer,10.0,no_additive,0.0,no_additive,0.0,films,bacteria_dominated,yes
42.0,21.0,1,1,88,12,aerobic,hydrolysis_assisted_microbial_assimilation,58.0,compost_organic_fertilizer,plasticizer,10.0,no_additive,0.0,no_additive,0.0,films,bacteria_dominated,yes
47.0,26.0,1,1,88,12,aerobic,hydrolysis_assisted_microbial_assimilation,58.0,compost_organic_fertilizer,plasticizer,10.0,no_additive,0.0,no_additive,0.0,films,bacteria_dominated,yes
55.0,28.0,1,1,88,12,aerobic,hydrolysis_assisted_microbial_assimilation,58.0,compost_organic_fertilizer,plasticizer,10.0,no_additive,0.0,no_additive,0.0,films,bacteria_dominated,yes
59.0,32.0,1,1,88,12,aerobic,hydrolysis_assisted_microbial_assimilation,58.0,compost_organic_fertilizer,plasticizer,10.0,no_additive,0.0,no_additive,0.0,films,bacteria_dominated,yes
65.0,38.0,1,1,88,12,aerobic,hydrolysis_assisted_microbial_assimilation,58.0,compost_organic_fertilizer,plasticizer,10.0,no_additive,0.0,no_additive,0.0,films,bacteria_dominated,yes
71.0,41.0,1,1,88,12,aerobic,hydrolysis_assisted_microbial_assimilation,58.0,compost_organic_fertilizer,plasticizer,10.0,no_additive,0.0,no_additive,0.0,films,bacteria_dominated,yes
75.0,47.0,1,1,88,12,aerobic,hydrolysis_assisted_microbial_assimilation,58.0,compost_organic_fertilizer,plasticizer,10.0,no_additive,0.0,no_additive,0.0,films,bacteria_dominated,yes
80.0,54.0,1,1,88,12,aerobic,hydrolysis_assisted_microbial_assimilation,58.0,compost_organic_fertilizer,plasticizer,10.0,no_additive,0.0,no_additive,0.0,films,bacteria_dominated,yes
90.0,58.0,1,1,88,12,aerobic,hydrolysis_assisted_microbial_assimilation,58.0,compost_organic_fertilizer,plasticizer,10.0,no_additive,0.0,no_additive,0.0,films,bacteria_dominated,yes
100.0,63.0,1,1,88,12,aerobic,hydrolysis_assisted_microbial_assimilation,58.0,compost_organic_fertilizer,plasticizer,10.0,no_additive,0.0,no_additive,0.0,films,bacteria_dominated,yes
110.0,66.0,1,1,88,12,aerobic,hydrolysis_assisted_microbial_assimilation,58.0,compost_organic_fertilizer,plasticizer,10.0,no_additive,0.0,no_additive,0.0,films,bacteria_dominated,yes
125.0,72.0,1,1,88,12,aerobic,hydrolysis_assisted_microbial_assimilation,58.0,compost_organic_fertilizer,plasticizer,10.0,no_additive,0.0,no_additive,0.0,films,bacteria_dominated,yes
129.0,73.0,1,1,88,12,aerobic,hydrolysis_assisted_microbial_assimilation,58.0,compost_organic_fertilizer,plasticizer,10.0,no_additive,0.0,no_additive,0.0,films,bacteria_dominated,yes
144.0,78.0,1,1,88,12,aerobic,hydrolysis_assisted_microbial_assimilation,58.0,compost_organic_fertilizer,plasticizer,10.0,no_additive,0.0,no_additive,0.0,films,bacteria_dominated,yes
155.0,83.0,1,1,88,12,aerobic,hydrolysis_assisted_microbial_assimilation,58.0,compost_organic_fertilizer,plasticizer,10.0,no_additive,0.0,no_additive,0.0,films,bacteria_dominated,yes
170.0,88.0,1,1,88,12,aerobic,hydrolysis_assisted_microbial_assimilation,58.0,compost_organic_fertilizer,plasticizer,10.0,no_additive,0.0,no_additive,0.0,films,bacteria_dominated,yes
180.0,90.0,1,1,88,12,aerobic,hydrolysis_assisted_microbial_assimilation,58.0,compost_organic_fertilizer,plasticizer,10.0,no_additive,0.0,no_additive,0.0,films,bacteria_dominated,yes
200.0,93.0,1,1,88,12,aerobic,hydrolysis_assisted_microbial_assimilation,58.0,compost_organic_fertilizer,plasticizer,10.0,no_additive,0.0,no_additive,0.0,films,bacteria_dominated,yes
3.0,5.0,1,2,88,12,aerobic,hydrolysis_assisted_microbial_assimilation,58.0,compost_organic_fertilizer,plasticizer,3.0,blend_polymer,70.0,no_additive,0.0,films,bacteria_dominated,yes
7.0,6.0,1,2,88,12,aerobic,hydrolysis_assisted_microbial_assimilation,58.0,compost_organic_fertilizer,plasticizer,3.0,blend_polymer,70.0,no_additive,0.0,films,bacteria_dominated,yes
11.0,8.0,1,2,88,12,aerobic,hydrolysis_assisted_microbial_assimilation,58.0,compost_organic_fertilizer,plasticizer,3.0,blend_polymer,70.0,no_additive,0.0,films,bacteria_dominated,yes
14.0,11.0,1,2,88,12,aerobic,hydrolysis_assisted_microbial_assimilation,58.0,compost_organic_fertilizer,plasticizer,3.0,blend_polymer,70.0,no_additive,0.0,films,bacteria_dominated,yes
20.0,14.0,1,2,88,12,aerobic,hydrolysis_assisted_microbial_assimilation,58.0,compost_organic_fertilizer,plasticizer,3.0,blend_polymer,70.0,no_additive,0.0,films,bacteria_dominated,yes
30.0,17.0,1,2,88,12,aerobic,hydrolysis_assisted_microbial_assimilation,58.0,compost_organic_fertilizer,plasticizer,3.0,blend_polymer,70.0,no_additive,0.0,films,bacteria_dominated,yes
33.0,19.0,1,2,88,12,aerobic,hydrolysis_assisted_microbial_assimilation,58.0,compost_organic_fertilizer,plasticizer,3.0,blend_polymer,70.0,no_additive,0.0,films,bacteria_dominated,yes
37.0,24.0,1,2,88,12,aerobic,hydrolysis_assisted_microbial_assimilation,58.0,compost_organic_fertilizer,plasticizer,3.0,blend_polymer,70.0,no_additive,0.0,films,bacteria_dominated,yes
42.0,28.0,1,2,88,12,aerobic,hydrolysis_assisted_microbial_assimilation,58.0,compost_organic_fertilizer,plasticizer,3.0,blend_polymer,70.0,no_additive,0.0,films,bacteria_dominated,yes
47.0,34.0,1,2,88,12,aerobic,hydrolysis_assisted_microbial_assimilation,58.0,compost_organic_fertilizer,plasticizer,3.0,blend_polymer,70.0,no_additive,0.0,films,bacteria_dominated,yes
55.0,38.0,1,2,88,12,aerobic,hydrolysis_assisted_microbial_assimilation,58.0,compost_organic_fertilizer,plasticizer,3.0,blend_polymer,70.0,no_additive,0.0,films,bacteria_dominated,yes
59.0,40.0,1,2,88,12,aerobic,hydrolysis_assisted_microbial_assimilation,58.0,compost_organic_fertilizer,plasticizer,3.0,blend_polymer,70.0,no_additive,0.0,films,bacteria_dominated,yes
65.0,45.0,1,2,88,12,aerobic,hydrolysis_assisted_microbial_assimilation,58.0,compost_organic_fertilizer,plasticizer,3.0,blend_polymer,70.0,no_additive,0.0,films,bacteria_dominated,yes
71.0,48.0,1,2,88,12,aerobic,hydrolysis_assisted_microbial_assimilation,58.0,compost_organic_fertilizer,plasticizer,3.0,blend_polymer,70.0,no_additive,0.0,films,bacteria_dominated,yes
75.0,51.0,1,2,88,12,aerobic,hydrolysis_assisted_microbial_assimilation,58.0,compost_organic_fertilizer,plasticizer,3.0,blend_polymer,70.0,no_additive,0.0,films,bacteria_dominated,yes
80.0,51.0,1,2,88,12,aerobic,hydrolysis_assisted_microbial_assimilation,58.0,compost_organic_fertilizer,plasticizer,3.0,blend_polymer,70.0,no_additive,0.0,films,bacteria_dominated,yes
90.0,55.0,1,2,88,12,aerobic,hydrolysis_assisted_microbial_assimilation,58.0,compost_organic_fertilizer,plasticizer,3.0,blend_polymer,70.0,no_additive,0.0,films,bacteria_dominated,yes
100.0,58.0,1,2,88,12,aerobic,hydrolysis_assisted_microbial_assimilation,58.0,compost_organic_fertilizer,plasticizer,3.0,blend_polymer,70.0,no_additive,0.0,films,bacteria_dominated,yes
110.0,63.0,1,2,88,12,aerobic,hydrolysis_assisted_microbial_assimilation,58.0,compost_organic_fertilizer,plasticizer,3.0,blend_polymer,70.0,no_additive,0.0,films,bacteria_dominated,yes
125.0,67.0,1,2,88,12,aerobic,hydrolysis_assisted_microbial_assimilation,58.0,compost_organic_fertilizer,plasticizer,3.0,blend_polymer,70.0,no_additive,0.0,films,bacteria_dominated,yes
130.0,72.0,1,2,88,12,aerobic,hydrolysis_assisted_microbial_assimilation,58.0,compost_organic_fertilizer,plasticizer,3.0,blend_polymer,70.0,no_additive,0.0,films,bacteria_dominated,yes
146.0,76.0,1,2,88,12,aerobic,hydrolysis_assisted_microbial_assimilation,58.0,compost_organic_fertilizer,plasticizer,3.0,blend_polymer,70.0,no_additive,0.0,films,bacteria_dominated,yes
155.0,81.0,1,2,88,12,aerobic,hydrolysis_assisted_microbial_assimilation,58.0,compost_organic_fertilizer,plasticizer,3.0,blend_polymer,70.0,no_additive,0.0,films,bacteria_dominated,yes
170.0,85.0,1,2,88,12,aerobic,hydrolysis_assisted_microbial_assimilation,58.0,compost_organic_fertilizer,plasticizer,3.0,blend_polymer,70.0,no_additive,0.0,films,bacteria_dominated,yes
181.0,90.0,1,2,88,12,aerobic,hydrolysis_assisted_microbial_assimilation,58.0,compost_organic_fertilizer,plasticizer,3.0,blend_polymer,70.0,no_additive,0.0,films,bacteria_dominated,yes
200.0,93.0,1,2,88,12,aerobic,hydrolysis_assisted_microbial_assimilation,58.0,compost_organic_fertilizer,plasticizer,3.0,blend_polymer,70.0,no_additive,0.0,films,bacteria_dominated,yes
5.0,0.0,1,3,88,12,aerobic,all_mechanisms,24.0,soil,plasticizer,10.0,no_additive,0.0,no_additive,0.0,films,soil_microorganisms,yes
11.0,1.0,1,3,88,12,aerobic,all_mechanisms,24.0,soil,plasticizer,10.0,no_additive,0.0,no_additive,0.0,films,soil_microorganisms,yes
19.0,1.0,1,3,88,12,aerobic,all_mechanisms,24.0,soil,plasticizer,10.0,no_additive,0.0,no_additive,0.0,films,soil_microorganisms,yes
25.0,1.0,1,3,88,12,aerobic,all_mechanisms,24.0,soil,plasticizer,10.0,no_additive,0.0,no_additive,0.0,films,soil_microorganisms,yes
30.0,2.0,1,3,88,12,aerobic,all_mechanisms,24.0,soil,plasticizer,10.0,no_additive,0.0,no_additive,0.0,films,soil_microorganisms,yes
39.0,3.0,1,3,88,12,aerobic,all_mechanisms,24.0,soil,plasticizer,10.0,no_additive,0.0,no_additive,0.0,films,soil_microorganisms,yes
47.0,3.0,1,3,88,12,aerobic,all_mechanisms,24.0,soil,plasticizer,10.0,no_additive,0.0,no_additive,0.0,films,soil_microorganisms,yes
56.0,5.0,1,3,88,12,aerobic,all_mechanisms,24.0,soil,plasticizer,10.0,no_additive,0.0,no_additive,0.0,films,soil_microorganisms,yes
67.0,9.0,1,3,88,12,aerobic,all_mechanisms,24.0,soil,plasticizer,10.0,no_additive,0.0,no_additive,0.0,films,soil_microorganisms,yes
74.0,12.0,1,3,88,12,aerobic,all_mechanisms,24.0,soil,plasticizer,10.0,no_additive,0.0,no_additive,0.0,films,soil_microorganisms,yes
83.0,17.0,1,3,88,12,aerobic,all_mechanisms,24.0,soil,plasticizer,10.0,no_additive,0.0,no_additive,0.0,films,soil_microorganisms,yes
92.0,19.0,1,3,88,12,aerobic,all_mechanisms,24.0,soil,plasticizer,10.0,no_additive,0.0,no_additive,0.0,films,soil_microorganisms,yes
98.0,23.0,1,3,88,12,aerobic,all_mechanisms,24.0,soil,plasticizer,10.0,no_additive,0.0,no_additive,0.0,films,soil_microorganisms,yes
109.0,24.0,1,3,88,12,aerobic,all_mechanisms,24.0,soil,plasticizer,10.0,no_additive,0.0,no_additive,0.0,films,soil_microorganisms,yes
119.0,24.0,1,3,88,12,aerobic,all_mechanisms,24.0,soil,plasticizer,10.0,no_additive,0.0,no_additive,0.0,films,soil_microorganisms,yes
134.0,25.0,1,3,88,12,aerobic,all_mechanisms,24.0,soil,plasticizer,10.0,no_additive,0.0,no_additive,0.0,films,soil_microorganisms,yes
144.0,25.0,1,3,88,12,aerobic,all_mechanisms,24.0,soil,plasticizer,10.0,no_additive,0.0,no_additive,0.0,films,soil_microorganisms,yes
160.0,26.0,1,3,88,12,aerobic,all_mechanisms,24.0,soil,plasticizer,10.0,no_additive,0.0,no_additive,0.0,films,soil_microorganisms,yes
179.0,28.0,1,3,88,12,aerobic,all_mechanisms,24.0,soil,plasticizer,10.0,no_additive,0.0,no_additive,0.0,films,soil_microorganisms,yes
200.0,29.0,1,3,88,12,aerobic,all_mechanisms,24.0,soil,plasticizer,10.0,no_additive,0.0,no_additive,0.0,films,soil_microorganisms,yes
5.0,0.0,1,4,88,12,aerobic,all_mechanisms,24.0,soil,plasticizer,3.0,blend_polymer,70.0,no_additive,0.0,films,soil_microorganisms,yes
11.0,1.0,1,4,88,12,aerobic,all_mechanisms,24.0,soil,plasticizer,3.0,blend_polymer,70.0,no_additive,0.0,films,soil_microorganisms,yes
19.0,1.0,1,4,88,12,aerobic,all_mechanisms,24.0,soil,plasticizer,3.0,blend_polymer,70.0,no_additive,0.0,films,soil_microorganisms,yes
25.0,1.0,1,4,88,12,aerobic,all_mechanisms,24.0,soil,plasticizer,3.0,blend_polymer,70.0,no_additive,0.0,films,soil_microorganisms,yes
30.0,2.0,1,4,88,12,aerobic,all_mechanisms,24.0,soil,plasticizer,3.0,blend_polymer,70.0,no_additive,0.0,films,soil_microorganisms,yes
39.0,3.0,1,4,88,12,aerobic,all_mechanisms,24.0,soil,plasticizer,3.0,blend_polymer,70.0,no_additive,0.0,films,soil_microorganisms,yes
48.0,5.0,1,4,88,12,aerobic,all_mechanisms,24.0,soil,plasticizer,3.0,blend_polymer,70.0,no_additive,0.0,films,soil_microorganisms,yes
56.0,7.0,1,4,88,12,aerobic,all_mechanisms,24.0,soil,plasticizer,3.0,blend_polymer,70.0,no_additive,0.0,films,soil_microorganisms,yes
68.0,12.0,1,4,88,12,aerobic,all_mechanisms,24.0,soil,plasticizer,3.0,blend_polymer,70.0,no_additive,0.0,films,soil_microorganisms,yes
74.0,14.0,1,4,88,12,aerobic,all_mechanisms,24.0,soil,plasticizer,3.0,blend_polymer,70.0,no_additive,0.0,films,soil_microorganisms,yes
83.0,17.0,1,4,88,12,aerobic,all_mechanisms,24.0,soil,plasticizer,3.0,blend_polymer,70.0,no_additive,0.0,films,soil_microorganisms,yes
92.0,20.0,1,4,88,12,aerobic,all_mechanisms,24.0,soil,plasticizer,3.0,blend_polymer,70.0,no_additive,0.0,films,soil_microorganisms,yes
98.0,24.0,1,4,88,12,aerobic,all_mechanisms,24.0,soil,plasticizer,3.0,blend_polymer,70.0,no_additive,0.0,films,soil_microorganisms,yes
110.0,25.0,1,4,88,12,aerobic,all_mechanisms,24.0,soil,plasticizer,3.0,blend_polymer,70.0,no_additive,0.0,films,soil_microorganisms,yes
120.0,26.0,1,4,88,12,aerobic,all_mechanisms,24.0,soil,plasticizer,3.0,blend_polymer,70.0,no_additive,0.0,films,soil_microorganisms,yes
135.0,27.0,1,4,88,12,aerobic,all_mechanisms,24.0,soil,plasticizer,3.0,blend_polymer,70.0,no_additive,0.0,films,soil_microorganisms,yes
145.0,28.0,1,4,88,12,aerobic,all_mechanisms,24.0,soil,plasticizer,3.0,blend_polymer,70.0,no_additive,0.0,films,soil_microorganisms,yes
159.0,29.0,1,4,88,12,aerobic,all_mechanisms,24.0,soil,plasticizer,3.0,blend_polymer,70.0,no_additive,0.0,films,soil_microorganisms,yes
179.0,29.0,1,4,88,12,aerobic,all_mechanisms,24.0,soil,plasticizer,3.0,blend_polymer,70.0,no_additive,0.0,films,soil_microorganisms,yes
200.0,29.0,1,4,88,12,aerobic,all_mechanisms,24.0,soil,plasticizer,3.0,blend_polymer,70.0,no_additive,0.0,films,soil_microorganisms,yes
1.0,5.0,2,1,88,12,aerobic,enzyme_mediated_microbial_biodegradation,58.0,compost_organic_fertilizer,plasticizer,6.8,filler,30.0,stabilizer,2.0,sheets,bacteria_dominated,yes
4.0,10.0,2,1,88,12,aerobic,enzyme_mediated_microbial_biodegradation,58.0,compost_organic_fertilizer,plasticizer,6.8,filler,30.0,stabilizer,2.0,sheets,bacteria_dominated,yes
5.0,15.0,2,1,88,12,aerobic,enzyme_mediated_microbial_biodegradation,58.0,compost_organic_fertilizer,plasticizer,6.8,filler,30.0,stabilizer,2.0,sheets,bacteria_dominated,yes
6.0,18.0,2,1,88,12,aerobic,enzyme_mediated_microbial_biodegradation,58.0,compost_organic_fertilizer,plasticizer,6.8,filler,30.0,stabilizer,2.0,sheets,bacteria_dominated,yes
7.0,25.0,2,1,88,12,aerobic,enzyme_mediated_microbial_biodegradation,58.0,compost_organic_fertilizer,plasticizer,6.8,filler,30.0,stabilizer,2.0,sheets,bacteria_dominated,yes
8.0,27.0,2,1,88,12,aerobic,enzyme_mediated_microbial_biodegradation,58.0,compost_organic_fertilizer,plasticizer,6.8,filler,30.0,stabilizer,2.0,sheets,bacteria_dominated,yes
9.0,29.0,2,1,88,12,aerobic,enzyme_mediated_microbial_biodegradation,58.0,compost_organic_fertilizer,plasticizer,6.8,filler,30.0,stabilizer,2.0,sheets,bacteria_dominated,yes
11.0,35.0,2,1,88,12,aerobic,enzyme_mediated_microbial_biodegradation,58.0,compost_organic_fertilizer,plasticizer,6.8,filler,30.0,stabilizer,2.0,sheets,bacteria_dominated,yes
12.0,37.0,2,1,88,12,aerobic,enzyme_mediated_microbial_biodegradation,58.0,compost_organic_fertilizer,plasticizer,6.8,filler,30.0,stabilizer,2.0,sheets,bacteria_dominated,yes
14.0,43.0,2,1,88,12,aerobic,enzyme_mediated_microbial_biodegradation,58.0,compost_organic_fertilizer,plasticizer,6.8,filler,30.0,stabilizer,2.0,sheets,bacteria_dominated,yes
16.0,45.0,2,1,88,12,aerobic,enzyme_mediated_microbial_biodegradation,58.0,compost_organic_fertilizer,plasticizer,6.8,filler,30.0,stabilizer,2.0,sheets,bacteria_dominated,yes
18.0,52.0,2,1,88,12,aerobic,enzyme_mediated_microbial_biodegradation,58.0,compost_organic_fertilizer,plasticizer,6.8,filler,30.0,stabilizer,2.0,sheets,bacteria_dominated,yes
20.0,54.0,2,1,88,12,aerobic,enzyme_mediated_microbial_biodegradation,58.0,compost_organic_fertilizer,plasticizer,6.8,filler,30.0,stabilizer,2.0,sheets,bacteria_dominated,yes
23.0,57.0,2,1,88,12,aerobic,enzyme_mediated_microbial_biodegradation,58.0,compost_organic_fertilizer,plasticizer,6.8,filler,30.0,stabilizer,2.0,sheets,bacteria_dominated,yes
25.0,60.0,2,1,88,12,aerobic,enzyme_mediated_microbial_biodegradation,58.0,compost_organic_fertilizer,plasticizer,6.8,filler,30.0,stabilizer,2.0,sheets,bacteria_dominated,yes
27.0,61.0,2,1,88,12,aerobic,enzyme_mediated_microbial_biodegradation,58.0,compost_organic_fertilizer,plasticizer,6.8,filler,30.0,stabilizer,2.0,sheets,bacteria_dominated,yes
30.0,65.0,2,1,88,12,aerobic,enzyme_mediated_microbial_biodegradation,58.0,compost_organic_fertilizer,plasticizer,6.8,filler,30.0,stabilizer,2.0,sheets,bacteria_dominated,yes
34.0,68.0,2,1,88,12,aerobic,enzyme_mediated_microbial_biodegradation,58.0,compost_organic_fertilizer,plasticizer,6.8,filler,30.0,stabilizer,2.0,sheets,bacteria_dominated,yes
37.0,71.0,2,1,88,12,aerobic,enzyme_mediated_microbial_biodegradation,58.0,compost_organic_fertilizer,plasticizer,6.8,filler,30.0,stabilizer,2.0,sheets,bacteria_dominated,yes
44.0,73.0,2,1,88,12,aerobic,enzyme_mediated_microbial_biodegradation,58.0,compost_organic_fertilizer,plasticizer,6.8,filler,30.0,stabilizer,2.0,sheets,bacteria_dominated,yes
49.0,74.0,2,1,88,12,aerobic,enzyme_mediated_microbial_biodegradation,58.0,compost_organic_fertilizer,plasticizer,6.8,filler,30.0,stabilizer,2.0,sheets,bacteria_dominated,yes
54.0,75.0,2,1,88,12,aerobic,enzyme_mediated_microbial_biodegradation,58.0,compost_organic_fertilizer,plasticizer,6.8,filler,30.0,stabilizer,2.0,sheets,bacteria_dominated,yes
59.0,76.0,2,1,88,12,aerobic,enzyme_mediated_microbial_biodegradation,58.0,compost_organic_fertilizer,plasticizer,6.8,filler,30.0,stabilizer,2.0,sheets,bacteria_dominated,yes
65.0,77.0,2,1,88,12,aerobic,enzyme_mediated_microbial_biodegradation,58.0,compost_organic_fertilizer,plasticizer,6.8,filler,30.0,stabilizer,2.0,sheets,bacteria_dominated,yes
70.0,79.0,2,1,88,12,aerobic,enzyme_mediated_microbial_biodegradation,58.0,compost_organic_fertilizer,plasticizer,6.8,filler,30.0,stabilizer,2.0,sheets,bacteria_dominated,yes
74.0,80.0,2,1,88,12,aerobic,enzyme_mediated_microbial_biodegradation,58.0,compost_organic_fertilizer,plasticizer,6.8,filler,30.0,stabilizer,2.0,sheets,bacteria_dominated,yes
79.0,82.0,2,1,88,12,aerobic,enzyme_mediated_microbial_biodegradation,58.0,compost_organic_fertilizer,plasticizer,6.8,filler,30.0,stabilizer,2.0,sheets,bacteria_dominated,yes
90.0,84.0,2,1,88,12,aerobic,enzyme_mediated_microbial_biodegradation,58.0,compost_organic_fertilizer,plasticizer,6.8,filler,30.0,stabilizer,2.0,sheets,bacteria_dominated,yes
100.0,87.0,2,1,88,12,aerobic,enzyme_mediated_microbial_biodegradation,58.0,compost_organic_fertilizer,plasticizer,6.8,filler,30.0,stabilizer,2.0,sheets,bacteria_dominated,yes
3.0,5.0,2,2,88,12,aerobic,enzyme_mediated_microbial_biodegradation,58.0,compost_organic_fertilizer,plasticizer,7.0,filler,30.0,no_additive,0.0,sheets,bacteria_dominated,yes
5.0,7.0,2,2,88,12,aerobic,enzyme_mediated_microbial_biodegradation,58.0,compost_organic_fertilizer,plasticizer,7.0,filler,30.0,no_additive,0.0,sheets,bacteria_dominated,yes
6.0,10.0,2,2,88,12,aerobic,enzyme_mediated_microbial_biodegradation,58.0,compost_organic_fertilizer,plasticizer,7.0,filler,30.0,no_additive,0.0,sheets,bacteria_dominated,yes
7.0,11.0,2,2,88,12,aerobic,enzyme_mediated_microbial_biodegradation,58.0,compost_organic_fertilizer,plasticizer,7.0,filler,30.0,no_additive,0.0,sheets,bacteria_dominated,yes
7.0,13.0,2,2,88,12,aerobic,enzyme_mediated_microbial_biodegradation,58.0,compost_organic_fertilizer,plasticizer,7.0,filler,30.0,no_additive,0.0,sheets,bacteria_dominated,yes
9.0,15.0,2,2,88,12,aerobic,enzyme_mediated_microbial_biodegradation,58.0,compost_organic_fertilizer,plasticizer,7.0,filler,30.0,no_additive,0.0,sheets,bacteria_dominated,yes
11.0,19.0,2,2,88,12,aerobic,enzyme_mediated_microbial_biodegradation,58.0,compost_organic_fertilizer,plasticizer,7.0,filler,30.0,no_additive,0.0,sheets,bacteria_dominated,yes
12.0,22.0,2,2,88,12,aerobic,enzyme_mediated_microbial_biodegradation,58.0,compost_organic_fertilizer,plasticizer,7.0,filler,30.0,no_additive,0.0,sheets,bacteria_dominated,yes
14.0,27.0,2,2,88,12,aerobic,enzyme_mediated_microbial_biodegradation,58.0,compost_organic_fertilizer,plasticizer,7.0,filler,30.0,no_additive,0.0,sheets,bacteria_dominated,yes
16.0,30.0,2,2,88,12,aerobic,enzyme_mediated_microbial_biodegradation,58.0,compost_organic_fertilizer,plasticizer,7.0,filler,30.0,no_additive,0.0,sheets,bacteria_dominated,yes
18.0,34.0,2,2,88,12,aerobic,enzyme_mediated_microbial_biodegradation,58.0,compost_organic_fertilizer,plasticizer,7.0,filler,30.0,no_additive,0.0,sheets,bacteria_dominated,yes
20.0,37.0,2,2,88,12,aerobic,enzyme_mediated_microbial_biodegradation,58.0,compost_organic_fertilizer,plasticizer,7.0,filler,30.0,no_additive,0.0,sheets,bacteria_dominated,yes
23.0,39.0,2,2,88,12,aerobic,enzyme_mediated_microbial_biodegradation,58.0,compost_organic_fertilizer,plasticizer,7.0,filler,30.0,no_additive,0.0,sheets,bacteria_dominated,yes
25.0,43.0,2,2,88,12,aerobic,enzyme_mediated_microbial_biodegradation,58.0,compost_organic_fertilizer,plasticizer,7.0,filler,30.0,no_additive,0.0,sheets,bacteria_dominated,yes
27.0,45.0,2,2,88,12,aerobic,enzyme_mediated_microbial_biodegradation,58.0,compost_organic_fertilizer,plasticizer,7.0,filler,30.0,no_additive,0.0,sheets,bacteria_dominated,yes
30.0,48.0,2,2,88,12,aerobic,enzyme_mediated_microbial_biodegradation,58.0,compost_organic_fertilizer,plasticizer,7.0,filler,30.0,no_additive,0.0,sheets,bacteria_dominated,yes
33.0,51.0,2,2,88,12,aerobic,enzyme_mediated_microbial_biodegradation,58.0,compost_organic_fertilizer,plasticizer,7.0,filler,30.0,no_additive,0.0,sheets,bacteria_dominated,yes
38.0,54.0,2,2,88,12,aerobic,enzyme_mediated_microbial_biodegradation,58.0,compost_organic_fertilizer,plasticizer,7.0,filler,30.0,no_additive,0.0,sheets,bacteria_dominated,yes
43.0,58.0,2,2,88,12,aerobic,enzyme_mediated_microbial_biodegradation,58.0,compost_organic_fertilizer,plasticizer,7.0,filler,30.0,no_additive,0.0,sheets,bacteria_dominated,yes
49.0,60.0,2,2,88,12,aerobic,enzyme_mediated_microbial_biodegradation,58.0,compost_organic_fertilizer,plasticizer,7.0,filler,30.0,no_additive,0.0,sheets,bacteria_dominated,yes
54.0,64.0,2,2,88,12,aerobic,enzyme_mediated_microbial_biodegradation,58.0,compost_organic_fertilizer,plasticizer,7.0,filler,30.0,no_additive,0.0,sheets,bacteria_dominated,yes
59.0,66.0,2,2,88,12,aerobic,enzyme_mediated_microbial_biodegradation,58.0,compost_organic_fertilizer,plasticizer,7.0,filler,30.0,no_additive,0.0,sheets,bacteria_dominated,yes
66.0,69.0,2,2,88,12,aerobic,enzyme_mediated_microbial_biodegradation,58.0,compost_organic_fertilizer,plasticizer,7.0,filler,30.0,no_additive,0.0,sheets,bacteria_dominated,yes
71.0,75.0,2,2,88,12,aerobic,enzyme_mediated_microbial_biodegradation,58.0,compost_organic_fertilizer,plasticizer,7.0,filler,30.0,no_additive,0.0,sheets,bacteria_dominated,yes
74.0,77.0,2,2,88,12,aerobic,enzyme_mediated_microbial_biodegradation,58.0,compost_organic_fertilizer,plasticizer,7.0,filler,30.0,no_additive,0.0,sheets,bacteria_dominated,yes
80.0,79.0,2,2,88,12,aerobic,enzyme_mediated_microbial_biodegradation,58.0,compost_organic_fertilizer,plasticizer,7.0,filler,30.0,no_additive,0.0,sheets,bacteria_dominated,yes
90.0,82.0,2,2,88,12,aerobic,enzyme_mediated_microbial_biodegradation,58.0,compost_organic_fertilizer,plasticizer,7.0,filler,30.0,no_additive,0.0,sheets,bacteria_dominated,yes
100.0,85.0,2,2,88,12,aerobic,enzyme_mediated_microbial_biodegradation,58.0,compost_organic_fertilizer,plasticizer,7.0,filler,30.0,no_additive,0.0,sheets,bacteria_dominated,yes
7.0,5.0,2,3,88,12,aerobic,enzyme_mediated_microbial_biodegradation,58.0,compost_organic_fertilizer,plasticizer,10.0,no_additive,0.0,no_additive,0.0,sheets,bacteria_dominated,yes
6.0,5.0,2,3,88,12,aerobic,enzyme_mediated_microbial_biodegradation,58.0,compost_organic_fertilizer,plasticizer,10.0,no_additive,0.0,no_additive,0.0,sheets,bacteria_dominated,yes
9.0,5.0,2,3,88,12,aerobic,enzyme_mediated_microbial_biodegradation,58.0,compost_organic_fertilizer,plasticizer,10.0,no_additive,0.0,no_additive,0.0,sheets,bacteria_dominated,yes
13.0,5.0,2,3,88,12,aerobic,enzyme_mediated_microbial_biodegradation,58.0,compost_organic_fertilizer,plasticizer,10.0,no_additive,0.0,no_additive,0.0,sheets,bacteria_dominated,yes
14.0,5.0,2,3,88,12,aerobic,enzyme_mediated_microbial_biodegradation,58.0,compost_organic_fertilizer,plasticizer,10.0,no_additive,0.0,no_additive,0.0,sheets,bacteria_dominated,yes
17.0,4.0,2,3,88,12,aerobic,enzyme_mediated_microbial_biodegradation,58.0,compost_organic_fertilizer,plasticizer,10.0,no_additive,0.0,no_additive,0.0,sheets,bacteria_dominated,yes
20.0,3.0,2,3,88,12,aerobic,enzyme_mediated_microbial_biodegradation,58.0,compost_organic_fertilizer,plasticizer,10.0,no_additive,0.0,no_additive,0.0,sheets,bacteria_dominated,yes
23.0,4.0,2,3,88,12,aerobic,enzyme_mediated_microbial_biodegradation,58.0,compost_organic_fertilizer,plasticizer,10.0,no_additive,0.0,no_additive,0.0,sheets,bacteria_dominated,yes
28.0,6.0,2,3,88,12,aerobic,enzyme_mediated_microbial_biodegradation,58.0,compost_organic_fertilizer,plasticizer,10.0,no_additive,0.0,no_additive,0.0,sheets,bacteria_dominated,yes
30.0,9.0,2,3,88,12,aerobic,enzyme_mediated_microbial_biodegradation,58.0,compost_organic_fertilizer,plasticizer,10.0,no_additive,0.0,no_additive,0.0,sheets,bacteria_dominated,yes
34.0,14.0,2,3,88,12,aerobic,enzyme_mediated_microbial_biodegradation,58.0,compost_organic_fertilizer,plasticizer,10.0,no_additive,0.0,no_additive,0.0,sheets,bacteria_dominated,yes
38.0,16.0,2,3,88,12,aerobic,enzyme_mediated_microbial_biodegradation,58.0,compost_organic_fertilizer,plasticizer,10.0,no_additive,0.0,no_additive,0.0,sheets,bacteria_dominated,yes
43.0,21.0,2,3,88,12,aerobic,enzyme_mediated_microbial_biodegradation,58.0,compost_organic_fertilizer,plasticizer,10.0,no_additive,0.0,no_additive,0.0,sheets,bacteria_dominated,yes
48.0,26.0,2,3,88,12,aerobic,enzyme_mediated_microbial_biodegradation,58.0,compost_organic_fertilizer,plasticizer,10.0,no_additive,0.0,no_additive,0.0,sheets,bacteria_dominated,yes
55.0,28.0,2,3,88,12,aerobic,enzyme_mediated_microbial_biodegradation,58.0,compost_organic_fertilizer,plasticizer,10.0,no_additive,0.0,no_additive,0.0,sheets,bacteria_dominated,yes
60.0,31.0,2,3,88,12,aerobic,enzyme_mediated_microbial_biodegradation,58.0,compost_organic_fertilizer,plasticizer,10.0,no_additive,0.0,no_additive,0.0,sheets,bacteria_dominated,yes
65.0,38.0,2,3,88,12,aerobic,enzyme_mediated_microbial_biodegradation,58.0,compost_organic_fertilizer,plasticizer,10.0,no_additive,0.0,no_additive,0.0,sheets,bacteria_dominated,yes
70.0,41.0,2,3,88,12,aerobic,enzyme_mediated_microbial_biodegradation,58.0,compost_organic_fertilizer,plasticizer,10.0,no_additive,0.0,no_additive,0.0,sheets,bacteria_dominated,yes
74.0,47.0,2,3,88,12,aerobic,enzyme_mediated_microbial_biodegradation,58.0,compost_organic_fertilizer,plasticizer,10.0,no_additive,0.0,no_additive,0.0,sheets,bacteria_dominated,yes
79.0,53.0,2,3,88,12,aerobic,enzyme_mediated_microbial_biodegradation,58.0,compost_organic_fertilizer,plasticizer,10.0,no_additive,0.0,no_additive,0.0,sheets,bacteria_dominated,yes
90.0,58.0,2,3,88,12,aerobic,enzyme_mediated_microbial_biodegradation,58.0,compost_organic_fertilizer,plasticizer,10.0,no_additive,0.0,no_additive,0.0,sheets,bacteria_dominated,yes
100.0,63.0,2,3,88,12,aerobic,enzyme_mediated_microbial_biodegradation,58.0,compost_organic_fertilizer,plasticizer,10.0,no_additive,0.0,no_additive,0.0,sheets,bacteria_dominated,yes
5.0,4.0,3,1,97,3,aerobic,all_mechanisms,28.0,soil,no_additive,0.0,no_additive,0.0,no_additive,0.0,matrix_composites,fungi_dominated,no
7.0,11.0,3,1,97,3,aerobic,all_mechanisms,28.0,soil,no_additive,0.0,no_additive,0.0,no_additive,0.0,matrix_composites,fungi_dominated,no
12.0,21.0,3,1,97,3,aerobic,all_mechanisms,28.0,soil,no_additive,0.0,no_additive,0.0,no_additive,0.0,matrix_composites,fungi_dominated,no
15.0,34.0,3,1,97,3,aerobic,all_mechanisms,28.0,soil,no_additive,0.0,no_additive,0.0,no_additive,0.0,matrix_composites,fungi_dominated,no
19.0,50.0,3,1,97,3,aerobic,all_mechanisms,28.0,soil,no_additive,0.0,no_additive,0.0,no_additive,0.0,matrix_composites,fungi_dominated,no
25.0,66.0,3,1,97,3,aerobic,all_mechanisms,28.0,soil,no_additive,0.0,no_additive,0.0,no_additive,0.0,matrix_composites,fungi_dominated,no
32.0,84.0,3,1,97,3,aerobic,all_mechanisms,28.0,soil,no_additive,0.0,no_additive,0.0,no_additive,0.0,matrix_composites,fungi_dominated,no
36.0,90.0,3,1,97,3,aerobic,all_mechanisms,28.0,soil,no_additive,0.0,no_additive,0.0,no_additive,0.0,matrix_composites,fungi_dominated,no
42.0,93.0,3,1,97,3,aerobic,all_mechanisms,28.0,soil,no_additive,0.0,no_additive,0.0,no_additive,0.0,matrix_composites,fungi_dominated,no
55.0,96.0,3,1,97,3,aerobic,all_mechanisms,28.0,soil,no_additive,0.0,no_additive,0.0,no_additive,0.0,matrix_composites,fungi_dominated,no
62.0,95.0,3,1,97,3,aerobic,all_mechanisms,28.0,soil,no_additive,0.0,no_additive,0.0,no_additive,0.0,matrix_composites,fungi_dominated,no
73.0,96.0,3,1,97,3,aerobic,all_mechanisms,28.0,soil,no_additive,0.0,no_additive,0.0,no_additive,0.0,matrix_composites,fungi_dominated,no
79.0,97.0,3,1,97,3,aerobic,all_mechanisms,28.0,soil,no_additive,0.0,no_additive,0.0,no_additive,0.0,matrix_composites,fungi_dominated,no
49.0,96.0,3,1,97,3,aerobic,all_mechanisms,28.0,soil,no_additive,0.0,no_additive,0.0,no_additive,0.0,matrix_composites,fungi_dominated,no
5.0,9.0,3,2,97,3,aerobic,all_mechanisms,28.0,soil,filler,20.0,no_additive,0.0,no_additive,0.0,particles,fungi_dominated,yes
8.0,18.0,3,2,97,3,aerobic,all_mechanisms,28.0,soil,filler,20.0,no_additive,0.0,no_additive,0.0,particles,fungi_dominated,yes
12.0,25.0,3,2,97,3,aerobic,all_mechanisms,28.0,soil,filler,20.0,no_additive,0.0,no_additive,0.0,particles,fungi_dominated,yes
16.0,40.0,3,2,97,3,aerobic,all_mechanisms,28.0,soil,filler,20.0,no_additive,0.0,no_additive,0.0,particles,fungi_dominated,yes
20.0,55.0,3,2,97,3,aerobic,all_mechanisms,28.0,soil,filler,20.0,no_additive,0.0,no_additive,0.0,particles,fungi_dominated,yes
25.0,73.0,3,2,97,3,aerobic,all_mechanisms,28.0,soil,filler,20.0,no_additive,0.0,no_additive,0.0,particles,fungi_dominated,yes
33.0,89.0,3,2,97,3,aerobic,all_mechanisms,28.0,soil,filler,20.0,no_additive,0.0,no_additive,0.0,particles,fungi_dominated,yes
36.0,93.0,3,2,97,3,aerobic,all_mechanisms,28.0,soil,filler,20.0,no_additive,0.0,no_additive,0.0,particles,fungi_dominated,yes
43.0,95.0,3,2,97,3,aerobic,all_mechanisms,28.0,soil,filler,20.0,no_additive,0.0,no_additive,0.0,particles,fungi_dominated,yes
50.0,94.0,3,2,97,3,aerobic,all_mechanisms,28.0,soil,filler,20.0,no_additive,0.0,no_additive,0.0,particles,fungi_dominated,yes
54.0,96.0,3,2,97,3,aerobic,all_mechanisms,28.0,soil,filler,20.0,no_additive,0.0,no_additive,0.0,particles,fungi_dominated,yes
62.0,96.0,3,2,97,3,aerobic,all_mechanisms,28.0,soil,filler,20.0,no_additive,0.0,no_additive,0.0,particles,fungi_dominated,yes
72.0,97.0,3,2,97,3,aerobic,all_mechanisms,28.0,soil,filler,20.0,no_additive,0.0,no_additive,0.0,particles,fungi_dominated,yes
79.0,99.0,3,2,97,3,aerobic,all_mechanisms,28.0,soil,filler,20.0,no_additive,0.0,no_additive,0.0,particles,fungi_dominated,yes
4.0,7.0,3,3,97,3,aerobic,all_mechanisms,28.0,soil,filler,20.0,no_additive,0.0,no_additive,0.0,particles,fungi_dominated,yes
7.0,15.0,3,3,97,3,aerobic,all_mechanisms,28.0,soil,filler,20.0,no_additive,0.0,no_additive,0.0,particles,fungi_dominated,yes
12.0,28.0,3,3,97,3,aerobic,all_mechanisms,28.0,soil,filler,20.0,no_additive,0.0,no_additive,0.0,particles,fungi_dominated,yes
15.0,42.0,3,3,97,3,aerobic,all_mechanisms,28.0,soil,filler,20.0,no_additive,0.0,no_additive,0.0,particles,fungi_dominated,yes
19.0,55.0,3,3,97,3,aerobic,all_mechanisms,28.0,soil,filler,20.0,no_additive,0.0,no_additive,0.0,particles,fungi_dominated,yes
25.0,71.0,3,3,97,3,aerobic,all_mechanisms,28.0,soil,filler,20.0,no_additive,0.0,no_additive,0.0,particles,fungi_dominated,yes
32.0,92.0,3,3,97,3,aerobic,all_mechanisms,28.0,soil,filler,20.0,no_additive,0.0,no_additive,0.0,particles,fungi_dominated,yes
36.0,96.0,3,3,97,3,aerobic,all_mechanisms,28.0,soil,filler,20.0,no_additive,0.0,no_additive,0.0,particles,fungi_dominated,yes
42.0,99.0,3,3,97,3,aerobic,all_mechanisms,28.0,soil,filler,20.0,no_additive,0.0,no_additive,0.0,particles,fungi_dominated,yes
49.0,99.0,3,3,97,3,aerobic,all_mechanisms,28.0,soil,filler,20.0,no_additive,0.0,no_additive,0.0,particles,fungi_dominated,yes
55.0,99.0,3,3,97,3,aerobic,all_mechanisms,28.0,soil,filler,20.0,no_additive,0.0,no_additive,0.0,particles,fungi_dominated,yes
62.0,99.0,3,3,97,3,aerobic,all_mechanisms,28.0,soil,filler,20.0,no_additive,0.0,no_additive,0.0,particles,fungi_dominated,yes
72.0,99.0,3,3,97,3,aerobic,all_mechanisms,28.0,soil,filler,20.0,no_additive,0.0,no_additive,0.0,particles,fungi_dominated,yes
79.0,100.0,3,3,97,3,aerobic,all_mechanisms,28.0,soil,filler,20.0,no_additive,0.0,no_additive,0.0,particles,fungi_dominated,yes
4.0,2.0,4,1,95,5,aerobic,enzyme_mediated_microbial_biodegradation,25.0,marine_aquatic,plasticizer,10.0,filler,3.5,filler,20.0,pellets,bacteria_dominated,yes
8.0,2.0,4,1,95,5,aerobic,enzyme_mediated_microbial_biodegradation,25.0,marine_aquatic,plasticizer,10.0,filler,3.5,filler,20.0,pellets,bacteria_dominated,yes
13.0,2.0,4,1,95,5,aerobic,enzyme_mediated_microbial_biodegradation,25.0,marine_aquatic,plasticizer,10.0,filler,3.5,filler,20.0,pellets,bacteria_dominated,yes
18.0,2.0,4,1,95,5,aerobic,enzyme_mediated_microbial_biodegradation,25.0,marine_aquatic,plasticizer,10.0,filler,3.5,filler,20.0,pellets,bacteria_dominated,yes
22.0,3.0,4,1,95,5,aerobic,enzyme_mediated_microbial_biodegradation,25.0,marine_aquatic,plasticizer,10.0,filler,3.5,filler,20.0,pellets,bacteria_dominated,yes
26.0,3.0,4,1,95,5,aerobic,enzyme_mediated_microbial_biodegradation,25.0,marine_aquatic,plasticizer,10.0,filler,3.5,filler,20.0,pellets,bacteria_dominated,yes
31.0,3.0,4,1,95,5,aerobic,enzyme_mediated_microbial_biodegradation,25.0,marine_aquatic,plasticizer,10.0,filler,3.5,filler,20.0,pellets,bacteria_dominated,yes
37.0,4.0,4,1,95,5,aerobic,enzyme_mediated_microbial_biodegradation,25.0,marine_aquatic,plasticizer,10.0,filler,3.5,filler,20.0,pellets,bacteria_dominated,yes
43.0,4.0,4,1,95,5,aerobic,enzyme_mediated_microbial_biodegradation,25.0,marine_aquatic,plasticizer,10.0,filler,3.5,filler,20.0,pellets,bacteria_dominated,yes
48.0,5.0,4,1,95,5,aerobic,enzyme_mediated_microbial_biodegradation,25.0,marine_aquatic,plasticizer,10.0,filler,3.5,filler,20.0,pellets,bacteria_dominated,yes
54.0,5.0,4,1,95,5,aerobic,enzyme_mediated_microbial_biodegradation,25.0,marine_aquatic,plasticizer,10.0,filler,3.5,filler,20.0,pellets,bacteria_dominated,yes
58.0,5.0,4,1,95,5,aerobic,enzyme_mediated_microbial_biodegradation,25.0,marine_aquatic,plasticizer,10.0,filler,3.5,filler,20.0,pellets,bacteria_dominated,yes
62.0,6.0,4,1,95,5,aerobic,enzyme_mediated_microbial_biodegradation,25.0,marine_aquatic,plasticizer,10.0,filler,3.5,filler,20.0,pellets,bacteria_dominated,yes
68.0,7.0,4,1,95,5,aerobic,enzyme_mediated_microbial_biodegradation,25.0,marine_aquatic,plasticizer,10.0,filler,3.5,filler,20.0,pellets,bacteria_dominated,yes
71.0,7.0,4,1,95,5,aerobic,enzyme_mediated_microbial_biodegradation,25.0,marine_aquatic,plasticizer,10.0,filler,3.5,filler,20.0,pellets,bacteria_dominated,yes
75.0,7.0,4,1,95,5,aerobic,enzyme_mediated_microbial_biodegradation,25.0,marine_aquatic,plasticizer,10.0,filler,3.5,filler,20.0,pellets,bacteria_dominated,yes
81.0,8.0,4,1,95,5,aerobic,enzyme_mediated_microbial_biodegradation,25.0,marine_aquatic,plasticizer,10.0,filler,3.5,filler,20.0,pellets,bacteria_dominated,yes
84.0,8.0,4,1,95,5,aerobic,enzyme_mediated_microbial_biodegradation,25.0,marine_aquatic,plasticizer,10.0,filler,3.5,filler,20.0,pellets,bacteria_dominated,yes
90.0,9.0,4,1,95,5,aerobic,enzyme_mediated_microbial_biodegradation,25.0,marine_aquatic,plasticizer,10.0,filler,3.5,filler,20.0,pellets,bacteria_dominated,yes
97.0,10.0,4,1,95,5,aerobic,enzyme_mediated_microbial_biodegradation,25.0,marine_aquatic,plasticizer,10.0,filler,3.5,filler,20.0,pellets,bacteria_dominated,yes
104.0,10.0,4,1,95,5,aerobic,enzyme_mediated_microbial_biodegradation,25.0,marine_aquatic,plasticizer,10.0,filler,3.5,filler,20.0,pellets,bacteria_dominated,yes
111.0,11.0,4,1,95,5,aerobic,enzyme_mediated_microbial_biodegradation,25.0,marine_aquatic,plasticizer,10.0,filler,3.5,filler,20.0,pellets,bacteria_dominated,yes
119.0,11.0,4,1,95,5,aerobic,enzyme_mediated_microbial_biodegradation,25.0,marine_aquatic,plasticizer,10.0,filler,3.5,filler,20.0,pellets,bacteria_dominated,yes
125.0,12.0,4,1,95,5,aerobic,enzyme_mediated_microbial_biodegradation,25.0,marine_aquatic,plasticizer,10.0,filler,3.5,filler,20.0,pellets,bacteria_dominated,yes
133.0,12.0,4,1,95,5,aerobic,enzyme_mediated_microbial_biodegradation,25.0,marine_aquatic,plasticizer,10.0,filler,3.5,filler,20.0,pellets,bacteria_dominated,yes
141.0,14.0,4,1,95,5,aerobic,enzyme_mediated_microbial_biodegradation,25.0,marine_aquatic,plasticizer,10.0,filler,3.5,filler,20.0,pellets,bacteria_dominated,yes
147.0,16.0,4,1,95,5,aerobic,enzyme_mediated_microbial_biodegradation,25.0,marine_aquatic,plasticizer,10.0,filler,3.5,filler,20.0,pellets,bacteria_dominated,yes
154.0,16.0,4,1,95,5,aerobic,enzyme_mediated_microbial_biodegradation,25.0,marine_aquatic,plasticizer,10.0,filler,3.5,filler,20.0,pellets,bacteria_dominated,yes
161.0,18.0,4,1,95,5,aerobic,enzyme_mediated_microbial_biodegradation,25.0,marine_aquatic,plasticizer,10.0,filler,3.5,filler,20.0,pellets,bacteria_dominated,yes
168.0,19.0,4,1,95,5,aerobic,enzyme_mediated_microbial_biodegradation,25.0,marine_aquatic,plasticizer,10.0,filler,3.5,filler,20.0,pellets,bacteria_dominated,yes
176.0,19.0,4,1,95,5,aerobic,enzyme_mediated_microbial_biodegradation,25.0,marine_aquatic,plasticizer,10.0,filler,3.5,filler,20.0,pellets,bacteria_dominated,yes
182.0,22.0,4,1,95,5,aerobic,enzyme_mediated_microbial_biodegradation,25.0,marine_aquatic,plasticizer,10.0,filler,3.5,filler,20.0,pellets,bacteria_dominated,yes
200.0,23.0,4,1,95,5,aerobic,enzyme_mediated_microbial_biodegradation,25.0,marine_aquatic,plasticizer,10.0,filler,3.5,filler,20.0,pellets,bacteria_dominated,yes
216.0,29.0,4,1,95,5,aerobic,enzyme_mediated_microbial_biodegradation,25.0,marine_aquatic,plasticizer,10.0,filler,3.5,filler,20.0,pellets,bacteria_dominated,yes
7.0,1.0,4,2,95,5,aerobic,enzyme_mediated_microbial_biodegradation,25.0,marine_aquatic,plasticizer,10.0,filler,4.0,filler,10.0,pellets,bacteria_dominated,yes
11.0,2.0,4,2,95,5,aerobic,enzyme_mediated_microbial_biodegradation,25.0,marine_aquatic,plasticizer,10.0,filler,4.0,filler,10.0,pellets,bacteria_dominated,yes
16.0,1.0,4,2,95,5,aerobic,enzyme_mediated_microbial_biodegradation,25.0,marine_aquatic,plasticizer,10.0,filler,4.0,filler,10.0,pellets,bacteria_dominated,yes
20.0,1.0,4,2,95,5,aerobic,enzyme_mediated_microbial_biodegradation,25.0,marine_aquatic,plasticizer,10.0,filler,4.0,filler,10.0,pellets,bacteria_dominated,yes
25.0,2.0,4,2,95,5,aerobic,enzyme_mediated_microbial_biodegradation,25.0,marine_aquatic,plasticizer,10.0,filler,4.0,filler,10.0,pellets,bacteria_dominated,yes
30.0,1.0,4,2,95,5,aerobic,enzyme_mediated_microbial_biodegradation,25.0,marine_aquatic,plasticizer,10.0,filler,4.0,filler,10.0,pellets,bacteria_dominated,yes
33.0,1.0,4,2,95,5,aerobic,enzyme_mediated_microbial_biodegradation,25.0,marine_aquatic,plasticizer,10.0,filler,4.0,filler,10.0,pellets,bacteria_dominated,yes
37.0,2.0,4,2,95,5,aerobic,enzyme_mediated_microbial_biodegradation,25.0,marine_aquatic,plasticizer,10.0,filler,4.0,filler,10.0,pellets,bacteria_dominated,yes
41.0,2.0,4,2,95,5,aerobic,enzyme_mediated_microbial_biodegradation,25.0,marine_aquatic,plasticizer,10.0,filler,4.0,filler,10.0,pellets,bacteria_dominated,yes
45.0,3.0,4,2,95,5,aerobic,enzyme_mediated_microbial_biodegradation,25.0,marine_aquatic,plasticizer,10.0,filler,4.0,filler,10.0,pellets,bacteria_dominated,yes
48.0,3.0,4,2,95,5,aerobic,enzyme_mediated_microbial_biodegradation,25.0,marine_aquatic,plasticizer,10.0,filler,4.0,filler,10.0,pellets,bacteria_dominated,yes
51.0,3.0,4,2,95,5,aerobic,enzyme_mediated_microbial_biodegradation,25.0,marine_aquatic,plasticizer,10.0,filler,4.0,filler,10.0,pellets,bacteria_dominated,yes
55.0,3.0,4,2,95,5,aerobic,enzyme_mediated_microbial_biodegradation,25.0,marine_aquatic,plasticizer,10.0,filler,4.0,filler,10.0,pellets,bacteria_dominated,yes
58.0,3.0,4,2,95,5,aerobic,enzyme_mediated_microbial_biodegradation,25.0,marine_aquatic,plasticizer,10.0,filler,4.0,filler,10.0,pellets,bacteria_dominated,yes
61.0,4.0,4,2,95,5,aerobic,enzyme_mediated_microbial_biodegradation,25.0,marine_aquatic,plasticizer,10.0,filler,4.0,filler,10.0,pellets,bacteria_dominated,yes
91.0,6.0,4,2,95,5,aerobic,enzyme_mediated_microbial_biodegradation,25.0,marine_aquatic,plasticizer,10.0,filler,4.0,filler,10.0,pellets,bacteria_dominated,yes
82.0,6.0,4,2,95,5,aerobic,enzyme_mediated_microbial_biodegradation,25.0,marine_aquatic,plasticizer,10.0,filler,4.0,filler,10.0,pellets,bacteria_dominated,yes
75.0,6.0,4,2,95,5,aerobic,enzyme_mediated_microbial_biodegradation,25.0,marine_aquatic,plasticizer,10.0,filler,4.0,filler,10.0,pellets,bacteria_dominated,yes
68.0,4.0,4,2,95,5,aerobic,enzyme_mediated_microbial_biodegradation,25.0,marine_aquatic,plasticizer,10.0,filler,4.0,filler,10.0,pellets,bacteria_dominated,yes
98.0,7.0,4,2,95,5,aerobic,enzyme_mediated_microbial_biodegradation,25.0,marine_aquatic,plasticizer,10.0,filler,4.0,filler,10.0,pellets,bacteria_dominated,yes
104.0,7.0,4,2,95,5,aerobic,enzyme_mediated_microbial_biodegradation,25.0,marine_aquatic,plasticizer,10.0,filler,4.0,filler,10.0,pellets,bacteria_dominated,yes
110.0,7.0,4,2,95,5,aerobic,enzyme_mediated_microbial_biodegradation,25.0,marine_aquatic,plasticizer,10.0,filler,4.0,filler,10.0,pellets,bacteria_dominated,yes
117.0,8.0,4,2,95,5,aerobic,enzyme_mediated_microbial_biodegradation,25.0,marine_aquatic,plasticizer,10.0,filler,4.0,filler,10.0,pellets,bacteria_dominated,yes
126.0,8.0,4,2,95,5,aerobic,enzyme_mediated_microbial_biodegradation,25.0,marine_aquatic,plasticizer,10.0,filler,4.0,filler,10.0,pellets,bacteria_dominated,yes
133.0,8.0,4,2,95,5,aerobic,enzyme_mediated_microbial_biodegradation,25.0,marine_aquatic,plasticizer,10.0,filler,4.0,filler,10.0,pellets,bacteria_dominated,yes
139.0,9.0,4,2,95,5,aerobic,enzyme_mediated_microbial_biodegradation,25.0,marine_aquatic,plasticizer,10.0,filler,4.0,filler,10.0,pellets,bacteria_dominated,yes
146.0,10.0,4,2,95,5,aerobic,enzyme_mediated_microbial_biodegradation,25.0,marine_aquatic,plasticizer,10.0,filler,4.0,filler,10.0,pellets,bacteria_dominated,yes
154.0,11.0,4,2,95,5,aerobic,enzyme_mediated_microbial_biodegradation,25.0,marine_aquatic,plasticizer,10.0,filler,4.0,filler,10.0,pellets,bacteria_dominated,yes
160.0,11.0,4,2,95,5,aerobic,enzyme_mediated_microbial_biodegradation,25.0,marine_aquatic,plasticizer,10.0,filler,4.0,filler,10.0,pellets,bacteria_dominated,yes
169.0,11.0,4,2,95,5,aerobic,enzyme_mediated_microbial_biodegradation,25.0,marine_aquatic,plasticizer,10.0,filler,4.0,filler,10.0,pellets,bacteria_dominated,yes
175.0,12.0,4,2,95,5,aerobic,enzyme_mediated_microbial_biodegradation,25.0,marine_aquatic,plasticizer,10.0,filler,4.0,filler,10.0,pellets,bacteria_dominated,yes
182.0,12.0,4,2,95,5,aerobic,enzyme_mediated_microbial_biodegradation,25.0,marine_aquatic,plasticizer,10.0,filler,4.0,filler,10.0,pellets,bacteria_dominated,yes
199.0,16.0,4,2,95,5,aerobic,enzyme_mediated_microbial_biodegradation,25.0,marine_aquatic,plasticizer,10.0,filler,4.0,filler,10.0,pellets,bacteria_dominated,yes
216.0,21.0,4,2,95,5,aerobic,enzyme_mediated_microbial_biodegradation,25.0,marine_aquatic,plasticizer,10.0,filler,4.0,filler,10.0,pellets,bacteria_dominated,yes
13.0,1.0,4,3,95,5,aerobic,enzyme_mediated_microbial_biodegradation,25.0,marine_aquatic,plasticizer,10.0,filler,4.5,no_additive,0.0,pellets,bacteria_dominated,yes
9.0,1.0,4,3,95,5,aerobic,enzyme_mediated_microbial_biodegradation,25.0,marine_aquatic,plasticizer,10.0,filler,4.5,no_additive,0.0,pellets,bacteria_dominated,yes
18.0,2.0,4,3,95,5,aerobic,enzyme_mediated_microbial_biodegradation,25.0,marine_aquatic,plasticizer,10.0,filler,4.5,no_additive,0.0,pellets,bacteria_dominated,yes
23.0,2.0,4,3,95,5,aerobic,enzyme_mediated_microbial_biodegradation,25.0,marine_aquatic,plasticizer,10.0,filler,4.5,no_additive,0.0,pellets,bacteria_dominated,yes
27.0,2.0,4,3,95,5,aerobic,enzyme_mediated_microbial_biodegradation,25.0,marine_aquatic,plasticizer,10.0,filler,4.5,no_additive,0.0,pellets,bacteria_dominated,yes
31.0,2.0,4,3,95,5,aerobic,enzyme_mediated_microbial_biodegradation,25.0,marine_aquatic,plasticizer,10.0,filler,4.5,no_additive,0.0,pellets,bacteria_dominated,yes
38.0,2.0,4,3,95,5,aerobic,enzyme_mediated_microbial_biodegradation,25.0,marine_aquatic,plasticizer,10.0,filler,4.5,no_additive,0.0,pellets,bacteria_dominated,yes
44.0,3.0,4,3,95,5,aerobic,enzyme_mediated_microbial_biodegradation,25.0,marine_aquatic,plasticizer,10.0,filler,4.5,no_additive,0.0,pellets,bacteria_dominated,yes
50.0,3.0,4,3,95,5,aerobic,enzyme_mediated_microbial_biodegradation,25.0,marine_aquatic,plasticizer,10.0,filler,4.5,no_additive,0.0,pellets,bacteria_dominated,yes
55.0,4.0,4,3,95,5,aerobic,enzyme_mediated_microbial_biodegradation,25.0,marine_aquatic,plasticizer,10.0,filler,4.5,no_additive,0.0,pellets,bacteria_dominated,yes
61.0,4.0,4,3,95,5,aerobic,enzyme_mediated_microbial_biodegradation,25.0,marine_aquatic,plasticizer,10.0,filler,4.5,no_additive,0.0,pellets,bacteria_dominated,yes
67.0,4.0,4,3,95,5,aerobic,enzyme_mediated_microbial_biodegradation,25.0,marine_aquatic,plasticizer,10.0,filler,4.5,no_additive,0.0,pellets,bacteria_dominated,yes
73.0,4.0,4,3,95,5,aerobic,enzyme_mediated_microbial_biodegradation,25.0,marine_aquatic,plasticizer,10.0,filler,4.5,no_additive,0.0,pellets,bacteria_dominated,yes
81.0,6.0,4,3,95,5,aerobic,enzyme_mediated_microbial_biodegradation,25.0,marine_aquatic,plasticizer,10.0,filler,4.5,no_additive,0.0,pellets,bacteria_dominated,yes
90.0,6.0,4,3,95,5,aerobic,enzyme_mediated_microbial_biodegradation,25.0,marine_aquatic,plasticizer,10.0,filler,4.5,no_additive,0.0,pellets,bacteria_dominated,yes
97.0,6.0,4,3,95,5,aerobic,enzyme_mediated_microbial_biodegradation,25.0,marine_aquatic,plasticizer,10.0,filler,4.5,no_additive,0.0,pellets,bacteria_dominated,yes
104.0,7.0,4,3,95,5,aerobic,enzyme_mediated_microbial_biodegradation,25.0,marine_aquatic,plasticizer,10.0,filler,4.5,no_additive,0.0,pellets,bacteria_dominated,yes
112.0,7.0,4,3,95,5,aerobic,enzyme_mediated_microbial_biodegradation,25.0,marine_aquatic,plasticizer,10.0,filler,4.5,no_additive,0.0,pellets,bacteria_dominated,yes
118.0,7.0,4,3,95,5,aerobic,enzyme_mediated_microbial_biodegradation,25.0,marine_aquatic,plasticizer,10.0,filler,4.5,no_additive,0.0,pellets,bacteria_dominated,yes
125.0,7.0,4,3,95,5,aerobic,enzyme_mediated_microbial_biodegradation,25.0,marine_aquatic,plasticizer,10.0,filler,4.5,no_additive,0.0,pellets,bacteria_dominated,yes
134.0,7.0,4,3,95,5,aerobic,enzyme_mediated_microbial_biodegradation,25.0,marine_aquatic,plasticizer,10.0,filler,4.5,no_additive,0.0,pellets,bacteria_dominated,yes
141.0,8.0,4,3,95,5,aerobic,enzyme_mediated_microbial_biodegradation,25.0,marine_aquatic,plasticizer,10.0,filler,4.5,no_additive,0.0,pellets,bacteria_dominated,yes
147.0,8.0,4,3,95,5,aerobic,enzyme_mediated_microbial_biodegradation,25.0,marine_aquatic,plasticizer,10.0,filler,4.5,no_additive,0.0,pellets,bacteria_dominated,yes
155.0,8.0,4,3,95,5,aerobic,enzyme_mediated_microbial_biodegradation,25.0,marine_aquatic,plasticizer,10.0,filler,4.5,no_additive,0.0,pellets,bacteria_dominated,yes
163.0,9.0,4,3,95,5,aerobic,enzyme_mediated_microbial_biodegradation,25.0,marine_aquatic,plasticizer,10.0,filler,4.5,no_additive,0.0,pellets,bacteria_dominated,yes
168.0,9.0,4,3,95,5,aerobic,enzyme_mediated_microbial_biodegradation,25.0,marine_aquatic,plasticizer,10.0,filler,4.5,no_additive,0.0,pellets,bacteria_dominated,yes
175.0,10.0,4,3,95,5,aerobic,enzyme_mediated_microbial_biodegradation,25.0,marine_aquatic,plasticizer,10.0,filler,4.5,no_additive,0.0,pellets,bacteria_dominated,yes
183.0,11.0,4,3,95,5,aerobic,enzyme_mediated_microbial_biodegradation,25.0,marine_aquatic,plasticizer,10.0,filler,4.5,no_additive,0.0,pellets,bacteria_dominated,yes
200.0,14.0,4,3,95,5,aerobic,enzyme_mediated_microbial_biodegradation,25.0,marine_aquatic,plasticizer,10.0,filler,4.5,no_additive,0.0,pellets,bacteria_dominated,yes
216.0,18.0,4,3,95,5,aerobic,enzyme_mediated_microbial_biodegradation,25.0,marine_aquatic,plasticizer,10.0,filler,4.5,no_additive,0.0,pellets,bacteria_dominated,yes
7.0,0.0,5,1,94,6,aerobic,all_mechanisms,26.1,soil,no_additive,0.0,no_additive,0.0,no_additive,0.0,films,bacteria_dominated,no
14.0,4.0,5,1,94,6,aerobic,all_mechanisms,26.1,soil,no_additive,0.0,no_additive,0.0,no_additive,0.0,films,bacteria_dominated,no
21.0,9.0,5,1,94,6,aerobic,all_mechanisms,26.1,soil,no_additive,0.0,no_additive,0.0,no_additive,0.0,films,bacteria_dominated,no
28.0,10.0,5,1,94,6,aerobic,all_mechanisms,26.1,soil,no_additive,0.0,no_additive,0.0,no_additive,0.0,films,bacteria_dominated,no
7.0,0.0,5,2,94,6,aerobic,all_mechanisms,26.1,soil,filler,10.0,no_additive,0.0,no_additive,0.0,films,bacteria_dominated,yes
14.0,5.0,5,2,94,6,aerobic,all_mechanisms,26.1,soil,filler,10.0,no_additive,0.0,no_additive,0.0,films,bacteria_dominated,yes
21.0,10.0,5,2,94,6,aerobic,all_mechanisms,26.1,soil,filler,10.0,no_additive,0.0,no_additive,0.0,films,bacteria_dominated,yes
28.0,12.0,5,2,94,6,aerobic,all_mechanisms,26.1,soil,filler,10.0,no_additive,0.0,no_additive,0.0,films,bacteria_dominated,yes
7.0,2.0,5,3,94,6,aerobic,all_mechanisms,26.1,soil,filler,20.0,no_additive,0.0,no_additive,0.0,films,bacteria_dominated,yes
14.0,8.0,5,3,94,6,aerobic,all_mechanisms,26.1,soil,filler,20.0,no_additive,0.0,no_additive,0.0,films,bacteria_dominated,yes
21.0,13.0,5,3,94,6,aerobic,all_mechanisms,26.1,soil,filler,20.0,no_additive,0.0,no_additive,0.0,films,bacteria_dominated,yes
28.0,15.0,5,3,94,6,aerobic,all_mechanisms,26.1,soil,filler,20.0,no_additive,0.0,no_additive,0.0,films,bacteria_dominated,yes
7.0,3.0,5,4,94,6,aerobic,all_mechanisms,26.1,soil,filler,30.0,no_additive,0.0,no_additive,0.0,films,bacteria_dominated,yes
14.0,13.0,5,4,94,6,aerobic,all_mechanisms,26.1,soil,filler,30.0,no_additive,0.0,no_additive,0.0,films,bacteria_dominated,yes
21.0,21.0,5,4,94,6,aerobic,all_mechanisms,26.1,soil,filler,30.0,no_additive,0.0,no_additive,0.0,films,bacteria_dominated,yes
28.0,24.0,5,4,94,6,aerobic,all_mechanisms,26.1,soil,filler,30.0,no_additive,0.0,no_additive,0.0,films,bacteria_dominated,yes
7.0,4.0,5,5,94,6,aerobic,all_mechanisms,26.1,soil,filler,40.0,no_additive,0.0,no_additive,0.0,films,bacteria_dominated,yes
14.0,13.0,5,5,94,6,aerobic,all_mechanisms,26.1,soil,filler,40.0,no_additive,0.0,no_additive,0.0,films,bacteria_dominated,yes
21.0,38.0,5,5,94,6,aerobic,all_mechanisms,26.1,soil,filler,40.0,no_additive,0.0,no_additive,0.0,films,bacteria_dominated,yes
28.0,47.0,5,5,94,6,aerobic,all_mechanisms,26.1,soil,filler,40.0,no_additive,0.0,no_additive,0.0,films,bacteria_dominated,yes
7.0,13.0,5,6,94,6,aerobic,all_mechanisms,26.1,soil,filler,50.0,no_additive,0.0,no_additive,0.0,films,bacteria_dominated,yes
14.0,31.0,5,6,94,6,aerobic,all_mechanisms,26.1,soil,filler,50.0,no_additive,0.0,no_additive,0.0,films,bacteria_dominated,yes
21.0,45.0,5,6,94,6,aerobic,all_mechanisms,26.1,soil,filler,50.0,no_additive,0.0,no_additive,0.0,films,bacteria_dominated,yes
28.0,53.0,5,6,94,6,aerobic,all_mechanisms,26.1,soil,filler,50.0,no_additive,0.0,no_additive,0.0,films,bacteria_dominated,yes
7.0,13.0,5,7,94,6,aerobic,all_mechanisms,26.1,soil,filler,60.0,no_additive,0.0,no_additive,0.0,films,bacteria_dominated,yes
14.0,43.0,5,7,94,6,aerobic,all_mechanisms,26.1,soil,filler,60.0,no_additive,0.0,no_additive,0.0,films,bacteria_dominated,yes
21.0,81.0,5,7,94,6,aerobic,all_mechanisms,26.1,soil,filler,60.0,no_additive,0.0,no_additive,0.0,films,bacteria_dominated,yes
28.0,88.0,5,7,94,6,aerobic,all_mechanisms,26.1,soil,filler,60.0,no_additive,0.0,no_additive,0.0,films,bacteria_dominated,yes
7.0,27.0,5,8,94,6,aerobic,all_mechanisms,26.1,soil,filler,70.0,no_additive,0.0,no_additive,0.0,films,bacteria_dominated,yes
14.0,55.0,5,8,94,6,aerobic,all_mechanisms,26.1,soil,filler,70.0,no_additive,0.0,no_additive,0.0,films,bacteria_dominated,yes
21.0,83.0,5,8,94,6,aerobic,all_mechanisms,26.1,soil,filler,70.0,no_additive,0.0,no_additive,0.0,films,bacteria_dominated,yes
28.0,99.0,5,8,94,6,aerobic,all_mechanisms,26.1,soil,filler,70.0,no_additive,0.0,no_additive,0.0,films,bacteria_dominated,yes
7.0,0.0,5,9,94,6,aerobic,all_mechanisms,26.1,soil,no_additive,0.0,no_additive,0.0,no_additive,0.0,films,bacteria_dominated,no
14.0,4.0,5,9,94,6,aerobic,all_mechanisms,26.1,soil,no_additive,0.0,no_additive,0.0,no_additive,0.0,films,bacteria_dominated,no
21.0,10.0,5,9,94,6,aerobic,all_mechanisms,26.1,soil,no_additive,0.0,no_additive,0.0,no_additive,0.0,films,bacteria_dominated,no
28.0,10.0,5,9,94,6,aerobic,all_mechanisms,26.1,soil,no_additive,0.0,no_additive,0.0,no_additive,0.0,films,bacteria_dominated,no
7.0,1.0,5,10,94,6,aerobic,all_mechanisms,26.1,soil,filler,10.0,no_additive,0.0,no_additive,0.0,films,bacteria_dominated,yes
14.0,4.0,5,10,94,6,aerobic,all_mechanisms,26.1,soil,filler,10.0,no_additive,0.0,no_additive,0.0,films,bacteria_dominated,yes
21.0,5.0,5,10,94,6,aerobic,all_mechanisms,26.1,soil,filler,10.0,no_additive,0.0,no_additive,0.0,films,bacteria_dominated,yes
28.0,8.0,5,10,94,6,aerobic,all_mechanisms,26.1,soil,filler,10.0,no_additive,0.0,no_additive,0.0,films,bacteria_dominated,yes
7.0,0.0,5,11,94,6,aerobic,all_mechanisms,26.1,soil,filler,20.0,no_additive,0.0,no_additive,0.0,films,bacteria_dominated,yes
14.0,7.0,5,11,94,6,aerobic,all_mechanisms,26.1,soil,filler,20.0,no_additive,0.0,no_additive,0.0,films,bacteria_dominated,yes
21.0,8.0,5,11,94,6,aerobic,all_mechanisms,26.1,soil,filler,20.0,no_additive,0.0,no_additive,0.0,films,bacteria_dominated,yes
28.0,10.0,5,11,94,6,aerobic,all_mechanisms,26.1,soil,filler,20.0,no_additive,0.0,no_additive,0.0,films,bacteria_dominated,yes
7.0,0.0,5,12,94,6,aerobic,all_mechanisms,26.1,soil,filler,30.0,no_additive,0.0,no_additive,0.0,films,bacteria_dominated,yes
14.0,11.0,5,12,94,6,aerobic,all_mechanisms,26.1,soil,filler,30.0,no_additive,0.0,no_additive,0.0,films,bacteria_dominated,yes
21.0,14.0,5,12,94,6,aerobic,all_mechanisms,26.1,soil,filler,30.0,no_additive,0.0,no_additive,0.0,films,bacteria_dominated,yes
28.0,18.0,5,12,94,6,aerobic,all_mechanisms,26.1,soil,filler,30.0,no_additive,0.0,no_additive,0.0,films,bacteria_dominated,yes
7.0,0.0,5,13,94,6,aerobic,all_mechanisms,26.1,soil,filler,40.0,no_additive,0.0,no_additive,0.0,films,bacteria_dominated,yes
14.0,12.0,5,13,94,6,aerobic,all_mechanisms,26.1,soil,filler,40.0,no_additive,0.0,no_additive,0.0,films,bacteria_dominated,yes
21.0,20.0,5,13,94,6,aerobic,all_mechanisms,26.1,soil,filler,40.0,no_additive,0.0,no_additive,0.0,films,bacteria_dominated,yes
28.0,34.0,5,13,94,6,aerobic,all_mechanisms,26.1,soil,filler,40.0,no_additive,0.0,no_additive,0.0,films,bacteria_dominated,yes
7.0,3.0,5,14,94,6,aerobic,all_mechanisms,26.1,soil,filler,50.0,no_additive,0.0,no_additive,0.0,films,bacteria_dominated,yes
14.0,29.0,5,14,94,6,aerobic,all_mechanisms,26.1,soil,filler,50.0,no_additive,0.0,no_additive,0.0,films,bacteria_dominated,yes
21.0,32.0,5,14,94,6,aerobic,all_mechanisms,26.1,soil,filler,50.0,no_additive,0.0,no_additive,0.0,films,bacteria_dominated,yes
28.0,40.0,5,14,94,6,aerobic,all_mechanisms,26.1,soil,filler,50.0,no_additive,0.0,no_additive,0.0,films,bacteria_dominated,yes
7.0,3.0,5,15,94,6,aerobic,all_mechanisms,26.1,soil,filler,60.0,no_additive,0.0,no_additive,0.0,films,bacteria_dominated,yes
14.0,29.0,5,15,94,6,aerobic,all_mechanisms,26.1,soil,filler,60.0,no_additive,0.0,no_additive,0.0,films,bacteria_dominated,yes
21.0,36.0,5,15,94,6,aerobic,all_mechanisms,26.1,soil,filler,60.0,no_additive,0.0,no_additive,0.0,films,bacteria_dominated,yes
28.0,42.0,5,15,94,6,aerobic,all_mechanisms,26.1,soil,filler,60.0,no_additive,0.0,no_additive,0.0,films,bacteria_dominated,yes
7.0,4.0,5,16,94,6,aerobic,all_mechanisms,26.1,soil,filler,70.0,no_additive,0.0,no_additive,0.0,films,bacteria_dominated,yes
14.0,36.0,5,16,94,6,aerobic,all_mechanisms,26.1,soil,filler,70.0,no_additive,0.0,no_additive,0.0,films,bacteria_dominated,yes
21.0,49.0,5,16,94,6,aerobic,all_mechanisms,26.1,soil,filler,70.0,no_additive,0.0,no_additive,0.0,films,bacteria_dominated,yes
28.0,62.0,5,16,94,6,aerobic,all_mechanisms,26.1,soil,filler,70.0,no_additive,0.0,no_additive,0.0,films,bacteria_dominated,yes
7.0,1.0,5,17,94,6,aerobic,all_mechanisms,26.1,soil,no_additive,0.0,no_additive,0.0,no_additive,0.0,films,bacteria_dominated,no
14.0,4.0,5,17,94,6,aerobic,all_mechanisms,26.1,soil,no_additive,0.0,no_additive,0.0,no_additive,0.0,films,bacteria_dominated,no
21.0,9.0,5,17,94,6,aerobic,all_mechanisms,26.1,soil,no_additive,0.0,no_additive,0.0,no_additive,0.0,films,bacteria_dominated,no
28.0,9.0,5,17,94,6,aerobic,all_mechanisms,26.1,soil,no_additive,0.0,no_additive,0.0,no_additive,0.0,films,bacteria_dominated,no
7.0,1.0,5,18,94,6,aerobic,all_mechanisms,26.1,soil,filler,10.0,no_additive,0.0,no_additive,0.0,films,bacteria_dominated,yes
14.0,5.0,5,18,94,6,aerobic,all_mechanisms,26.1,soil,filler,10.0,no_additive,0.0,no_additive,0.0,films,bacteria_dominated,yes
21.0,9.0,5,18,94,6,aerobic,all_mechanisms,26.1,soil,filler,10.0,no_additive,0.0,no_additive,0.0,films,bacteria_dominated,yes
28.0,10.0,5,18,94,6,aerobic,all_mechanisms,26.1,soil,filler,10.0,no_additive,0.0,no_additive,0.0,films,bacteria_dominated,yes
7.0,1.0,5,19,94,6,aerobic,all_mechanisms,26.1,soil,filler,20.0,no_additive,0.0,no_additive,0.0,films,bacteria_dominated,yes
14.0,7.0,5,19,94,6,aerobic,all_mechanisms,26.1,soil,filler,20.0,no_additive,0.0,no_additive,0.0,films,bacteria_dominated,yes
21.0,12.0,5,19,94,6,aerobic,all_mechanisms,26.1,soil,filler,20.0,no_additive,0.0,no_additive,0.0,films,bacteria_dominated,yes
28.0,15.0,5,19,94,6,aerobic,all_mechanisms,26.1,soil,filler,20.0,no_additive,0.0,no_additive,0.0,films,bacteria_dominated,yes
7.0,2.0,5,20,94,6,aerobic,all_mechanisms,26.1,soil,filler,30.0,no_additive,0.0,no_additive,0.0,films,bacteria_dominated,yes
14.0,12.0,5,20,94,6,aerobic,all_mechanisms,26.1,soil,filler,30.0,no_additive,0.0,no_additive,0.0,films,bacteria_dominated,yes
21.0,20.0,5,20,94,6,aerobic,all_mechanisms,26.1,soil,filler,30.0,no_additive,0.0,no_additive,0.0,films,bacteria_dominated,yes
28.0,23.0,5,20,94,6,aerobic,all_mechanisms,26.1,soil,filler,30.0,no_additive,0.0,no_additive,0.0,films,bacteria_dominated,yes
7.0,4.0,5,21,94,6,aerobic,all_mechanisms,26.1,soil,filler,40.0,no_additive,0.0,no_additive,0.0,films,bacteria_dominated,yes
14.0,13.0,5,21,94,6,aerobic,all_mechanisms,26.1,soil,filler,40.0,no_additive,0.0,no_additive,0.0,films,bacteria_dominated,yes
21.0,23.0,5,21,94,6,aerobic,all_mechanisms,26.1,soil,filler,40.0,no_additive,0.0,no_additive,0.0,films,bacteria_dominated,yes
28.0,38.0,5,21,94,6,aerobic,all_mechanisms,26.1,soil,filler,40.0,no_additive,0.0,no_additive,0.0,films,bacteria_dominated,yes
7.0,6.0,5,22,94,6,aerobic,all_mechanisms,26.1,soil,filler,50.0,no_additive,0.0,no_additive,0.0,films,bacteria_dominated,yes
14.0,30.0,5,22,94,6,aerobic,all_mechanisms,26.1,soil,filler,50.0,no_additive,0.0,no_additive,0.0,films,bacteria_dominated,yes
21.0,35.0,5,22,94,6,aerobic,all_mechanisms,26.1,soil,filler,50.0,no_additive,0.0,no_additive,0.0,films,bacteria_dominated,yes
28.0,44.0,5,22,94,6,aerobic,all_mechanisms,26.1,soil,filler,50.0,no_additive,0.0,no_additive,0.0,films,bacteria_dominated,yes
7.0,11.0,5,23,94,6,aerobic,all_mechanisms,26.1,soil,filler,60.0,no_additive,0.0,no_additive,0.0,films,bacteria_dominated,yes
14.0,36.0,5,23,94,6,aerobic,all_mechanisms,26.1,soil,filler,60.0,no_additive,0.0,no_additive,0.0,films,bacteria_dominated,yes
21.0,43.0,5,23,94,6,aerobic,all_mechanisms,26.1,soil,filler,60.0,no_additive,0.0,no_additive,0.0,films,bacteria_dominated,yes
28.0,58.0,5,23,94,6,aerobic,all_mechanisms,26.1,soil,filler,60.0,no_additive,0.0,no_additive,0.0,films,bacteria_dominated,yes
7.0,21.0,5,24,94,6,aerobic,all_mechanisms,26.1,soil,filler,70.0,no_additive,0.0,no_additive,0.0,films,bacteria_dominated,yes
14.0,42.0,5,24,94,6,aerobic,all_mechanisms,26.1,soil,filler,70.0,no_additive,0.0,no_additive,0.0,films,bacteria_dominated,yes
21.0,52.0,5,24,94,6,aerobic,all_mechanisms,26.1,soil,filler,70.0,no_additive,0.0,no_additive,0.0,films,bacteria_dominated,yes
28.0,75.0,5,24,94,6,aerobic,all_mechanisms,26.1,soil,filler,70.0,no_additive,0.0,no_additive,0.0,films,bacteria_dominated,yes
7.0,0.0,5,25,94,6,aerobic,enzyme_mediated_microbial_biodegradation,25.0,marine_aquatic,no_additive,0.0,no_additive,0.0,no_additive,0.0,films,bacteria_dominated,no
14.0,8.0,5,25,94,6,aerobic,enzyme_mediated_microbial_biodegradation,25.0,marine_aquatic,no_additive,0.0,no_additive,0.0,no_additive,0.0,films,bacteria_dominated,no
21.0,13.0,5,25,94,6,aerobic,enzyme_mediated_microbial_biodegradation,25.0,marine_aquatic,no_additive,0.0,no_additive,0.0,no_additive,0.0,films,bacteria_dominated,no
28.0,21.0,5,25,94,6,aerobic,enzyme_mediated_microbial_biodegradation,25.0,marine_aquatic,no_additive,0.0,no_additive,0.0,no_additive,0.0,films,bacteria_dominated,no
7.0,1.0,5,26,94,6,aerobic,enzyme_mediated_microbial_biodegradation,25.0,marine_aquatic,filler,10.0,no_additive,0.0,no_additive,0.0,films,bacteria_dominated,yes
14.0,26.0,5,26,94,6,aerobic,enzyme_mediated_microbial_biodegradation,25.0,marine_aquatic,filler,10.0,no_additive,0.0,no_additive,0.0,films,bacteria_dominated,yes
21.0,28.0,5,26,94,6,aerobic,enzyme_mediated_microbial_biodegradation,25.0,marine_aquatic,filler,10.0,no_additive,0.0,no_additive,0.0,films,bacteria_dominated,yes
28.0,33.0,5,26,94,6,aerobic,enzyme_mediated_microbial_biodegradation,25.0,marine_aquatic,filler,10.0,no_additive,0.0,no_additive,0.0,films,bacteria_dominated,yes
7.0,1.0,5,27,94,6,aerobic,enzyme_mediated_microbial_biodegradation,25.0,marine_aquatic,filler,20.0,no_additive,0.0,no_additive,0.0,films,bacteria_dominated,yes
14.0,30.0,5,27,94,6,aerobic,enzyme_mediated_microbial_biodegradation,25.0,marine_aquatic,filler,20.0,no_additive,0.0,no_additive,0.0,films,bacteria_dominated,yes
21.0,33.0,5,27,94,6,aerobic,enzyme_mediated_microbial_biodegradation,25.0,marine_aquatic,filler,20.0,no_additive,0.0,no_additive,0.0,films,bacteria_dominated,yes
28.0,38.0,5,27,94,6,aerobic,enzyme_mediated_microbial_biodegradation,25.0,marine_aquatic,filler,20.0,no_additive,0.0,no_additive,0.0,films,bacteria_dominated,yes
7.0,4.0,5,28,94,6,aerobic,enzyme_mediated_microbial_biodegradation,25.0,marine_aquatic,filler,30.0,no_additive,0.0,no_additive,0.0,films,bacteria_dominated,yes
14.0,30.0,5,28,94,6,aerobic,enzyme_mediated_microbial_biodegradation,25.0,marine_aquatic,filler,30.0,no_additive,0.0,no_additive,0.0,films,bacteria_dominated,yes
21.0,38.0,5,28,94,6,aerobic,enzyme_mediated_microbial_biodegradation,25.0,marine_aquatic,filler,30.0,no_additive,0.0,no_additive,0.0,films,bacteria_dominated,yes
28.0,53.0,5,28,94,6,aerobic,enzyme_mediated_microbial_biodegradation,25.0,marine_aquatic,filler,30.0,no_additive,0.0,no_additive,0.0,films,bacteria_dominated,yes
7.0,6.0,5,29,94,6,aerobic,enzyme_mediated_microbial_biodegradation,25.0,marine_aquatic,filler,40.0,no_additive,0.0,no_additive,0.0,films,bacteria_dominated,yes
14.0,37.0,5,29,94,6,aerobic,enzyme_mediated_microbial_biodegradation,25.0,marine_aquatic,filler,40.0,no_additive,0.0,no_additive,0.0,films,bacteria_dominated,yes
21.0,45.0,5,29,94,6,aerobic,enzyme_mediated_microbial_biodegradation,25.0,marine_aquatic,filler,40.0,no_additive,0.0,no_additive,0.0,films,bacteria_dominated,yes
28.0,63.0,5,29,94,6,aerobic,enzyme_mediated_microbial_biodegradation,25.0,marine_aquatic,filler,40.0,no_additive,0.0,no_additive,0.0,films,bacteria_dominated,yes
7.0,17.0,5,30,94,6,aerobic,enzyme_mediated_microbial_biodegradation,25.0,marine_aquatic,filler,50.0,no_additive,0.0,no_additive,0.0,films,bacteria_dominated,yes
14.0,51.0,5,30,94,6,aerobic,enzyme_mediated_microbial_biodegradation,25.0,marine_aquatic,filler,50.0,no_additive,0.0,no_additive,0.0,films,bacteria_dominated,yes
21.0,74.0,5,30,94,6,aerobic,enzyme_mediated_microbial_biodegradation,25.0,marine_aquatic,filler,50.0,no_additive,0.0,no_additive,0.0,films,bacteria_dominated,yes
28.0,78.0,5,30,94,6,aerobic,enzyme_mediated_microbial_biodegradation,25.0,marine_aquatic,filler,50.0,no_additive,0.0,no_additive,0.0,films,bacteria_dominated,yes
7.0,19.0,5,31,94,6,aerobic,enzyme_mediated_microbial_biodegradation,25.0,marine_aquatic,filler,60.0,no_additive,0.0,no_additive,0.0,films,bacteria_dominated,yes
14.0,68.0,5,31,94,6,aerobic,enzyme_mediated_microbial_biodegradation,25.0,marine_aquatic,filler,60.0,no_additive,0.0,no_additive,0.0,films,bacteria_dominated,yes
21.0,99.0,5,31,94,6,aerobic,enzyme_mediated_microbial_biodegradation,25.0,marine_aquatic,filler,60.0,no_additive,0.0,no_additive,0.0,films,bacteria_dominated,yes
28.0,99.0,5,31,94,6,aerobic,enzyme_mediated_microbial_biodegradation,25.0,marine_aquatic,filler,60.0,no_additive,0.0,no_additive,0.0,films,bacteria_dominated,yes
7.0,31.0,5,32,94,6,aerobic,enzyme_mediated_microbial_biodegradation,25.0,marine_aquatic,filler,70.0,no_additive,0.0,no_additive,0.0,films,bacteria_dominated,yes
14.0,71.0,5,32,94,6,aerobic,enzyme_mediated_microbial_biodegradation,25.0,marine_aquatic,filler,70.0,no_additive,0.0,no_additive,0.0,films,bacteria_dominated,yes
21.0,99.0,5,32,94,6,aerobic,enzyme_mediated_microbial_biodegradation,25.0,marine_aquatic,filler,70.0,no_additive,0.0,no_additive,0.0,films,bacteria_dominated,yes
28.0,99.0,5,32,94,6,aerobic,enzyme_mediated_microbial_biodegradation,25.0,marine_aquatic,filler,70.0,no_additive,0.0,no_additive,0.0,films,bacteria_dominated,yes
7.0,0.0,5,33,94,6,aerobic,enzyme_mediated_microbial_biodegradation,25.0,marine_aquatic,no_additive,0.0,no_additive,0.0,no_additive,0.0,films,bacteria_dominated,no
14.0,8.0,5,33,94,6,aerobic,enzyme_mediated_microbial_biodegradation,25.0,marine_aquatic,no_additive,0.0,no_additive,0.0,no_additive,0.0,films,bacteria_dominated,no
21.0,14.0,5,33,94,6,aerobic,enzyme_mediated_microbial_biodegradation,25.0,marine_aquatic,no_additive,0.0,no_additive,0.0,no_additive,0.0,films,bacteria_dominated,no
28.0,21.0,5,33,94,6,aerobic,enzyme_mediated_microbial_biodegradation,25.0,marine_aquatic,no_additive,0.0,no_additive,0.0,no_additive,0.0,films,bacteria_dominated,no
7.0,1.0,5,34,94,6,aerobic,enzyme_mediated_microbial_biodegradation,25.0,marine_aquatic,filler,10.0,no_additive,0.0,no_additive,0.0,films,bacteria_dominated,yes
14.0,11.0,5,34,94,6,aerobic,enzyme_mediated_microbial_biodegradation,25.0,marine_aquatic,filler,10.0,no_additive,0.0,no_additive,0.0,films,bacteria_dominated,yes
21.0,0.0,5,34,94,6,aerobic,enzyme_mediated_microbial_biodegradation,25.0,marine_aquatic,filler,10.0,no_additive,0.0,no_additive,0.0,films,bacteria_dominated,yes
28.0,14.0,5,34,94,6,aerobic,enzyme_mediated_microbial_biodegradation,25.0,marine_aquatic,filler,10.0,no_additive,0.0,no_additive,0.0,films,bacteria_dominated,yes
7.0,1.0,5,35,94,6,aerobic,enzyme_mediated_microbial_biodegradation,25.0,marine_aquatic,filler,20.0,no_additive,0.0,no_additive,0.0,films,bacteria_dominated,yes
14.0,1.0,5,35,94,6,aerobic,enzyme_mediated_microbial_biodegradation,25.0,marine_aquatic,filler,20.0,no_additive,0.0,no_additive,0.0,films,bacteria_dominated,yes
21.0,13.0,5,35,94,6,aerobic,enzyme_mediated_microbial_biodegradation,25.0,marine_aquatic,filler,20.0,no_additive,0.0,no_additive,0.0,films,bacteria_dominated,yes
28.0,21.0,5,35,94,6,aerobic,enzyme_mediated_microbial_biodegradation,25.0,marine_aquatic,filler,20.0,no_additive,0.0,no_additive,0.0,films,bacteria_dominated,yes
7.0,3.0,5,36,94,6,aerobic,enzyme_mediated_microbial_biodegradation,25.0,marine_aquatic,filler,30.0,no_additive,0.0,no_additive,0.0,films,bacteria_dominated,yes
14.0,7.0,5,36,94,6,aerobic,enzyme_mediated_microbial_biodegradation,25.0,marine_aquatic,filler,30.0,no_additive,0.0,no_additive,0.0,films,bacteria_dominated,yes
21.0,15.0,5,36,94,6,aerobic,enzyme_mediated_microbial_biodegradation,25.0,marine_aquatic,filler,30.0,no_additive,0.0,no_additive,0.0,films,bacteria_dominated,yes
28.0,21.0,5,36,94,6,aerobic,enzyme_mediated_microbial_biodegradation,25.0,marine_aquatic,filler,30.0,no_additive,0.0,no_additive,0.0,films,bacteria_dominated,yes
7.0,3.0,5,37,94,6,aerobic,enzyme_mediated_microbial_biodegradation,25.0,marine_aquatic,filler,40.0,no_additive,0.0,no_additive,0.0,films,bacteria_dominated,yes
14.0,7.0,5,37,94,6,aerobic,enzyme_mediated_microbial_biodegradation,25.0,marine_aquatic,filler,40.0,no_additive,0.0,no_additive,0.0,films,bacteria_dominated,yes
21.0,25.0,5,37,94,6,aerobic,enzyme_mediated_microbial_biodegradation,25.0,marine_aquatic,filler,40.0,no_additive,0.0,no_additive,0.0,films,bacteria_dominated,yes
28.0,39.0,5,37,94,6,aerobic,enzyme_mediated_microbial_biodegradation,25.0,marine_aquatic,filler,40.0,no_additive,0.0,no_additive,0.0,films,bacteria_dominated,yes
7.0,3.0,5,38,94,6,aerobic,enzyme_mediated_microbial_biodegradation,25.0,marine_aquatic,filler,50.0,no_additive,0.0,no_additive,0.0,films,bacteria_dominated,yes
14.0,8.0,5,38,94,6,aerobic,enzyme_mediated_microbial_biodegradation,25.0,marine_aquatic,filler,50.0,no_additive,0.0,no_additive,0.0,films,bacteria_dominated,yes
21.0,39.0,5,38,94,6,aerobic,enzyme_mediated_microbial_biodegradation,25.0,marine_aquatic,filler,50.0,no_additive,0.0,no_additive,0.0,films,bacteria_dominated,yes
28.0,59.0,5,38,94,6,aerobic,enzyme_mediated_microbial_biodegradation,25.0,marine_aquatic,filler,50.0,no_additive,0.0,no_additive,0.0,films,bacteria_dominated,yes
7.0,2.0,5,39,94,6,aerobic,enzyme_mediated_microbial_biodegradation,25.0,marine_aquatic,filler,60.0,no_additive,0.0,no_additive,0.0,films,bacteria_dominated,yes
14.0,13.0,5,39,94,6,aerobic,enzyme_mediated_microbial_biodegradation,25.0,marine_aquatic,filler,60.0,no_additive,0.0,no_additive,0.0,films,bacteria_dominated,yes
21.0,68.0,5,39,94,6,aerobic,enzyme_mediated_microbial_biodegradation,25.0,marine_aquatic,filler,60.0,no_additive,0.0,no_additive,0.0,films,bacteria_dominated,yes
28.0,99.0,5,39,94,6,aerobic,enzyme_mediated_microbial_biodegradation,25.0,marine_aquatic,filler,60.0,no_additive,0.0,no_additive,0.0,films,bacteria_dominated,yes
7.0,4.0,5,40,94,6,aerobic,enzyme_mediated_microbial_biodegradation,25.0,marine_aquatic,filler,70.0,no_additive,0.0,no_additive,0.0,films,bacteria_dominated,yes
14.0,23.0,5,40,94,6,aerobic,enzyme_mediated_microbial_biodegradation,25.0,marine_aquatic,filler,70.0,no_additive,0.0,no_additive,0.0,films,bacteria_dominated,yes
21.0,69.0,5,40,94,6,aerobic,enzyme_mediated_microbial_biodegradation,25.0,marine_aquatic,filler,70.0,no_additive,0.0,no_additive,0.0,films,bacteria_dominated,yes
28.0,99.0,5,40,94,6,aerobic,enzyme_mediated_microbial_biodegradation,25.0,marine_aquatic,filler,70.0,no_additive,0.0,no_additive,0.0,films,bacteria_dominated,yes
7.0,1.0,5,41,94,6,aerobic,enzyme_mediated_microbial_biodegradation,25.0,marine_aquatic,no_additive,0.0,no_additive,0.0,no_additive,0.0,films,bacteria_dominated,no
14.0,9.0,5,41,94,6,aerobic,enzyme_mediated_microbial_biodegradation,25.0,marine_aquatic,no_additive,0.0,no_additive,0.0,no_additive,0.0,films,bacteria_dominated,no
21.0,14.0,5,41,94,6,aerobic,enzyme_mediated_microbial_biodegradation,25.0,marine_aquatic,no_additive,0.0,no_additive,0.0,no_additive,0.0,films,bacteria_dominated,no
28.0,22.0,5,41,94,6,aerobic,enzyme_mediated_microbial_biodegradation,25.0,marine_aquatic,no_additive,0.0,no_additive,0.0,no_additive,0.0,films,bacteria_dominated,no
7.0,6.0,5,42,94,6,aerobic,enzyme_mediated_microbial_biodegradation,25.0,marine_aquatic,filler,10.0,no_additive,0.0,no_additive,0.0,films,bacteria_dominated,yes
14.0,18.0,5,42,94,6,aerobic,enzyme_mediated_microbial_biodegradation,25.0,marine_aquatic,filler,10.0,no_additive,0.0,no_additive,0.0,films,bacteria_dominated,yes
21.0,37.0,5,42,94,6,aerobic,enzyme_mediated_microbial_biodegradation,25.0,marine_aquatic,filler,10.0,no_additive,0.0,no_additive,0.0,films,bacteria_dominated,yes
28.0,39.0,5,42,94,6,aerobic,enzyme_mediated_microbial_biodegradation,25.0,marine_aquatic,filler,10.0,no_additive,0.0,no_additive,0.0,films,bacteria_dominated,yes
7.0,6.0,5,43,94,6,aerobic,enzyme_mediated_microbial_biodegradation,25.0,marine_aquatic,filler,20.0,no_additive,0.0,no_additive,0.0,films,bacteria_dominated,yes
14.0,30.0,5,43,94,6,aerobic,enzyme_mediated_microbial_biodegradation,25.0,marine_aquatic,filler,20.0,no_additive,0.0,no_additive,0.0,films,bacteria_dominated,yes
21.0,47.0,5,43,94,6,aerobic,enzyme_mediated_microbial_biodegradation,25.0,marine_aquatic,filler,20.0,no_additive,0.0,no_additive,0.0,films,bacteria_dominated,yes
28.0,52.0,5,43,94,6,aerobic,enzyme_mediated_microbial_biodegradation,25.0,marine_aquatic,filler,20.0,no_additive,0.0,no_additive,0.0,films,bacteria_dominated,yes
7.0,7.0,5,44,94,6,aerobic,enzyme_mediated_microbial_biodegradation,25.0,marine_aquatic,filler,30.0,no_additive,0.0,no_additive,0.0,films,bacteria_dominated,yes
14.0,30.0,5,44,94,6,aerobic,enzyme_mediated_microbial_biodegradation,25.0,marine_aquatic,filler,30.0,no_additive,0.0,no_additive,0.0,films,bacteria_dominated,yes
21.0,53.0,5,44,94,6,aerobic,enzyme_mediated_microbial_biodegradation,25.0,marine_aquatic,filler,30.0,no_additive,0.0,no_additive,0.0,films,bacteria_dominated,yes
28.0,69.0,5,44,94,6,aerobic,enzyme_mediated_microbial_biodegradation,25.0,marine_aquatic,filler,30.0,no_additive,0.0,no_additive,0.0,films,bacteria_dominated,yes
7.0,20.0,5,45,94,6,aerobic,enzyme_mediated_microbial_biodegradation,25.0,marine_aquatic,filler,40.0,no_additive,0.0,no_additive,0.0,films,bacteria_dominated,yes
14.0,41.0,5,45,94,6,aerobic,enzyme_mediated_microbial_biodegradation,25.0,marine_aquatic,filler,40.0,no_additive,0.0,no_additive,0.0,films,bacteria_dominated,yes
21.0,54.0,5,45,94,6,aerobic,enzyme_mediated_microbial_biodegradation,25.0,marine_aquatic,filler,40.0,no_additive,0.0,no_additive,0.0,films,bacteria_dominated,yes
28.0,75.0,5,45,94,6,aerobic,enzyme_mediated_microbial_biodegradation,25.0,marine_aquatic,filler,40.0,no_additive,0.0,no_additive,0.0,films,bacteria_dominated,yes
7.0,22.0,5,46,94,6,aerobic,enzyme_mediated_microbial_biodegradation,25.0,marine_aquatic,filler,50.0,no_additive,0.0,no_additive,0.0,films,bacteria_dominated,yes
14.0,61.0,5,46,94,6,aerobic,enzyme_mediated_microbial_biodegradation,25.0,marine_aquatic,filler,50.0,no_additive,0.0,no_additive,0.0,films,bacteria_dominated,yes
21.0,75.0,5,46,94,6,aerobic,enzyme_mediated_microbial_biodegradation,25.0,marine_aquatic,filler,50.0,no_additive,0.0,no_additive,0.0,films,bacteria_dominated,yes
28.0,99.0,5,46,94,6,aerobic,enzyme_mediated_microbial_biodegradation,25.0,marine_aquatic,filler,50.0,no_additive,0.0,no_additive,0.0,films,bacteria_dominated,yes
7.0,24.0,5,47,94,6,aerobic,enzyme_mediated_microbial_biodegradation,25.0,marine_aquatic,filler,60.0,no_additive,0.0,no_additive,0.0,films,bacteria_dominated,yes
14.0,89.0,5,47,94,6,aerobic,enzyme_mediated_microbial_biodegradation,25.0,marine_aquatic,filler,60.0,no_additive,0.0,no_additive,0.0,films,bacteria_dominated,yes
21.0,99.0,5,47,94,6,aerobic,enzyme_mediated_microbial_biodegradation,25.0,marine_aquatic,filler,60.0,no_additive,0.0,no_additive,0.0,films,bacteria_dominated,yes
28.0,99.0,5,47,94,6,aerobic,enzyme_mediated_microbial_biodegradation,25.0,marine_aquatic,filler,60.0,no_additive,0.0,no_additive,0.0,films,bacteria_dominated,yes
7.0,33.0,5,48,94,6,aerobic,enzyme_mediated_microbial_biodegradation,25.0,marine_aquatic,filler,70.0,no_additive,0.0,no_additive,0.0,films,bacteria_dominated,yes
14.0,99.0,5,48,94,6,aerobic,enzyme_mediated_microbial_biodegradation,25.0,marine_aquatic,filler,70.0,no_additive,0.0,no_additive,0.0,films,bacteria_dominated,yes
21.0,99.0,5,48,94,6,aerobic,enzyme_mediated_microbial_biodegradation,25.0,marine_aquatic,filler,70.0,no_additive,0.0,no_additive,0.0,films,bacteria_dominated,yes
28.0,99.0,5,48,94,6,aerobic,enzyme_mediated_microbial_biodegradation,25.0,marine_aquatic,filler,70.0,no_additive,0.0,no_additive,0.0,films,bacteria_dominated,yes
67.0,1.0,6,1,99,1,anaerobic,all_mechanisms,25.0,soil,filler,20.0,no_additive,0.0,no_additive,0.0,sheets,bacteria_dominated,yes
73.0,2.0,6,1,99,1,anaerobic,all_mechanisms,25.0,soil,filler,20.0,no_additive,0.0,no_additive,0.0,sheets,bacteria_dominated,yes
81.0,3.0,6,1,99,1,anaerobic,all_mechanisms,25.0,soil,filler,20.0,no_additive,0.0,no_additive,0.0,sheets,bacteria_dominated,yes
88.0,5.0,6,1,99,1,anaerobic,all_mechanisms,25.0,soil,filler,20.0,no_additive,0.0,no_additive,0.0,sheets,bacteria_dominated,yes
92.0,5.0,6,1,99,1,anaerobic,all_mechanisms,25.0,soil,filler,20.0,no_additive,0.0,no_additive,0.0,sheets,bacteria_dominated,yes
102.0,7.0,6,1,99,1,anaerobic,all_mechanisms,25.0,soil,filler,20.0,no_additive,0.0,no_additive,0.0,sheets,bacteria_dominated,yes
98.0,6.0,6,1,99,1,anaerobic,all_mechanisms,25.0,soil,filler,20.0,no_additive,0.0,no_additive,0.0,sheets,bacteria_dominated,yes
109.0,8.0,6,1,99,1,anaerobic,all_mechanisms,25.0,soil,filler,20.0,no_additive,0.0,no_additive,0.0,sheets,bacteria_dominated,yes
113.0,9.0,6,1,99,1,anaerobic,all_mechanisms,25.0,soil,filler,20.0,no_additive,0.0,no_additive,0.0,sheets,bacteria_dominated,yes
120.0,10.0,6,1,99,1,anaerobic,all_mechanisms,25.0,soil,filler,20.0,no_additive,0.0,no_additive,0.0,sheets,bacteria_dominated,yes
126.0,10.0,6,1,99,1,anaerobic,all_mechanisms,25.0,soil,filler,20.0,no_additive,0.0,no_additive,0.0,sheets,bacteria_dominated,yes
132.0,12.0,6,1,99,1,anaerobic,all_mechanisms,25.0,soil,filler,20.0,no_additive,0.0,no_additive,0.0,sheets,bacteria_dominated,yes
140.0,13.0,6,1,99,1,anaerobic,all_mechanisms,25.0,soil,filler,20.0,no_additive,0.0,no_additive,0.0,sheets,bacteria_dominated,yes
151.0,14.0,6,1,99,1,anaerobic,all_mechanisms,25.0,soil,filler,20.0,no_additive,0.0,no_additive,0.0,sheets,bacteria_dominated,yes
162.0,16.0,6,1,99,1,anaerobic,all_mechanisms,25.0,soil,filler,20.0,no_additive,0.0,no_additive,0.0,sheets,bacteria_dominated,yes
170.0,17.0,6,1,99,1,anaerobic,all_mechanisms,25.0,soil,filler,20.0,no_additive,0.0,no_additive,0.0,sheets,bacteria_dominated,yes
178.0,18.0,6,1,99,1,anaerobic,all_mechanisms,25.0,soil,filler,20.0,no_additive,0.0,no_additive,0.0,sheets,bacteria_dominated,yes
187.0,19.0,6,1,99,1,anaerobic,all_mechanisms,25.0,soil,filler,20.0,no_additive,0.0,no_additive,0.0,sheets,bacteria_dominated,yes
195.0,20.0,6,1,99,1,anaerobic,all_mechanisms,25.0,soil,filler,20.0,no_additive,0.0,no_additive,0.0,sheets,bacteria_dominated,yes
203.0,21.0,6,1,99,1,anaerobic,all_mechanisms,25.0,soil,filler,20.0,no_additive,0.0,no_additive,0.0,sheets,bacteria_dominated,yes
212.0,22.0,6,1,99,1,anaerobic,all_mechanisms,25.0,soil,filler,20.0,no_additive,0.0,no_additive,0.0,sheets,bacteria_dominated,yes
218.0,23.0,6,1,99,1,anaerobic,all_mechanisms,25.0,soil,filler,20.0,no_additive,0.0,no_additive,0.0,sheets,bacteria_dominated,yes
229.0,23.0,6,1,99,1,anaerobic,all_mechanisms,25.0,soil,filler,20.0,no_additive,0.0,no_additive,0.0,sheets,bacteria_dominated,yes
237.0,25.0,6,1,99,1,anaerobic,all_mechanisms,25.0,soil,filler,20.0,no_additive,0.0,no_additive,0.0,sheets,bacteria_dominated,yes
244.0,26.0,6,1,99,1,anaerobic,all_mechanisms,25.0,soil,filler,20.0,no_additive,0.0,no_additive,0.0,sheets,bacteria_dominated,yes
254.0,26.0,6,1,99,1,anaerobic,all_mechanisms,25.0,soil,filler,20.0,no_additive,0.0,no_additive,0.0,sheets,bacteria_dominated,yes
265.0,28.0,6,1,99,1,anaerobic,all_mechanisms,25.0,soil,filler,20.0,no_additive,0.0,no_additive,0.0,sheets,bacteria_dominated,yes
279.0,29.0,6,1,99,1,anaerobic,all_mechanisms,25.0,soil,filler,20.0,no_additive,0.0,no_additive,0.0,sheets,bacteria_dominated,yes
290.0,30.0,6,1,99,1,anaerobic,all_mechanisms,25.0,soil,filler,20.0,no_additive,0.0,no_additive,0.0,sheets,bacteria_dominated,yes
302.0,31.0,6,1,99,1,anaerobic,all_mechanisms,25.0,soil,filler,20.0,no_additive,0.0,no_additive,0.0,sheets,bacteria_dominated,yes
313.0,32.0,6,1,99,1,anaerobic,all_mechanisms,25.0,soil,filler,20.0,no_additive,0.0,no_additive,0.0,sheets,bacteria_dominated,yes
323.0,33.0,6,1,99,1,anaerobic,all_mechanisms,25.0,soil,filler,20.0,no_additive,0.0,no_additive,0.0,sheets,bacteria_dominated,yes
332.0,33.0,6,1,99,1,anaerobic,all_mechanisms,25.0,soil,filler,20.0,no_additive,0.0,no_additive,0.0,sheets,bacteria_dominated,yes
342.0,34.0,6,1,99,1,anaerobic,all_mechanisms,25.0,soil,filler,20.0,no_additive,0.0,no_additive,0.0,sheets,bacteria_dominated,yes
354.0,35.0,6,1,99,1,anaerobic,all_mechanisms,25.0,soil,filler,20.0,no_additive,0.0,no_additive,0.0,sheets,bacteria_dominated,yes
363.0,36.0,6,1,99,1,anaerobic,all_mechanisms,25.0,soil,filler,20.0,no_additive,0.0,no_additive,0.0,sheets,bacteria_dominated,yes
73.0,1.0,6,2,99,1,anaerobic,all_mechanisms,25.0,soil,filler,20.0,no_additive,0.0,no_additive,0.0,sheets,bacteria_dominated,yes
80.0,2.0,6,2,99,1,anaerobic,all_mechanisms,25.0,soil,filler,20.0,no_additive,0.0,no_additive,0.0,sheets,bacteria_dominated,yes
87.0,3.0,6,2,99,1,anaerobic,all_mechanisms,25.0,soil,filler,20.0,no_additive,0.0,no_additive,0.0,sheets,bacteria_dominated,yes
96.0,4.0,6,2,99,1,anaerobic,all_mechanisms,25.0,soil,filler,20.0,no_additive,0.0,no_additive,0.0,sheets,bacteria_dominated,yes
107.0,5.0,6,2,99,1,anaerobic,all_mechanisms,25.0,soil,filler,20.0,no_additive,0.0,no_additive,0.0,sheets,bacteria_dominated,yes
117.0,6.0,6,2,99,1,anaerobic,all_mechanisms,25.0,soil,filler,20.0,no_additive,0.0,no_additive,0.0,sheets,bacteria_dominated,yes
130.0,8.0,6,2,99,1,anaerobic,all_mechanisms,25.0,soil,filler,20.0,no_additive,0.0,no_additive,0.0,sheets,bacteria_dominated,yes
143.0,9.0,6,2,99,1,anaerobic,all_mechanisms,25.0,soil,filler,20.0,no_additive,0.0,no_additive,0.0,sheets,bacteria_dominated,yes
150.0,9.0,6,2,99,1,anaerobic,all_mechanisms,25.0,soil,filler,20.0,no_additive,0.0,no_additive,0.0,sheets,bacteria_dominated,yes
157.0,10.0,6,2,99,1,anaerobic,all_mechanisms,25.0,soil,filler,20.0,no_additive,0.0,no_additive,0.0,sheets,bacteria_dominated,yes
168.0,11.0,6,2,99,1,anaerobic,all_mechanisms,25.0,soil,filler,20.0,no_additive,0.0,no_additive,0.0,sheets,bacteria_dominated,yes
178.0,12.0,6,2,99,1,anaerobic,all_mechanisms,25.0,soil,filler,20.0,no_additive,0.0,no_additive,0.0,sheets,bacteria_dominated,yes
189.0,13.0,6,2,99,1,anaerobic,all_mechanisms,25.0,soil,filler,20.0,no_additive,0.0,no_additive,0.0,sheets,bacteria_dominated,yes
200.0,14.0,6,2,99,1,anaerobic,all_mechanisms,25.0,soil,filler,20.0,no_additive,0.0,no_additive,0.0,sheets,bacteria_dominated,yes
214.0,15.0,6,2,99,1,anaerobic,all_mechanisms,25.0,soil,filler,20.0,no_additive,0.0,no_additive,0.0,sheets,bacteria_dominated,yes
225.0,16.0,6,2,99,1,anaerobic,all_mechanisms,25.0,soil,filler,20.0,no_additive,0.0,no_additive,0.0,sheets,bacteria_dominated,yes
242.0,17.0,6,2,99,1,anaerobic,all_mechanisms,25.0,soil,filler,20.0,no_additive,0.0,no_additive,0.0,sheets,bacteria_dominated,yes
254.0,18.0,6,2,99,1,anaerobic,all_mechanisms,25.0,soil,filler,20.0,no_additive,0.0,no_additive,0.0,sheets,bacteria_dominated,yes
266.0,19.0,6,2,99,1,anaerobic,all_mechanisms,25.0,soil,filler,20.0,no_additive,0.0,no_additive,0.0,sheets,bacteria_dominated,yes
280.0,20.0,6,2,99,1,anaerobic,all_mechanisms,25.0,soil,filler,20.0,no_additive,0.0,no_additive,0.0,sheets,bacteria_dominated,yes
292.0,21.0,6,2,99,1,anaerobic,all_mechanisms,25.0,soil,filler,20.0,no_additive,0.0,no_additive,0.0,sheets,bacteria_dominated,yes
300.0,22.0,6,2,99,1,anaerobic,all_mechanisms,25.0,soil,filler,20.0,no_additive,0.0,no_additive,0.0,sheets,bacteria_dominated,yes
308.0,22.0,6,2,99,1,anaerobic,all_mechanisms,25.0,soil,filler,20.0,no_additive,0.0,no_additive,0.0,sheets,bacteria_dominated,yes
316.0,23.0,6,2,99,1,anaerobic,all_mechanisms,25.0,soil,filler,20.0,no_additive,0.0,no_additive,0.0,sheets,bacteria_dominated,yes
323.0,23.0,6,2,99,1,anaerobic,all_mechanisms,25.0,soil,filler,20.0,no_additive,0.0,no_additive,0.0,sheets,bacteria_dominated,yes
329.0,23.0,6,2,99,1,anaerobic,all_mechanisms,25.0,soil,filler,20.0,no_additive,0.0,no_additive,0.0,sheets,bacteria_dominated,yes
336.0,24.0,6,2,99,1,anaerobic,all_mechanisms,25.0,soil,filler,20.0,no_additive,0.0,no_additive,0.0,sheets,bacteria_dominated,yes
345.0,25.0,6,2,99,1,anaerobic,all_mechanisms,25.0,soil,filler,20.0,no_additive,0.0,no_additive,0.0,sheets,bacteria_dominated,yes
354.0,25.0,6,2,99,1,anaerobic,all_mechanisms,25.0,soil,filler,20.0,no_additive,0.0,no_additive,0.0,sheets,bacteria_dominated,yes
361.0,26.0,6,2,99,1,anaerobic,all_mechanisms,25.0,soil,filler,20.0,no_additive,0.0,no_additive,0.0,sheets,bacteria_dominated,yes
366.0,26.0,6,2,99,1,anaerobic,all_mechanisms,25.0,soil,filler,20.0,no_additive,0.0,no_additive,0.0,sheets,bacteria_dominated,yes
75.0,0.0,6,3,99,1,anaerobic,all_mechanisms,25.0,soil,filler,50.0,no_additive,0.0,no_additive,0.0,sheets,bacteria_dominated,yes
78.0,1.0,6,3,99,1,anaerobic,all_mechanisms,25.0,soil,filler,50.0,no_additive,0.0,no_additive,0.0,sheets,bacteria_dominated,yes
87.0,3.0,6,3,99,1,anaerobic,all_mechanisms,25.0,soil,filler,50.0,no_additive,0.0,no_additive,0.0,sheets,bacteria_dominated,yes
95.0,3.0,6,3,99,1,anaerobic,all_mechanisms,25.0,soil,filler,50.0,no_additive,0.0,no_additive,0.0,sheets,bacteria_dominated,yes
108.0,4.0,6,3,99,1,anaerobic,all_mechanisms,25.0,soil,filler,50.0,no_additive,0.0,no_additive,0.0,sheets,bacteria_dominated,yes
116.0,5.0,6,3,99,1,anaerobic,all_mechanisms,25.0,soil,filler,50.0,no_additive,0.0,no_additive,0.0,sheets,bacteria_dominated,yes
126.0,6.0,6,3,99,1,anaerobic,all_mechanisms,25.0,soil,filler,50.0,no_additive,0.0,no_additive,0.0,sheets,bacteria_dominated,yes
136.0,7.0,6,3,99,1,anaerobic,all_mechanisms,25.0,soil,filler,50.0,no_additive,0.0,no_additive,0.0,sheets,bacteria_dominated,yes
152.0,8.0,6,3,99,1,anaerobic,all_mechanisms,25.0,soil,filler,50.0,no_additive,0.0,no_additive,0.0,sheets,bacteria_dominated,yes
164.0,9.0,6,3,99,1,anaerobic,all_mechanisms,25.0,soil,filler,50.0,no_additive,0.0,no_additive,0.0,sheets,bacteria_dominated,yes
174.0,10.0,6,3,99,1,anaerobic,all_mechanisms,25.0,soil,filler,50.0,no_additive,0.0,no_additive,0.0,sheets,bacteria_dominated,yes
185.0,11.0,6,3,99,1,anaerobic,all_mechanisms,25.0,soil,filler,50.0,no_additive,0.0,no_additive,0.0,sheets,bacteria_dominated,yes
197.0,12.0,6,3,99,1,anaerobic,all_mechanisms,25.0,soil,filler,50.0,no_additive,0.0,no_additive,0.0,sheets,bacteria_dominated,yes
207.0,12.0,6,3,99,1,anaerobic,all_mechanisms,25.0,soil,filler,50.0,no_additive,0.0,no_additive,0.0,sheets,bacteria_dominated,yes
223.0,13.0,6,3,99,1,anaerobic,all_mechanisms,25.0,soil,filler,50.0,no_additive,0.0,no_additive,0.0,sheets,bacteria_dominated,yes
231.0,14.0,6,3,99,1,anaerobic,all_mechanisms,25.0,soil,filler,50.0,no_additive,0.0,no_additive,0.0,sheets,bacteria_dominated,yes
246.0,16.0,6,3,99,1,anaerobic,all_mechanisms,25.0,soil,filler,50.0,no_additive,0.0,no_additive,0.0,sheets,bacteria_dominated,yes
260.0,17.0,6,3,99,1,anaerobic,all_mechanisms,25.0,soil,filler,50.0,no_additive,0.0,no_additive,0.0,sheets,bacteria_dominated,yes
271.0,18.0,6,3,99,1,anaerobic,all_mechanisms,25.0,soil,filler,50.0,no_additive,0.0,no_additive,0.0,sheets,bacteria_dominated,yes
285.0,20.0,6,3,99,1,anaerobic,all_mechanisms,25.0,soil,filler,50.0,no_additive,0.0,no_additive,0.0,sheets,bacteria_dominated,yes
295.0,21.0,6,3,99,1,anaerobic,all_mechanisms,25.0,soil,filler,50.0,no_additive,0.0,no_additive,0.0,sheets,bacteria_dominated,yes
306.0,22.0,6,3,99,1,anaerobic,all_mechanisms,25.0,soil,filler,50.0,no_additive,0.0,no_additive,0.0,sheets,bacteria_dominated,yes
316.0,23.0,6,3,99,1,anaerobic,all_mechanisms,25.0,soil,filler,50.0,no_additive,0.0,no_additive,0.0,sheets,bacteria_dominated,yes
333.0,24.0,6,3,99,1,anaerobic,all_mechanisms,25.0,soil,filler,50.0,no_additive,0.0,no_additive,0.0,sheets,bacteria_dominated,yes
345.0,25.0,6,3,99,1,anaerobic,all_mechanisms,25.0,soil,filler,50.0,no_additive,0.0,no_additive,0.0,sheets,bacteria_dominated,yes
354.0,26.0,6,3,99,1,anaerobic,all_mechanisms,25.0,soil,filler,50.0,no_additive,0.0,no_additive,0.0,sheets,bacteria_dominated,yes
361.0,26.0,6,3,99,1,anaerobic,all_mechanisms,25.0,soil,filler,50.0,no_additive,0.0,no_additive,0.0,sheets,bacteria_dominated,yes
69.0,1.0,6,4,99,1,anaerobic,all_mechanisms,25.0,soil,filler,50.0,no_additive,0.0,no_additive,0.0,sheets,bacteria_dominated,yes
75.0,2.0,6,4,99,1,anaerobic,all_mechanisms,25.0,soil,filler,50.0,no_additive,0.0,no_additive,0.0,sheets,bacteria_dominated,yes
80.0,2.0,6,4,99,1,anaerobic,all_mechanisms,25.0,soil,filler,50.0,no_additive,0.0,no_additive,0.0,sheets,bacteria_dominated,yes
87.0,3.0,6,4,99,1,anaerobic,all_mechanisms,25.0,soil,filler,50.0,no_additive,0.0,no_additive,0.0,sheets,bacteria_dominated,yes
94.0,4.0,6,4,99,1,anaerobic,all_mechanisms,25.0,soil,filler,50.0,no_additive,0.0,no_additive,0.0,sheets,bacteria_dominated,yes
101.0,5.0,6,4,99,1,anaerobic,all_mechanisms,25.0,soil,filler,50.0,no_additive,0.0,no_additive,0.0,sheets,bacteria_dominated,yes
112.0,6.0,6,4,99,1,anaerobic,all_mechanisms,25.0,soil,filler,50.0,no_additive,0.0,no_additive,0.0,sheets,bacteria_dominated,yes
121.0,7.0,6,4,99,1,anaerobic,all_mechanisms,25.0,soil,filler,50.0,no_additive,0.0,no_additive,0.0,sheets,bacteria_dominated,yes
129.0,8.0,6,4,99,1,anaerobic,all_mechanisms,25.0,soil,filler,50.0,no_additive,0.0,no_additive,0.0,sheets,bacteria_dominated,yes
136.0,9.0,6,4,99,1,anaerobic,all_mechanisms,25.0,soil,filler,50.0,no_additive,0.0,no_additive,0.0,sheets,bacteria_dominated,yes
144.0,9.0,6,4,99,1,anaerobic,all_mechanisms,25.0,soil,filler,50.0,no_additive,0.0,no_additive,0.0,sheets,bacteria_dominated,yes
152.0,10.0,6,4,99,1,anaerobic,all_mechanisms,25.0,soil,filler,50.0,no_additive,0.0,no_additive,0.0,sheets,bacteria_dominated,yes
164.0,12.0,6,4,99,1,anaerobic,all_mechanisms,25.0,soil,filler,50.0,no_additive,0.0,no_additive,0.0,sheets,bacteria_dominated,yes
158.0,11.0,6,4,99,1,anaerobic,all_mechanisms,25.0,soil,filler,50.0,no_additive,0.0,no_additive,0.0,sheets,bacteria_dominated,yes
174.0,12.0,6,4,99,1,anaerobic,all_mechanisms,25.0,soil,filler,50.0,no_additive,0.0,no_additive,0.0,sheets,bacteria_dominated,yes
189.0,14.0,6,4,99,1,anaerobic,all_mechanisms,25.0,soil,filler,50.0,no_additive,0.0,no_additive,0.0,sheets,bacteria_dominated,yes
184.0,14.0,6,4,99,1,anaerobic,all_mechanisms,25.0,soil,filler,50.0,no_additive,0.0,no_additive,0.0,sheets,bacteria_dominated,yes
196.0,15.0,6,4,99,1,anaerobic,all_mechanisms,25.0,soil,filler,50.0,no_additive,0.0,no_additive,0.0,sheets,bacteria_dominated,yes
204.0,16.0,6,4,99,1,anaerobic,all_mechanisms,25.0,soil,filler,50.0,no_additive,0.0,no_additive,0.0,sheets,bacteria_dominated,yes
212.0,17.0,6,4,99,1,anaerobic,all_mechanisms,25.0,soil,filler,50.0,no_additive,0.0,no_additive,0.0,sheets,bacteria_dominated,yes
219.0,18.0,6,4,99,1,anaerobic,all_mechanisms,25.0,soil,filler,50.0,no_additive,0.0,no_additive,0.0,sheets,bacteria_dominated,yes
230.0,19.0,6,4,99,1,anaerobic,all_mechanisms,25.0,soil,filler,50.0,no_additive,0.0,no_additive,0.0,sheets,bacteria_dominated,yes
238.0,20.0,6,4,99,1,anaerobic,all_mechanisms,25.0,soil,filler,50.0,no_additive,0.0,no_additive,0.0,sheets,bacteria_dominated,yes
248.0,21.0,6,4,99,1,anaerobic,all_mechanisms,25.0,soil,filler,50.0,no_additive,0.0,no_additive,0.0,sheets,bacteria_dominated,yes
257.0,22.0,6,4,99,1,anaerobic,all_mechanisms,25.0,soil,filler,50.0,no_additive,0.0,no_additive,0.0,sheets,bacteria_dominated,yes
265.0,23.0,6,4,99,1,anaerobic,all_mechanisms,25.0,soil,filler,50.0,no_additive,0.0,no_additive,0.0,sheets,bacteria_dominated,yes
275.0,24.0,6,4,99,1,anaerobic,all_mechanisms,25.0,soil,filler,50.0,no_additive,0.0,no_additive,0.0,sheets,bacteria_dominated,yes
284.0,25.0,6,4,99,1,anaerobic,all_mechanisms,25.0,soil,filler,50.0,no_additive,0.0,no_additive,0.0,sheets,bacteria_dominated,yes
290.0,26.0,6,4,99,1,anaerobic,all_mechanisms,25.0,soil,filler,50.0,no_additive,0.0,no_additive,0.0,sheets,bacteria_dominated,yes
301.0,26.0,6,4,99,1,anaerobic,all_mechanisms,25.0,soil,filler,50.0,no_additive,0.0,no_additive,0.0,sheets,bacteria_dominated,yes
309.0,27.0,6,4,99,1,anaerobic,all_mechanisms,25.0,soil,filler,50.0,no_additive,0.0,no_additive,0.0,sheets,bacteria_dominated,yes
324.0,29.0,6,4,99,1,anaerobic,all_mechanisms,25.0,soil,filler,50.0,no_additive,0.0,no_additive,0.0,sheets,bacteria_dominated,yes
336.0,30.0,6,4,99,1,anaerobic,all_mechanisms,25.0,soil,filler,50.0,no_additive,0.0,no_additive,0.0,sheets,bacteria_dominated,yes
350.0,32.0,6,4,99,1,anaerobic,all_mechanisms,25.0,soil,filler,50.0,no_additive,0.0,no_additive,0.0,sheets,bacteria_dominated,yes
359.0,32.0,6,4,99,1,anaerobic,all_mechanisms,25.0,soil,filler,50.0,no_additive,0.0,no_additive,0.0,sheets,bacteria_dominated,yes
366.0,33.0,6,4,99,1,anaerobic,all_mechanisms,25.0,soil,filler,50.0,no_additive,0.0,no_additive,0.0,sheets,bacteria_dominated,yes
21.0,12.0,7,1,97,3,aerobic,microbial_biodegradation,28.0,compost_organic_fertilizer,functional_additive,0.5,no_additive,0.0,no_additive,0.0,films,diverse_environmental,yes
28.0,12.0,7,1,97,3,aerobic,microbial_biodegradation,28.0,compost_organic_fertilizer,functional_additive,0.5,no_additive,0.0,no_additive,0.0,films,diverse_environmental,yes
35.0,15.0,7,1,97,3,aerobic,microbial_biodegradation,28.0,compost_organic_fertilizer,functional_additive,0.5,no_additive,0.0,no_additive,0.0,films,diverse_environmental,yes
42.0,15.0,7,1,97,3,aerobic,microbial_biodegradation,28.0,compost_organic_fertilizer,functional_additive,0.5,no_additive,0.0,no_additive,0.0,films,diverse_environmental,yes
49.0,18.0,7,1,97,3,aerobic,microbial_biodegradation,28.0,compost_organic_fertilizer,functional_additive,0.5,no_additive,0.0,no_additive,0.0,films,diverse_environmental,yes
56.0,24.0,7,1,97,3,aerobic,microbial_biodegradation,28.0,compost_organic_fertilizer,functional_additive,0.5,no_additive,0.0,no_additive,0.0,films,diverse_environmental,yes
60.0,26.0,7,1,97,3,aerobic,microbial_biodegradation,28.0,compost_organic_fertilizer,functional_additive,0.5,no_additive,0.0,no_additive,0.0,films,diverse_environmental,yes
63.0,29.0,7,1,97,3,aerobic,microbial_biodegradation,28.0,compost_organic_fertilizer,functional_additive,0.5,no_additive,0.0,no_additive,0.0,films,diverse_environmental,yes
71.0,34.0,7,1,97,3,aerobic,microbial_biodegradation,28.0,compost_organic_fertilizer,functional_additive,0.5,no_additive,0.0,no_additive,0.0,films,diverse_environmental,yes
77.0,42.0,7,1,97,3,aerobic,microbial_biodegradation,28.0,compost_organic_fertilizer,functional_additive,0.5,no_additive,0.0,no_additive,0.0,films,diverse_environmental,yes
84.0,50.0,7,1,97,3,aerobic,microbial_biodegradation,28.0,compost_organic_fertilizer,functional_additive,0.5,no_additive,0.0,no_additive,0.0,films,diverse_environmental,yes
91.0,58.0,7,1,97,3,aerobic,microbial_biodegradation,28.0,compost_organic_fertilizer,functional_additive,0.5,no_additive,0.0,no_additive,0.0,films,diverse_environmental,yes
99.0,70.0,7,1,97,3,aerobic,microbial_biodegradation,28.0,compost_organic_fertilizer,functional_additive,0.5,no_additive,0.0,no_additive,0.0,films,diverse_environmental,yes
105.0,75.0,7,1,97,3,aerobic,microbial_biodegradation,28.0,compost_organic_fertilizer,functional_additive,0.5,no_additive,0.0,no_additive,0.0,films,diverse_environmental,yes
112.0,83.0,7,1,97,3,aerobic,microbial_biodegradation,28.0,compost_organic_fertilizer,functional_additive,0.5,no_additive,0.0,no_additive,0.0,films,diverse_environmental,yes
119.0,90.0,7,1,97,3,aerobic,microbial_biodegradation,28.0,compost_organic_fertilizer,functional_additive,0.5,no_additive,0.0,no_additive,0.0,films,diverse_environmental,yes
127.0,97.0,7,1,97,3,aerobic,microbial_biodegradation,28.0,compost_organic_fertilizer,functional_additive,0.5,no_additive,0.0,no_additive,0.0,films,diverse_environmental,yes
15.0,11.0,7,2,97,3,aerobic,microbial_biodegradation,28.0,compost_organic_fertilizer,functional_additive,0.5,stabilizer,1.0,no_additive,0.0,films,diverse_environmental,yes
22.0,11.0,7,2,97,3,aerobic,microbial_biodegradation,28.0,compost_organic_fertilizer,functional_additive,0.5,stabilizer,1.0,no_additive,0.0,films,diverse_environmental,yes
29.0,11.0,7,2,97,3,aerobic,microbial_biodegradation,28.0,compost_organic_fertilizer,functional_additive,0.5,stabilizer,1.0,no_additive,0.0,films,diverse_environmental,yes
35.0,14.0,7,2,97,3,aerobic,microbial_biodegradation,28.0,compost_organic_fertilizer,functional_additive,0.5,stabilizer,1.0,no_additive,0.0,films,diverse_environmental,yes
42.0,15.0,7,2,97,3,aerobic,microbial_biodegradation,28.0,compost_organic_fertilizer,functional_additive,0.5,stabilizer,1.0,no_additive,0.0,films,diverse_environmental,yes
50.0,19.0,7,2,97,3,aerobic,microbial_biodegradation,28.0,compost_organic_fertilizer,functional_additive,0.5,stabilizer,1.0,no_additive,0.0,films,diverse_environmental,yes
56.0,22.0,7,2,97,3,aerobic,microbial_biodegradation,28.0,compost_organic_fertilizer,functional_additive,0.5,stabilizer,1.0,no_additive,0.0,films,diverse_environmental,yes
59.0,24.0,7,2,97,3,aerobic,microbial_biodegradation,28.0,compost_organic_fertilizer,functional_additive,0.5,stabilizer,1.0,no_additive,0.0,films,diverse_environmental,yes
62.0,26.0,7,2,97,3,aerobic,microbial_biodegradation,28.0,compost_organic_fertilizer,functional_additive,0.5,stabilizer,1.0,no_additive,0.0,films,diverse_environmental,yes
71.0,32.0,7,2,97,3,aerobic,microbial_biodegradation,28.0,compost_organic_fertilizer,functional_additive,0.5,stabilizer,1.0,no_additive,0.0,films,diverse_environmental,yes
77.0,39.0,7,2,97,3,aerobic,microbial_biodegradation,28.0,compost_organic_fertilizer,functional_additive,0.5,stabilizer,1.0,no_additive,0.0,films,diverse_environmental,yes
85.0,46.0,7,2,97,3,aerobic,microbial_biodegradation,28.0,compost_organic_fertilizer,functional_additive,0.5,stabilizer,1.0,no_additive,0.0,films,diverse_environmental,yes
91.0,54.0,7,2,97,3,aerobic,microbial_biodegradation,28.0,compost_organic_fertilizer,functional_additive,0.5,stabilizer,1.0,no_additive,0.0,films,diverse_environmental,yes
98.0,64.0,7,2,97,3,aerobic,microbial_biodegradation,28.0,compost_organic_fertilizer,functional_additive,0.5,stabilizer,1.0,no_additive,0.0,films,diverse_environmental,yes
104.0,69.0,7,2,97,3,aerobic,microbial_biodegradation,28.0,compost_organic_fertilizer,functional_additive,0.5,stabilizer,1.0,no_additive,0.0,films,diverse_environmental,yes
113.0,74.0,7,2,97,3,aerobic,microbial_biodegradation,28.0,compost_organic_fertilizer,functional_additive,0.5,stabilizer,1.0,no_additive,0.0,films,diverse_environmental,yes
118.0,79.0,7,2,97,3,aerobic,microbial_biodegradation,28.0,compost_organic_fertilizer,functional_additive,0.5,stabilizer,1.0,no_additive,0.0,films,diverse_environmental,yes
126.0,84.0,7,2,97,3,aerobic,microbial_biodegradation,28.0,compost_organic_fertilizer,functional_additive,0.5,stabilizer,1.0,no_additive,0.0,films,diverse_environmental,yes
132.0,89.0,7,2,97,3,aerobic,microbial_biodegradation,28.0,compost_organic_fertilizer,functional_additive,0.5,stabilizer,1.0,no_additive,0.0,films,diverse_environmental,yes
140.0,93.0,7,2,97,3,aerobic,microbial_biodegradation,28.0,compost_organic_fertilizer,functional_additive,0.5,stabilizer,1.0,no_additive,0.0,films,diverse_environmental,yes
147.0,98.0,7,2,97,3,aerobic,microbial_biodegradation,28.0,compost_organic_fertilizer,functional_additive,0.5,stabilizer,1.0,no_additive,0.0,films,diverse_environmental,yes
14.0,9.0,7,3,97,3,aerobic,microbial_biodegradation,28.0,compost_organic_fertilizer,functional_additive,0.5,stabilizer,1.0,no_additive,0.0,films,diverse_environmental,yes
20.0,8.0,7,3,97,3,aerobic,microbial_biodegradation,28.0,compost_organic_fertilizer,functional_additive,0.5,stabilizer,1.0,no_additive,0.0,films,diverse_environmental,yes
29.0,9.0,7,3,97,3,aerobic,microbial_biodegradation,28.0,compost_organic_fertilizer,functional_additive,0.5,stabilizer,1.0,no_additive,0.0,films,diverse_environmental,yes
35.0,9.0,7,3,97,3,aerobic,microbial_biodegradation,28.0,compost_organic_fertilizer,functional_additive,0.5,stabilizer,1.0,no_additive,0.0,films,diverse_environmental,yes
42.0,10.0,7,3,97,3,aerobic,microbial_biodegradation,28.0,compost_organic_fertilizer,functional_additive,0.5,stabilizer,1.0,no_additive,0.0,films,diverse_environmental,yes
49.0,12.0,7,3,97,3,aerobic,microbial_biodegradation,28.0,compost_organic_fertilizer,functional_additive,0.5,stabilizer,1.0,no_additive,0.0,films,diverse_environmental,yes
56.0,14.0,7,3,97,3,aerobic,microbial_biodegradation,28.0,compost_organic_fertilizer,functional_additive,0.5,stabilizer,1.0,no_additive,0.0,films,diverse_environmental,yes
59.0,15.0,7,3,97,3,aerobic,microbial_biodegradation,28.0,compost_organic_fertilizer,functional_additive,0.5,stabilizer,1.0,no_additive,0.0,films,diverse_environmental,yes
62.0,18.0,7,3,97,3,aerobic,microbial_biodegradation,28.0,compost_organic_fertilizer,functional_additive,0.5,stabilizer,1.0,no_additive,0.0,films,diverse_environmental,yes
70.0,22.0,7,3,97,3,aerobic,microbial_biodegradation,28.0,compost_organic_fertilizer,functional_additive,0.5,stabilizer,1.0,no_additive,0.0,films,diverse_environmental,yes
77.0,27.0,7,3,97,3,aerobic,microbial_biodegradation,28.0,compost_organic_fertilizer,functional_additive,0.5,stabilizer,1.0,no_additive,0.0,films,diverse_environmental,yes
84.0,34.0,7,3,97,3,aerobic,microbial_biodegradation,28.0,compost_organic_fertilizer,functional_additive,0.5,stabilizer,1.0,no_additive,0.0,films,diverse_environmental,yes
91.0,42.0,7,3,97,3,aerobic,microbial_biodegradation,28.0,compost_organic_fertilizer,functional_additive,0.5,stabilizer,1.0,no_additive,0.0,films,diverse_environmental,yes
98.0,50.0,7,3,97,3,aerobic,microbial_biodegradation,28.0,compost_organic_fertilizer,functional_additive,0.5,stabilizer,1.0,no_additive,0.0,films,diverse_environmental,yes
105.0,54.0,7,3,97,3,aerobic,microbial_biodegradation,28.0,compost_organic_fertilizer,functional_additive,0.5,stabilizer,1.0,no_additive,0.0,films,diverse_environmental,yes
111.0,60.0,7,3,97,3,aerobic,microbial_biodegradation,28.0,compost_organic_fertilizer,functional_additive,0.5,stabilizer,1.0,no_additive,0.0,films,diverse_environmental,yes
118.0,67.0,7,3,97,3,aerobic,microbial_biodegradation,28.0,compost_organic_fertilizer,functional_additive,0.5,stabilizer,1.0,no_additive,0.0,films,diverse_environmental,yes
127.0,71.0,7,3,97,3,aerobic,microbial_biodegradation,28.0,compost_organic_fertilizer,functional_additive,0.5,stabilizer,1.0,no_additive,0.0,films,diverse_environmental,yes
134.0,78.0,7,3,97,3,aerobic,microbial_biodegradation,28.0,compost_organic_fertilizer,functional_additive,0.5,stabilizer,1.0,no_additive,0.0,films,diverse_environmental,yes
139.0,83.0,7,3,97,3,aerobic,microbial_biodegradation,28.0,compost_organic_fertilizer,functional_additive,0.5,stabilizer,1.0,no_additive,0.0,films,diverse_environmental,yes
147.0,88.0,7,3,97,3,aerobic,microbial_biodegradation,28.0,compost_organic_fertilizer,functional_additive,0.5,stabilizer,1.0,no_additive,0.0,films,diverse_environmental,yes
154.0,94.0,7,3,97,3,aerobic,microbial_biodegradation,28.0,compost_organic_fertilizer,functional_additive,0.5,stabilizer,1.0,no_additive,0.0,films,diverse_environmental,yes
161.0,99.0,7,3,97,3,aerobic,microbial_biodegradation,28.0,compost_organic_fertilizer,functional_additive,0.5,stabilizer,1.0,no_additive,0.0,films,diverse_environmental,yes
1.0,2.0,15,1,97,3,aerobic,surface_erosion_driven_biodegradation,58.0,compost_organic_fertilizer,no_additive,0.0,no_additive,0.0,no_additive,0.0,films,bacteria_fungi_mixed,no
1.0,12.0,15,1,97,3,aerobic,surface_erosion_driven_biodegradation,58.0,compost_organic_fertilizer,no_additive,0.0,no_additive,0.0,no_additive,0.0,films,bacteria_fungi_mixed,no
1.0,16.0,15,1,97,3,aerobic,surface_erosion_driven_biodegradation,58.0,compost_organic_fertilizer,no_additive,0.0,no_additive,0.0,no_additive,0.0,films,bacteria_fungi_mixed,no
2.0,23.0,15,1,97,3,aerobic,surface_erosion_driven_biodegradation,58.0,compost_organic_fertilizer,no_additive,0.0,no_additive,0.0,no_additive,0.0,films,bacteria_fungi_mixed,no
3.0,27.0,15,1,97,3,aerobic,surface_erosion_driven_biodegradation,58.0,compost_organic_fertilizer,no_additive,0.0,no_additive,0.0,no_additive,0.0,films,bacteria_fungi_mixed,no
3.0,33.0,15,1,97,3,aerobic,surface_erosion_driven_biodegradation,58.0,compost_organic_fertilizer,no_additive,0.0,no_additive,0.0,no_additive,0.0,films,bacteria_fungi_mixed,no
4.0,38.0,15,1,97,3,aerobic,surface_erosion_driven_biodegradation,58.0,compost_organic_fertilizer,no_additive,0.0,no_additive,0.0,no_additive,0.0,films,bacteria_fungi_mixed,no
6.0,43.0,15,1,97,3,aerobic,surface_erosion_driven_biodegradation,58.0,compost_organic_fertilizer,no_additive,0.0,no_additive,0.0,no_additive,0.0,films,bacteria_fungi_mixed,no
7.0,45.0,15,1,97,3,aerobic,surface_erosion_driven_biodegradation,58.0,compost_organic_fertilizer,no_additive,0.0,no_additive,0.0,no_additive,0.0,films,bacteria_fungi_mixed,no
7.0,47.0,15,1,97,3,aerobic,surface_erosion_driven_biodegradation,58.0,compost_organic_fertilizer,no_additive,0.0,no_additive,0.0,no_additive,0.0,films,bacteria_fungi_mixed,no
8.0,50.0,15,1,97,3,aerobic,surface_erosion_driven_biodegradation,58.0,compost_organic_fertilizer,no_additive,0.0,no_additive,0.0,no_additive,0.0,films,bacteria_fungi_mixed,no
8.0,51.0,15,1,97,3,aerobic,surface_erosion_driven_biodegradation,58.0,compost_organic_fertilizer,no_additive,0.0,no_additive,0.0,no_additive,0.0,films,bacteria_fungi_mixed,no
9.0,55.0,15,1,97,3,aerobic,surface_erosion_driven_biodegradation,58.0,compost_organic_fertilizer,no_additive,0.0,no_additive,0.0,no_additive,0.0,films,bacteria_fungi_mixed,no
10.0,57.0,15,1,97,3,aerobic,surface_erosion_driven_biodegradation,58.0,compost_organic_fertilizer,no_additive,0.0,no_additive,0.0,no_additive,0.0,films,bacteria_fungi_mixed,no
11.0,63.0,15,1,97,3,aerobic,surface_erosion_driven_biodegradation,58.0,compost_organic_fertilizer,no_additive,0.0,no_additive,0.0,no_additive,0.0,films,bacteria_fungi_mixed,no
12.0,65.0,15,1,97,3,aerobic,surface_erosion_driven_biodegradation,58.0,compost_organic_fertilizer,no_additive,0.0,no_additive,0.0,no_additive,0.0,films,bacteria_fungi_mixed,no
13.0,68.0,15,1,97,3,aerobic,surface_erosion_driven_biodegradation,58.0,compost_organic_fertilizer,no_additive,0.0,no_additive,0.0,no_additive,0.0,films,bacteria_fungi_mixed,no
13.0,69.0,15,1,97,3,aerobic,surface_erosion_driven_biodegradation,58.0,compost_organic_fertilizer,no_additive,0.0,no_additive,0.0,no_additive,0.0,films,bacteria_fungi_mixed,no
14.0,70.0,15,1,97,3,aerobic,surface_erosion_driven_biodegradation,58.0,compost_organic_fertilizer,no_additive,0.0,no_additive,0.0,no_additive,0.0,films,bacteria_fungi_mixed,no
15.0,73.0,15,1,97,3,aerobic,surface_erosion_driven_biodegradation,58.0,compost_organic_fertilizer,no_additive,0.0,no_additive,0.0,no_additive,0.0,films,bacteria_fungi_mixed,no
16.0,75.0,15,1,97,3,aerobic,surface_erosion_driven_biodegradation,58.0,compost_organic_fertilizer,no_additive,0.0,no_additive,0.0,no_additive,0.0,films,bacteria_fungi_mixed,no
17.0,77.0,15,1,97,3,aerobic,surface_erosion_driven_biodegradation,58.0,compost_organic_fertilizer,no_additive,0.0,no_additive,0.0,no_additive,0.0,films,bacteria_fungi_mixed,no
19.0,81.0,15,1,97,3,aerobic,surface_erosion_driven_biodegradation,58.0,compost_organic_fertilizer,no_additive,0.0,no_additive,0.0,no_additive,0.0,films,bacteria_fungi_mixed,no
20.0,83.0,15,1,97,3,aerobic,surface_erosion_driven_biodegradation,58.0,compost_organic_fertilizer,no_additive,0.0,no_additive,0.0,no_additive,0.0,films,bacteria_fungi_mixed,no
21.0,83.0,15,1,97,3,aerobic,surface_erosion_driven_biodegradation,58.0,compost_organic_fertilizer,no_additive,0.0,no_additive,0.0,no_additive,0.0,films,bacteria_fungi_mixed,no
23.0,88.0,15,1,97,3,aerobic,surface_erosion_driven_biodegradation,58.0,compost_organic_fertilizer,no_additive,0.0,no_additive,0.0,no_additive,0.0,films,bacteria_fungi_mixed,no
25.0,87.0,15,1,97,3,aerobic,surface_erosion_driven_biodegradation,58.0,compost_organic_fertilizer,no_additive,0.0,no_additive,0.0,no_additive,0.0,films,bacteria_fungi_mixed,no
27.0,88.0,15,1,97,3,aerobic,surface_erosion_driven_biodegradation,58.0,compost_organic_fertilizer,no_additive,0.0,no_additive,0.0,no_additive,0.0,films,bacteria_fungi_mixed,no
28.0,89.0,15,1,97,3,aerobic,surface_erosion_driven_biodegradation,58.0,compost_organic_fertilizer,no_additive,0.0,no_additive,0.0,no_additive,0.0,films,bacteria_fungi_mixed,no
30.0,89.0,15,1,97,3,aerobic,surface_erosion_driven_biodegradation,58.0,compost_organic_fertilizer,no_additive,0.0,no_additive,0.0,no_additive,0.0,films,bacteria_fungi_mixed,no
31.0,91.0,15,1,97,3,aerobic,surface_erosion_driven_biodegradation,58.0,compost_organic_fertilizer,no_additive,0.0,no_additive,0.0,no_additive,0.0,films,bacteria_fungi_mixed,no
33.0,92.0,15,1,97,3,aerobic,surface_erosion_driven_biodegradation,58.0,compost_organic_fertilizer,no_additive,0.0,no_additive,0.0,no_additive,0.0,films,bacteria_fungi_mixed,no
35.0,93.0,15,1,97,3,aerobic,surface_erosion_driven_biodegradation,58.0,compost_organic_fertilizer,no_additive,0.0,no_additive,0.0,no_additive,0.0,films,bacteria_fungi_mixed,no
36.0,94.0,15,1,97,3,aerobic,surface_erosion_driven_biodegradation,58.0,compost_organic_fertilizer,no_additive,0.0,no_additive,0.0,no_additive,0.0,films,bacteria_fungi_mixed,no
39.0,95.0,15,1,97,3,aerobic,surface_erosion_driven_biodegradation,58.0,compost_organic_fertilizer,no_additive,0.0,no_additive,0.0,no_additive,0.0,films,bacteria_fungi_mixed,no
50.0,97.0,15,1,97,3,aerobic,surface_erosion_driven_biodegradation,58.0,compost_organic_fertilizer,no_additive,0.0,no_additive,0.0,no_additive,0.0,films,bacteria_fungi_mixed,no
52.0,97.0,15,1,97,3,aerobic,surface_erosion_driven_biodegradation,58.0,compost_organic_fertilizer,no_additive,0.0,no_additive,0.0,no_additive,0.0,films,bacteria_fungi_mixed,no
54.0,98.0,15,1,97,3,aerobic,surface_erosion_driven_biodegradation,58.0,compost_organic_fertilizer,no_additive,0.0,no_additive,0.0,no_additive,0.0,films,bacteria_fungi_mixed,no
56.0,97.0,15,1,97,3,aerobic,surface_erosion_driven_biodegradation,58.0,compost_organic_fertilizer,no_additive,0.0,no_additive,0.0,no_additive,0.0,films,bacteria_fungi_mixed,no
57.0,98.0,15,1,97,3,aerobic,surface_erosion_driven_biodegradation,58.0,compost_organic_fertilizer,no_additive,0.0,no_additive,0.0,no_additive,0.0,films,bacteria_fungi_mixed,no
60.0,98.0,15,1,97,3,aerobic,surface_erosion_driven_biodegradation,58.0,compost_organic_fertilizer,no_additive,0.0,no_additive,0.0,no_additive,0.0,films,bacteria_fungi_mixed,no
62.0,99.0,15,1,97,3,aerobic,surface_erosion_driven_biodegradation,58.0,compost_organic_fertilizer,no_additive,0.0,no_additive,0.0,no_additive,0.0,films,bacteria_fungi_mixed,no
64.0,98.0,15,1,97,3,aerobic,surface_erosion_driven_biodegradation,58.0,compost_organic_fertilizer,no_additive,0.0,no_additive,0.0,no_additive,0.0,films,bacteria_fungi_mixed,no
66.0,98.0,15,1,97,3,aerobic,surface_erosion_driven_biodegradation,58.0,compost_organic_fertilizer,no_additive,0.0,no_additive,0.0,no_additive,0.0,films,bacteria_fungi_mixed,no
69.0,98.0,15,1,97,3,aerobic,surface_erosion_driven_biodegradation,58.0,compost_organic_fertilizer,no_additive,0.0,no_additive,0.0,no_additive,0.0,films,bacteria_fungi_mixed,no
71.0,98.0,15,1,97,3,aerobic,surface_erosion_driven_biodegradation,58.0,compost_organic_fertilizer,no_additive,0.0,no_additive,0.0,no_additive,0.0,films,bacteria_fungi_mixed,no
73.0,98.0,15,1,97,3,aerobic,surface_erosion_driven_biodegradation,58.0,compost_organic_fertilizer,no_additive,0.0,no_additive,0.0,no_additive,0.0,films,bacteria_fungi_mixed,no
76.0,98.0,15,1,97,3,aerobic,surface_erosion_driven_biodegradation,58.0,compost_organic_fertilizer,no_additive,0.0,no_additive,0.0,no_additive,0.0,films,bacteria_fungi_mixed,no
78.0,99.0,15,1,97,3,aerobic,surface_erosion_driven_biodegradation,58.0,compost_organic_fertilizer,no_additive,0.0,no_additive,0.0,no_additive,0.0,films,bacteria_fungi_mixed,no
81.0,99.0,15,1,97,3,aerobic,surface_erosion_driven_biodegradation,58.0,compost_organic_fertilizer,no_additive,0.0,no_additive,0.0,no_additive,0.0,films,bacteria_fungi_mixed,no
84.0,99.0,15,1,97,3,aerobic,surface_erosion_driven_biodegradation,58.0,compost_organic_fertilizer,no_additive,0.0,no_additive,0.0,no_additive,0.0,films,bacteria_fungi_mixed,no
86.0,99.0,15,1,97,3,aerobic,surface_erosion_driven_biodegradation,58.0,compost_organic_fertilizer,no_additive,0.0,no_additive,0.0,no_additive,0.0,films,bacteria_fungi_mixed,no
89.0,99.0,15,1,97,3,aerobic,surface_erosion_driven_biodegradation,58.0,compost_organic_fertilizer,no_additive,0.0,no_additive,0.0,no_additive,0.0,films,bacteria_fungi_mixed,no
1.0,7.0,15,2,97,3,aerobic,surface_erosion_driven_biodegradation,58.0,compost_organic_fertilizer,filler,15.0,no_additive,0.0,no_additive,0.0,films,bacteria_fungi_mixed,yes
1.0,10.0,15,2,97,3,aerobic,surface_erosion_driven_biodegradation,58.0,compost_organic_fertilizer,filler,15.0,no_additive,0.0,no_additive,0.0,films,bacteria_fungi_mixed,yes
2.0,21.0,15,2,97,3,aerobic,surface_erosion_driven_biodegradation,58.0,compost_organic_fertilizer,filler,15.0,no_additive,0.0,no_additive,0.0,films,bacteria_fungi_mixed,yes
2.0,24.0,15,2,97,3,aerobic,surface_erosion_driven_biodegradation,58.0,compost_organic_fertilizer,filler,15.0,no_additive,0.0,no_additive,0.0,films,bacteria_fungi_mixed,yes
3.0,27.0,15,2,97,3,aerobic,surface_erosion_driven_biodegradation,58.0,compost_organic_fertilizer,filler,15.0,no_additive,0.0,no_additive,0.0,films,bacteria_fungi_mixed,yes
3.0,30.0,15,2,97,3,aerobic,surface_erosion_driven_biodegradation,58.0,compost_organic_fertilizer,filler,15.0,no_additive,0.0,no_additive,0.0,films,bacteria_fungi_mixed,yes
3.0,33.0,15,2,97,3,aerobic,surface_erosion_driven_biodegradation,58.0,compost_organic_fertilizer,filler,15.0,no_additive,0.0,no_additive,0.0,films,bacteria_fungi_mixed,yes
4.0,36.0,15,2,97,3,aerobic,surface_erosion_driven_biodegradation,58.0,compost_organic_fertilizer,filler,15.0,no_additive,0.0,no_additive,0.0,films,bacteria_fungi_mixed,yes
4.0,37.0,15,2,97,3,aerobic,surface_erosion_driven_biodegradation,58.0,compost_organic_fertilizer,filler,15.0,no_additive,0.0,no_additive,0.0,films,bacteria_fungi_mixed,yes
5.0,40.0,15,2,97,3,aerobic,surface_erosion_driven_biodegradation,58.0,compost_organic_fertilizer,filler,15.0,no_additive,0.0,no_additive,0.0,films,bacteria_fungi_mixed,yes
5.0,42.0,15,2,97,3,aerobic,surface_erosion_driven_biodegradation,58.0,compost_organic_fertilizer,filler,15.0,no_additive,0.0,no_additive,0.0,films,bacteria_fungi_mixed,yes
6.0,43.0,15,2,97,3,aerobic,surface_erosion_driven_biodegradation,58.0,compost_organic_fertilizer,filler,15.0,no_additive,0.0,no_additive,0.0,films,bacteria_fungi_mixed,yes
6.0,46.0,15,2,97,3,aerobic,surface_erosion_driven_biodegradation,58.0,compost_organic_fertilizer,filler,15.0,no_additive,0.0,no_additive,0.0,films,bacteria_fungi_mixed,yes
7.0,49.0,15,2,97,3,aerobic,surface_erosion_driven_biodegradation,58.0,compost_organic_fertilizer,filler,15.0,no_additive,0.0,no_additive,0.0,films,bacteria_fungi_mixed,yes
8.0,52.0,15,2,97,3,aerobic,surface_erosion_driven_biodegradation,58.0,compost_organic_fertilizer,filler,15.0,no_additive,0.0,no_additive,0.0,films,bacteria_fungi_mixed,yes
9.0,54.0,15,2,97,3,aerobic,surface_erosion_driven_biodegradation,58.0,compost_organic_fertilizer,filler,15.0,no_additive,0.0,no_additive,0.0,films,bacteria_fungi_mixed,yes
10.0,58.0,15,2,97,3,aerobic,surface_erosion_driven_biodegradation,58.0,compost_organic_fertilizer,filler,15.0,no_additive,0.0,no_additive,0.0,films,bacteria_fungi_mixed,yes
12.0,62.0,15,2,97,3,aerobic,surface_erosion_driven_biodegradation,58.0,compost_organic_fertilizer,filler,15.0,no_additive,0.0,no_additive,0.0,films,bacteria_fungi_mixed,yes
13.0,65.0,15,2,97,3,aerobic,surface_erosion_driven_biodegradation,58.0,compost_organic_fertilizer,filler,15.0,no_additive,0.0,no_additive,0.0,films,bacteria_fungi_mixed,yes
14.0,67.0,15,2,97,3,aerobic,surface_erosion_driven_biodegradation,58.0,compost_organic_fertilizer,filler,15.0,no_additive,0.0,no_additive,0.0,films,bacteria_fungi_mixed,yes
16.0,72.0,15,2,97,3,aerobic,surface_erosion_driven_biodegradation,58.0,compost_organic_fertilizer,filler,15.0,no_additive,0.0,no_additive,0.0,films,bacteria_fungi_mixed,yes
18.0,76.0,15,2,97,3,aerobic,surface_erosion_driven_biodegradation,58.0,compost_organic_fertilizer,filler,15.0,no_additive,0.0,no_additive,0.0,films,bacteria_fungi_mixed,yes
19.0,78.0,15,2,97,3,aerobic,surface_erosion_driven_biodegradation,58.0,compost_organic_fertilizer,filler,15.0,no_additive,0.0,no_additive,0.0,films,bacteria_fungi_mixed,yes
20.0,80.0,15,2,97,3,aerobic,surface_erosion_driven_biodegradation,58.0,compost_organic_fertilizer,filler,15.0,no_additive,0.0,no_additive,0.0,films,bacteria_fungi_mixed,yes
22.0,81.0,15,2,97,3,aerobic,surface_erosion_driven_biodegradation,58.0,compost_organic_fertilizer,filler,15.0,no_additive,0.0,no_additive,0.0,films,bacteria_fungi_mixed,yes
24.0,82.0,15,2,97,3,aerobic,surface_erosion_driven_biodegradation,58.0,compost_organic_fertilizer,filler,15.0,no_additive,0.0,no_additive,0.0,films,bacteria_fungi_mixed,yes
25.0,82.0,15,2,97,3,aerobic,surface_erosion_driven_biodegradation,58.0,compost_organic_fertilizer,filler,15.0,no_additive,0.0,no_additive,0.0,films,bacteria_fungi_mixed,yes
27.0,84.0,15,2,97,3,aerobic,surface_erosion_driven_biodegradation,58.0,compost_organic_fertilizer,filler,15.0,no_additive,0.0,no_additive,0.0,films,bacteria_fungi_mixed,yes
29.0,85.0,15,2,97,3,aerobic,surface_erosion_driven_biodegradation,58.0,compost_organic_fertilizer,filler,15.0,no_additive,0.0,no_additive,0.0,films,bacteria_fungi_mixed,yes
30.0,87.0,15,2,97,3,aerobic,surface_erosion_driven_biodegradation,58.0,compost_organic_fertilizer,filler,15.0,no_additive,0.0,no_additive,0.0,films,bacteria_fungi_mixed,yes
32.0,88.0,15,2,97,3,aerobic,surface_erosion_driven_biodegradation,58.0,compost_organic_fertilizer,filler,15.0,no_additive,0.0,no_additive,0.0,films,bacteria_fungi_mixed,yes
34.0,89.0,15,2,97,3,aerobic,surface_erosion_driven_biodegradation,58.0,compost_organic_fertilizer,filler,15.0,no_additive,0.0,no_additive,0.0,films,bacteria_fungi_mixed,yes
36.0,91.0,15,2,97,3,aerobic,surface_erosion_driven_biodegradation,58.0,compost_organic_fertilizer,filler,15.0,no_additive,0.0,no_additive,0.0,films,bacteria_fungi_mixed,yes
36.0,91.0,15,2,97,3,aerobic,surface_erosion_driven_biodegradation,58.0,compost_organic_fertilizer,filler,15.0,no_additive,0.0,no_additive,0.0,films,bacteria_fungi_mixed,yes
38.0,92.0,15,2,97,3,aerobic,surface_erosion_driven_biodegradation,58.0,compost_organic_fertilizer,filler,15.0,no_additive,0.0,no_additive,0.0,films,bacteria_fungi_mixed,yes
39.0,93.0,15,2,97,3,aerobic,surface_erosion_driven_biodegradation,58.0,compost_organic_fertilizer,filler,15.0,no_additive,0.0,no_additive,0.0,films,bacteria_fungi_mixed,yes
41.0,94.0,15,2,97,3,aerobic,surface_erosion_driven_biodegradation,58.0,compost_organic_fertilizer,filler,15.0,no_additive,0.0,no_additive,0.0,films,bacteria_fungi_mixed,yes
42.0,94.0,15,2,97,3,aerobic,surface_erosion_driven_biodegradation,58.0,compost_organic_fertilizer,filler,15.0,no_additive,0.0,no_additive,0.0,films,bacteria_fungi_mixed,yes
43.0,96.0,15,2,97,3,aerobic,surface_erosion_driven_biodegradation,58.0,compost_organic_fertilizer,filler,15.0,no_additive,0.0,no_additive,0.0,films,bacteria_fungi_mixed,yes
43.0,96.0,15,2,97,3,aerobic,surface_erosion_driven_biodegradation,58.0,compost_organic_fertilizer,filler,15.0,no_additive,0.0,no_additive,0.0,films,bacteria_fungi_mixed,yes
44.0,97.0,15,2,97,3,aerobic,surface_erosion_driven_biodegradation,58.0,compost_organic_fertilizer,filler,15.0,no_additive,0.0,no_additive,0.0,films,bacteria_fungi_mixed,yes
46.0,97.0,15,2,97,3,aerobic,surface_erosion_driven_biodegradation,58.0,compost_organic_fertilizer,filler,15.0,no_additive,0.0,no_additive,0.0,films,bacteria_fungi_mixed,yes
48.0,98.0,15,2,97,3,aerobic,surface_erosion_driven_biodegradation,58.0,compost_organic_fertilizer,filler,15.0,no_additive,0.0,no_additive,0.0,films,bacteria_fungi_mixed,yes
50.0,99.0,15,2,97,3,aerobic,surface_erosion_driven_biodegradation,58.0,compost_organic_fertilizer,filler,15.0,no_additive,0.0,no_additive,0.0,films,bacteria_fungi_mixed,yes
52.0,99.0,15,2,97,3,aerobic,surface_erosion_driven_biodegradation,58.0,compost_organic_fertilizer,filler,15.0,no_additive,0.0,no_additive,0.0,films,bacteria_fungi_mixed,yes
54.0,100.0,15,2,97,3,aerobic,surface_erosion_driven_biodegradation,58.0,compost_organic_fertilizer,filler,15.0,no_additive,0.0,no_additive,0.0,films,bacteria_fungi_mixed,yes
56.0,99.0,15,2,97,3,aerobic,surface_erosion_driven_biodegradation,58.0,compost_organic_fertilizer,filler,15.0,no_additive,0.0,no_additive,0.0,films,bacteria_fungi_mixed,yes
58.0,100.0,15,2,97,3,aerobic,surface_erosion_driven_biodegradation,58.0,compost_organic_fertilizer,filler,15.0,no_additive,0.0,no_additive,0.0,films,bacteria_fungi_mixed,yes
60.0,100.0,15,2,97,3,aerobic,surface_erosion_driven_biodegradation,58.0,compost_organic_fertilizer,filler,15.0,no_additive,0.0,no_additive,0.0,films,bacteria_fungi_mixed,yes
62.0,100.0,15,2,97,3,aerobic,surface_erosion_driven_biodegradation,58.0,compost_organic_fertilizer,filler,15.0,no_additive,0.0,no_additive,0.0,films,bacteria_fungi_mixed,yes
64.0,100.0,15,2,97,3,aerobic,surface_erosion_driven_biodegradation,58.0,compost_organic_fertilizer,filler,15.0,no_additive,0.0,no_additive,0.0,films,bacteria_fungi_mixed,yes
66.0,100.0,15,2,97,3,aerobic,surface_erosion_driven_biodegradation,58.0,compost_organic_fertilizer,filler,15.0,no_additive,0.0,no_additive,0.0,films,bacteria_fungi_mixed,yes
68.0,99.0,15,2,97,3,aerobic,surface_erosion_driven_biodegradation,58.0,compost_organic_fertilizer,filler,15.0,no_additive,0.0,no_additive,0.0,films,bacteria_fungi_mixed,yes
68.0,99.0,15,2,97,3,aerobic,surface_erosion_driven_biodegradation,58.0,compost_organic_fertilizer,filler,15.0,no_additive,0.0,no_additive,0.0,films,bacteria_fungi_mixed,yes
69.0,99.0,15,2,97,3,aerobic,surface_erosion_driven_biodegradation,58.0,compost_organic_fertilizer,filler,15.0,no_additive,0.0,no_additive,0.0,films,bacteria_fungi_mixed,yes
71.0,99.0,15,2,97,3,aerobic,surface_erosion_driven_biodegradation,58.0,compost_organic_fertilizer,filler,15.0,no_additive,0.0,no_additive,0.0,films,bacteria_fungi_mixed,yes
73.0,99.0,15,2,97,3,aerobic,surface_erosion_driven_biodegradation,58.0,compost_organic_fertilizer,filler,15.0,no_additive,0.0,no_additive,0.0,films,bacteria_fungi_mixed,yes
75.0,100.0,15,2,97,3,aerobic,surface_erosion_driven_biodegradation,58.0,compost_organic_fertilizer,filler,15.0,no_additive,0.0,no_additive,0.0,films,bacteria_fungi_mixed,yes
77.0,99.0,15,2,97,3,aerobic,surface_erosion_driven_biodegradation,58.0,compost_organic_fertilizer,filler,15.0,no_additive,0.0,no_additive,0.0,films,bacteria_fungi_mixed,yes
79.0,99.0,15,2,97,3,aerobic,surface_erosion_driven_biodegradation,58.0,compost_organic_fertilizer,filler,15.0,no_additive,0.0,no_additive,0.0,films,bacteria_fungi_mixed,yes
81.0,99.0,15,2,97,3,aerobic,surface_erosion_driven_biodegradation,58.0,compost_organic_fertilizer,filler,15.0,no_additive,0.0,no_additive,0.0,films,bacteria_fungi_mixed,yes
83.0,100.0,15,2,97,3,aerobic,surface_erosion_driven_biodegradation,58.0,compost_organic_fertilizer,filler,15.0,no_additive,0.0,no_additive,0.0,films,bacteria_fungi_mixed,yes
84.0,99.0,15,2,97,3,aerobic,surface_erosion_driven_biodegradation,58.0,compost_organic_fertilizer,filler,15.0,no_additive,0.0,no_additive,0.0,films,bacteria_fungi_mixed,yes
86.0,100.0,15,2,97,3,aerobic,surface_erosion_driven_biodegradation,58.0,compost_organic_fertilizer,filler,15.0,no_additive,0.0,no_additive,0.0,films,bacteria_fungi_mixed,yes
88.0,99.0,15,2,97,3,aerobic,surface_erosion_driven_biodegradation,58.0,compost_organic_fertilizer,filler,15.0,no_additive,0.0,no_additive,0.0,films,bacteria_fungi_mixed,yes
90.0,99.0,15,2,97,3,aerobic,surface_erosion_driven_biodegradation,58.0,compost_organic_fertilizer,filler,15.0,no_additive,0.0,no_additive,0.0,films,bacteria_fungi_mixed,yes
1.0,4.0,15,3,97,3,aerobic,surface_erosion_driven_biodegradation,58.0,compost_organic_fertilizer,filler,15.0,no_additive,0.0,no_additive,0.0,films,bacteria_dominated,yes
1.0,12.0,15,3,97,3,aerobic,surface_erosion_driven_biodegradation,58.0,compost_organic_fertilizer,filler,15.0,no_additive,0.0,no_additive,0.0,films,bacteria_dominated,yes
3.0,19.0,15,3,97,3,aerobic,surface_erosion_driven_biodegradation,58.0,compost_organic_fertilizer,filler,15.0,no_additive,0.0,no_additive,0.0,films,bacteria_dominated,yes
3.0,22.0,15,3,97,3,aerobic,surface_erosion_driven_biodegradation,58.0,compost_organic_fertilizer,filler,15.0,no_additive,0.0,no_additive,0.0,films,bacteria_dominated,yes
3.0,25.0,15,3,97,3,aerobic,surface_erosion_driven_biodegradation,58.0,compost_organic_fertilizer,filler,15.0,no_additive,0.0,no_additive,0.0,films,bacteria_dominated,yes
4.0,29.0,15,3,97,3,aerobic,surface_erosion_driven_biodegradation,58.0,compost_organic_fertilizer,filler,15.0,no_additive,0.0,no_additive,0.0,films,bacteria_dominated,yes
4.0,32.0,15,3,97,3,aerobic,surface_erosion_driven_biodegradation,58.0,compost_organic_fertilizer,filler,15.0,no_additive,0.0,no_additive,0.0,films,bacteria_dominated,yes
5.0,36.0,15,3,97,3,aerobic,surface_erosion_driven_biodegradation,58.0,compost_organic_fertilizer,filler,15.0,no_additive,0.0,no_additive,0.0,films,bacteria_dominated,yes
6.0,40.0,15,3,97,3,aerobic,surface_erosion_driven_biodegradation,58.0,compost_organic_fertilizer,filler,15.0,no_additive,0.0,no_additive,0.0,films,bacteria_dominated,yes
7.0,43.0,15,3,97,3,aerobic,surface_erosion_driven_biodegradation,58.0,compost_organic_fertilizer,filler,15.0,no_additive,0.0,no_additive,0.0,films,bacteria_dominated,yes
9.0,45.0,15,3,97,3,aerobic,surface_erosion_driven_biodegradation,58.0,compost_organic_fertilizer,filler,15.0,no_additive,0.0,no_additive,0.0,films,bacteria_dominated,yes
9.0,49.0,15,3,97,3,aerobic,surface_erosion_driven_biodegradation,58.0,compost_organic_fertilizer,filler,15.0,no_additive,0.0,no_additive,0.0,films,bacteria_dominated,yes
11.0,51.0,15,3,97,3,aerobic,surface_erosion_driven_biodegradation,58.0,compost_organic_fertilizer,filler,15.0,no_additive,0.0,no_additive,0.0,films,bacteria_dominated,yes
12.0,55.0,15,3,97,3,aerobic,surface_erosion_driven_biodegradation,58.0,compost_organic_fertilizer,filler,15.0,no_additive,0.0,no_additive,0.0,films,bacteria_dominated,yes
13.0,58.0,15,3,97,3,aerobic,surface_erosion_driven_biodegradation,58.0,compost_organic_fertilizer,filler,15.0,no_additive,0.0,no_additive,0.0,films,bacteria_dominated,yes
15.0,60.0,15,3,97,3,aerobic,surface_erosion_driven_biodegradation,58.0,compost_organic_fertilizer,filler,15.0,no_additive,0.0,no_additive,0.0,films,bacteria_dominated,yes
17.0,61.0,15,3,97,3,aerobic,surface_erosion_driven_biodegradation,58.0,compost_organic_fertilizer,filler,15.0,no_additive,0.0,no_additive,0.0,films,bacteria_dominated,yes
18.0,63.0,15,3,97,3,aerobic,surface_erosion_driven_biodegradation,58.0,compost_organic_fertilizer,filler,15.0,no_additive,0.0,no_additive,0.0,films,bacteria_dominated,yes
20.0,65.0,15,3,97,3,aerobic,surface_erosion_driven_biodegradation,58.0,compost_organic_fertilizer,filler,15.0,no_additive,0.0,no_additive,0.0,films,bacteria_dominated,yes
21.0,66.0,15,3,97,3,aerobic,surface_erosion_driven_biodegradation,58.0,compost_organic_fertilizer,filler,15.0,no_additive,0.0,no_additive,0.0,films,bacteria_dominated,yes
24.0,67.0,15,3,97,3,aerobic,surface_erosion_driven_biodegradation,58.0,compost_organic_fertilizer,filler,15.0,no_additive,0.0,no_additive,0.0,films,bacteria_dominated,yes
26.0,67.0,15,3,97,3,aerobic,surface_erosion_driven_biodegradation,58.0,compost_organic_fertilizer,filler,15.0,no_additive,0.0,no_additive,0.0,films,bacteria_dominated,yes
27.0,69.0,15,3,97,3,aerobic,surface_erosion_driven_biodegradation,58.0,compost_organic_fertilizer,filler,15.0,no_additive,0.0,no_additive,0.0,films,bacteria_dominated,yes
29.0,71.0,15,3,97,3,aerobic,surface_erosion_driven_biodegradation,58.0,compost_organic_fertilizer,filler,15.0,no_additive,0.0,no_additive,0.0,films,bacteria_dominated,yes
31.0,71.0,15,3,97,3,aerobic,surface_erosion_driven_biodegradation,58.0,compost_organic_fertilizer,filler,15.0,no_additive,0.0,no_additive,0.0,films,bacteria_dominated,yes
34.0,74.0,15,3,97,3,aerobic,surface_erosion_driven_biodegradation,58.0,compost_organic_fertilizer,filler,15.0,no_additive,0.0,no_additive,0.0,films,bacteria_dominated,yes
35.0,75.0,15,3,97,3,aerobic,surface_erosion_driven_biodegradation,58.0,compost_organic_fertilizer,filler,15.0,no_additive,0.0,no_additive,0.0,films,bacteria_dominated,yes
36.0,77.0,15,3,97,3,aerobic,surface_erosion_driven_biodegradation,58.0,compost_organic_fertilizer,filler,15.0,no_additive,0.0,no_additive,0.0,films,bacteria_dominated,yes
38.0,78.0,15,3,97,3,aerobic,surface_erosion_driven_biodegradation,58.0,compost_organic_fertilizer,filler,15.0,no_additive,0.0,no_additive,0.0,films,bacteria_dominated,yes
40.0,81.0,15,3,97,3,aerobic,surface_erosion_driven_biodegradation,58.0,compost_organic_fertilizer,filler,15.0,no_additive,0.0,no_additive,0.0,films,bacteria_dominated,yes
41.0,83.0,15,3,97,3,aerobic,surface_erosion_driven_biodegradation,58.0,compost_organic_fertilizer,filler,15.0,no_additive,0.0,no_additive,0.0,films,bacteria_dominated,yes
42.0,85.0,15,3,97,3,aerobic,surface_erosion_driven_biodegradation,58.0,compost_organic_fertilizer,filler,15.0,no_additive,0.0,no_additive,0.0,films,bacteria_dominated,yes
44.0,87.0,15,3,97,3,aerobic,surface_erosion_driven_biodegradation,58.0,compost_organic_fertilizer,filler,15.0,no_additive,0.0,no_additive,0.0,films,bacteria_dominated,yes
45.0,89.0,15,3,97,3,aerobic,surface_erosion_driven_biodegradation,58.0,compost_organic_fertilizer,filler,15.0,no_additive,0.0,no_additive,0.0,films,bacteria_dominated,yes
48.0,91.0,15,3,97,3,aerobic,surface_erosion_driven_biodegradation,58.0,compost_organic_fertilizer,filler,15.0,no_additive,0.0,no_additive,0.0,films,bacteria_dominated,yes
50.0,92.0,15,3,97,3,aerobic,surface_erosion_driven_biodegradation,58.0,compost_organic_fertilizer,filler,15.0,no_additive,0.0,no_additive,0.0,films,bacteria_dominated,yes
52.0,93.0,15,3,97,3,aerobic,surface_erosion_driven_biodegradation,58.0,compost_organic_fertilizer,filler,15.0,no_additive,0.0,no_additive,0.0,films,bacteria_dominated,yes
53.0,94.0,15,3,97,3,aerobic,surface_erosion_driven_biodegradation,58.0,compost_organic_fertilizer,filler,15.0,no_additive,0.0,no_additive,0.0,films,bacteria_dominated,yes
55.0,94.0,15,3,97,3,aerobic,surface_erosion_driven_biodegradation,58.0,compost_organic_fertilizer,filler,15.0,no_additive,0.0,no_additive,0.0,films,bacteria_dominated,yes
57.0,95.0,15,3,97,3,aerobic,surface_erosion_driven_biodegradation,58.0,compost_organic_fertilizer,filler,15.0,no_additive,0.0,no_additive,0.0,films,bacteria_dominated,yes
59.0,96.0,15,3,97,3,aerobic,surface_erosion_driven_biodegradation,58.0,compost_organic_fertilizer,filler,15.0,no_additive,0.0,no_additive,0.0,films,bacteria_dominated,yes
61.0,96.0,15,3,97,3,aerobic,surface_erosion_driven_biodegradation,58.0,compost_organic_fertilizer,filler,15.0,no_additive,0.0,no_additive,0.0,films,bacteria_dominated,yes
63.0,96.0,15,3,97,3,aerobic,surface_erosion_driven_biodegradation,58.0,compost_organic_fertilizer,filler,15.0,no_additive,0.0,no_additive,0.0,films,bacteria_dominated,yes
65.0,96.0,15,3,97,3,aerobic,surface_erosion_driven_biodegradation,58.0,compost_organic_fertilizer,filler,15.0,no_additive,0.0,no_additive,0.0,films,bacteria_dominated,yes
66.0,97.0,15,3,97,3,aerobic,surface_erosion_driven_biodegradation,58.0,compost_organic_fertilizer,filler,15.0,no_additive,0.0,no_additive,0.0,films,bacteria_dominated,yes
70.0,97.0,15,3,97,3,aerobic,surface_erosion_driven_biodegradation,58.0,compost_organic_fertilizer,filler,15.0,no_additive,0.0,no_additive,0.0,films,bacteria_dominated,yes
73.0,97.0,15,3,97,3,aerobic,surface_erosion_driven_biodegradation,58.0,compost_organic_fertilizer,filler,15.0,no_additive,0.0,no_additive,0.0,films,bacteria_dominated,yes
76.0,97.0,15,3,97,3,aerobic,surface_erosion_driven_biodegradation,58.0,compost_organic_fertilizer,filler,15.0,no_additive,0.0,no_additive,0.0,films,bacteria_dominated,yes
78.0,97.0,15,3,97,3,aerobic,surface_erosion_driven_biodegradation,58.0,compost_organic_fertilizer,filler,15.0,no_additive,0.0,no_additive,0.0,films,bacteria_dominated,yes
81.0,97.0,15,3,97,3,aerobic,surface_erosion_driven_biodegradation,58.0,compost_organic_fertilizer,filler,15.0,no_additive,0.0,no_additive,0.0,films,bacteria_dominated,yes
84.0,97.0,15,3,97,3,aerobic,surface_erosion_driven_biodegradation,58.0,compost_organic_fertilizer,filler,15.0,no_additive,0.0,no_additive,0.0,films,bacteria_dominated,yes
86.0,97.0,15,3,97,3,aerobic,surface_erosion_driven_biodegradation,58.0,compost_organic_fertilizer,filler,15.0,no_additive,0.0,no_additive,0.0,films,bacteria_dominated,yes
9.0,2.0,16,1,97,3,aerobic,enzyme_mediated_microbial_biodegradation,58.0,compost_organic_fertilizer,no_additive,0.0,no_additive,0.0,no_additive,0.0,films,bacteria_dominated,no
11.0,3.0,16,1,97,3,aerobic,enzyme_mediated_microbial_biodegradation,58.0,compost_organic_fertilizer,no_additive,0.0,no_additive,0.0,no_additive,0.0,films,bacteria_dominated,no
13.0,5.0,16,1,97,3,aerobic,enzyme_mediated_microbial_biodegradation,58.0,compost_organic_fertilizer,no_additive,0.0,no_additive,0.0,no_additive,0.0,films,bacteria_dominated,no
15.0,8.0,16,1,97,3,aerobic,enzyme_mediated_microbial_biodegradation,58.0,compost_organic_fertilizer,no_additive,0.0,no_additive,0.0,no_additive,0.0,films,bacteria_dominated,no
16.0,10.0,16,1,97,3,aerobic,enzyme_mediated_microbial_biodegradation,58.0,compost_organic_fertilizer,no_additive,0.0,no_additive,0.0,no_additive,0.0,films,bacteria_dominated,no
18.0,13.0,16,1,97,3,aerobic,enzyme_mediated_microbial_biodegradation,58.0,compost_organic_fertilizer,no_additive,0.0,no_additive,0.0,no_additive,0.0,films,bacteria_dominated,no
19.0,16.0,16,1,97,3,aerobic,enzyme_mediated_microbial_biodegradation,58.0,compost_organic_fertilizer,no_additive,0.0,no_additive,0.0,no_additive,0.0,films,bacteria_dominated,no
21.0,19.0,16,1,97,3,aerobic,enzyme_mediated_microbial_biodegradation,58.0,compost_organic_fertilizer,no_additive,0.0,no_additive,0.0,no_additive,0.0,films,bacteria_dominated,no
22.0,22.0,16,1,97,3,aerobic,enzyme_mediated_microbial_biodegradation,58.0,compost_organic_fertilizer,no_additive,0.0,no_additive,0.0,no_additive,0.0,films,bacteria_dominated,no
24.0,25.0,16,1,97,3,aerobic,enzyme_mediated_microbial_biodegradation,58.0,compost_organic_fertilizer,no_additive,0.0,no_additive,0.0,no_additive,0.0,films,bacteria_dominated,no
25.0,27.0,16,1,97,3,aerobic,enzyme_mediated_microbial_biodegradation,58.0,compost_organic_fertilizer,no_additive,0.0,no_additive,0.0,no_additive,0.0,films,bacteria_dominated,no
27.0,30.0,16,1,97,3,aerobic,enzyme_mediated_microbial_biodegradation,58.0,compost_organic_fertilizer,no_additive,0.0,no_additive,0.0,no_additive,0.0,films,bacteria_dominated,no
29.0,33.0,16,1,97,3,aerobic,enzyme_mediated_microbial_biodegradation,58.0,compost_organic_fertilizer,no_additive,0.0,no_additive,0.0,no_additive,0.0,films,bacteria_dominated,no
31.0,36.0,16,1,97,3,aerobic,enzyme_mediated_microbial_biodegradation,58.0,compost_organic_fertilizer,no_additive,0.0,no_additive,0.0,no_additive,0.0,films,bacteria_dominated,no
33.0,38.0,16,1,97,3,aerobic,enzyme_mediated_microbial_biodegradation,58.0,compost_organic_fertilizer,no_additive,0.0,no_additive,0.0,no_additive,0.0,films,bacteria_dominated,no
34.0,41.0,16,1,97,3,aerobic,enzyme_mediated_microbial_biodegradation,58.0,compost_organic_fertilizer,no_additive,0.0,no_additive,0.0,no_additive,0.0,films,bacteria_dominated,no
36.0,43.0,16,1,97,3,aerobic,enzyme_mediated_microbial_biodegradation,58.0,compost_organic_fertilizer,no_additive,0.0,no_additive,0.0,no_additive,0.0,films,bacteria_dominated,no
38.0,45.0,16,1,97,3,aerobic,enzyme_mediated_microbial_biodegradation,58.0,compost_organic_fertilizer,no_additive,0.0,no_additive,0.0,no_additive,0.0,films,bacteria_dominated,no
40.0,47.0,16,1,97,3,aerobic,enzyme_mediated_microbial_biodegradation,58.0,compost_organic_fertilizer,no_additive,0.0,no_additive,0.0,no_additive,0.0,films,bacteria_dominated,no
42.0,49.0,16,1,97,3,aerobic,enzyme_mediated_microbial_biodegradation,58.0,compost_organic_fertilizer,no_additive,0.0,no_additive,0.0,no_additive,0.0,films,bacteria_dominated,no
45.0,53.0,16,1,97,3,aerobic,enzyme_mediated_microbial_biodegradation,58.0,compost_organic_fertilizer,no_additive,0.0,no_additive,0.0,no_additive,0.0,films,bacteria_dominated,no
48.0,58.0,16,1,97,3,aerobic,enzyme_mediated_microbial_biodegradation,58.0,compost_organic_fertilizer,no_additive,0.0,no_additive,0.0,no_additive,0.0,films,bacteria_dominated,no
53.0,63.0,16,1,97,3,aerobic,enzyme_mediated_microbial_biodegradation,58.0,compost_organic_fertilizer,no_additive,0.0,no_additive,0.0,no_additive,0.0,films,bacteria_dominated,no
55.0,65.0,16,1,97,3,aerobic,enzyme_mediated_microbial_biodegradation,58.0,compost_organic_fertilizer,no_additive,0.0,no_additive,0.0,no_additive,0.0,films,bacteria_dominated,no
56.0,67.0,16,1,97,3,aerobic,enzyme_mediated_microbial_biodegradation,58.0,compost_organic_fertilizer,no_additive,0.0,no_additive,0.0,no_additive,0.0,films,bacteria_dominated,no
58.0,69.0,16,1,97,3,aerobic,enzyme_mediated_microbial_biodegradation,58.0,compost_organic_fertilizer,no_additive,0.0,no_additive,0.0,no_additive,0.0,films,bacteria_dominated,no
61.0,73.0,16,1,97,3,aerobic,enzyme_mediated_microbial_biodegradation,58.0,compost_organic_fertilizer,no_additive,0.0,no_additive,0.0,no_additive,0.0,films,bacteria_dominated,no
65.0,77.0,16,1,97,3,aerobic,enzyme_mediated_microbial_biodegradation,58.0,compost_organic_fertilizer,no_additive,0.0,no_additive,0.0,no_additive,0.0,films,bacteria_dominated,no
68.0,80.0,16,1,97,3,aerobic,enzyme_mediated_microbial_biodegradation,58.0,compost_organic_fertilizer,no_additive,0.0,no_additive,0.0,no_additive,0.0,films,bacteria_dominated,no
71.0,83.0,16,1,97,3,aerobic,enzyme_mediated_microbial_biodegradation,58.0,compost_organic_fertilizer,no_additive,0.0,no_additive,0.0,no_additive,0.0,films,bacteria_dominated,no
74.0,85.0,16,1,97,3,aerobic,enzyme_mediated_microbial_biodegradation,58.0,compost_organic_fertilizer,no_additive,0.0,no_additive,0.0,no_additive,0.0,films,bacteria_dominated,no
77.0,87.0,16,1,97,3,aerobic,enzyme_mediated_microbial_biodegradation,58.0,compost_organic_fertilizer,no_additive,0.0,no_additive,0.0,no_additive,0.0,films,bacteria_dominated,no
80.0,88.0,16,1,97,3,aerobic,enzyme_mediated_microbial_biodegradation,58.0,compost_organic_fertilizer,no_additive,0.0,no_additive,0.0,no_additive,0.0,films,bacteria_dominated,no
83.0,90.0,16,1,97,3,aerobic,enzyme_mediated_microbial_biodegradation,58.0,compost_organic_fertilizer,no_additive,0.0,no_additive,0.0,no_additive,0.0,films,bacteria_dominated,no
85.0,91.0,16,1,97,3,aerobic,enzyme_mediated_microbial_biodegradation,58.0,compost_organic_fertilizer,no_additive,0.0,no_additive,0.0,no_additive,0.0,films,bacteria_dominated,no
87.0,91.0,16,1,97,3,aerobic,enzyme_mediated_microbial_biodegradation,58.0,compost_organic_fertilizer,no_additive,0.0,no_additive,0.0,no_additive,0.0,films,bacteria_dominated,no
89.0,92.0,16,1,97,3,aerobic,enzyme_mediated_microbial_biodegradation,58.0,compost_organic_fertilizer,no_additive,0.0,no_additive,0.0,no_additive,0.0,films,bacteria_dominated,no
14.0,3.0,16,2,97,3,aerobic,enzyme_mediated_microbial_biodegradation,58.0,compost_organic_fertilizer,plasticizer,10.0,no_additive,0.0,no_additive,0.0,films,bacteria_dominated,yes
15.0,4.0,16,2,97,3,aerobic,enzyme_mediated_microbial_biodegradation,58.0,compost_organic_fertilizer,plasticizer,10.0,no_additive,0.0,no_additive,0.0,films,bacteria_dominated,yes
17.0,6.0,16,2,97,3,aerobic,enzyme_mediated_microbial_biodegradation,58.0,compost_organic_fertilizer,plasticizer,10.0,no_additive,0.0,no_additive,0.0,films,bacteria_dominated,yes
19.0,9.0,16,2,97,3,aerobic,enzyme_mediated_microbial_biodegradation,58.0,compost_organic_fertilizer,plasticizer,10.0,no_additive,0.0,no_additive,0.0,films,bacteria_dominated,yes
20.0,12.0,16,2,97,3,aerobic,enzyme_mediated_microbial_biodegradation,58.0,compost_organic_fertilizer,plasticizer,10.0,no_additive,0.0,no_additive,0.0,films,bacteria_dominated,yes
21.0,15.0,16,2,97,3,aerobic,enzyme_mediated_microbial_biodegradation,58.0,compost_organic_fertilizer,plasticizer,10.0,no_additive,0.0,no_additive,0.0,films,bacteria_dominated,yes
23.0,17.0,16,2,97,3,aerobic,enzyme_mediated_microbial_biodegradation,58.0,compost_organic_fertilizer,plasticizer,10.0,no_additive,0.0,no_additive,0.0,films,bacteria_dominated,yes
24.0,20.0,16,2,97,3,aerobic,enzyme_mediated_microbial_biodegradation,58.0,compost_organic_fertilizer,plasticizer,10.0,no_additive,0.0,no_additive,0.0,films,bacteria_dominated,yes
24.0,23.0,16,2,97,3,aerobic,enzyme_mediated_microbial_biodegradation,58.0,compost_organic_fertilizer,plasticizer,10.0,no_additive,0.0,no_additive,0.0,films,bacteria_dominated,yes
25.0,26.0,16,2,97,3,aerobic,enzyme_mediated_microbial_biodegradation,58.0,compost_organic_fertilizer,plasticizer,10.0,no_additive,0.0,no_additive,0.0,films,bacteria_dominated,yes
27.0,32.0,16,2,97,3,aerobic,enzyme_mediated_microbial_biodegradation,58.0,compost_organic_fertilizer,plasticizer,10.0,no_additive,0.0,no_additive,0.0,films,bacteria_dominated,yes
28.0,34.0,16,2,97,3,aerobic,enzyme_mediated_microbial_biodegradation,58.0,compost_organic_fertilizer,plasticizer,10.0,no_additive,0.0,no_additive,0.0,films,bacteria_dominated,yes
29.0,37.0,16,2,97,3,aerobic,enzyme_mediated_microbial_biodegradation,58.0,compost_organic_fertilizer,plasticizer,10.0,no_additive,0.0,no_additive,0.0,films,bacteria_dominated,yes
30.0,40.0,16,2,97,3,aerobic,enzyme_mediated_microbial_biodegradation,58.0,compost_organic_fertilizer,plasticizer,10.0,no_additive,0.0,no_additive,0.0,films,bacteria_dominated,yes
31.0,43.0,16,2,97,3,aerobic,enzyme_mediated_microbial_biodegradation,58.0,compost_organic_fertilizer,plasticizer,10.0,no_additive,0.0,no_additive,0.0,films,bacteria_dominated,yes
33.0,46.0,16,2,97,3,aerobic,enzyme_mediated_microbial_biodegradation,58.0,compost_organic_fertilizer,plasticizer,10.0,no_additive,0.0,no_additive,0.0,films,bacteria_dominated,yes
34.0,49.0,16,2,97,3,aerobic,enzyme_mediated_microbial_biodegradation,58.0,compost_organic_fertilizer,plasticizer,10.0,no_additive,0.0,no_additive,0.0,films,bacteria_dominated,yes
35.0,51.0,16,2,97,3,aerobic,enzyme_mediated_microbial_biodegradation,58.0,compost_organic_fertilizer,plasticizer,10.0,no_additive,0.0,no_additive,0.0,films,bacteria_dominated,yes
36.0,54.0,16,2,97,3,aerobic,enzyme_mediated_microbial_biodegradation,58.0,compost_organic_fertilizer,plasticizer,10.0,no_additive,0.0,no_additive,0.0,films,bacteria_dominated,yes
37.0,57.0,16,2,97,3,aerobic,enzyme_mediated_microbial_biodegradation,58.0,compost_organic_fertilizer,plasticizer,10.0,no_additive,0.0,no_additive,0.0,films,bacteria_dominated,yes
39.0,60.0,16,2,97,3,aerobic,enzyme_mediated_microbial_biodegradation,58.0,compost_organic_fertilizer,plasticizer,10.0,no_additive,0.0,no_additive,0.0,films,bacteria_dominated,yes
40.0,63.0,16,2,97,3,aerobic,enzyme_mediated_microbial_biodegradation,58.0,compost_organic_fertilizer,plasticizer,10.0,no_additive,0.0,no_additive,0.0,films,bacteria_dominated,yes
41.0,66.0,16,2,97,3,aerobic,enzyme_mediated_microbial_biodegradation,58.0,compost_organic_fertilizer,plasticizer,10.0,no_additive,0.0,no_additive,0.0,films,bacteria_dominated,yes
42.0,68.0,16,2,97,3,aerobic,enzyme_mediated_microbial_biodegradation,58.0,compost_organic_fertilizer,plasticizer,10.0,no_additive,0.0,no_additive,0.0,films,bacteria_dominated,yes
43.0,71.0,16,2,97,3,aerobic,enzyme_mediated_microbial_biodegradation,58.0,compost_organic_fertilizer,plasticizer,10.0,no_additive,0.0,no_additive,0.0,films,bacteria_dominated,yes
44.0,74.0,16,2,97,3,aerobic,enzyme_mediated_microbial_biodegradation,58.0,compost_organic_fertilizer,plasticizer,10.0,no_additive,0.0,no_additive,0.0,films,bacteria_dominated,yes
46.0,77.0,16,2,97,3,aerobic,enzyme_mediated_microbial_biodegradation,58.0,compost_organic_fertilizer,plasticizer,10.0,no_additive,0.0,no_additive,0.0,films,bacteria_dominated,yes
47.0,80.0,16,2,97,3,aerobic,enzyme_mediated_microbial_biodegradation,58.0,compost_organic_fertilizer,plasticizer,10.0,no_additive,0.0,no_additive,0.0,films,bacteria_dominated,yes
49.0,82.0,16,2,97,3,aerobic,enzyme_mediated_microbial_biodegradation,58.0,compost_organic_fertilizer,plasticizer,10.0,no_additive,0.0,no_additive,0.0,films,bacteria_dominated,yes
51.0,84.0,16,2,97,3,aerobic,enzyme_mediated_microbial_biodegradation,58.0,compost_organic_fertilizer,plasticizer,10.0,no_additive,0.0,no_additive,0.0,films,bacteria_dominated,yes
53.0,85.0,16,2,97,3,aerobic,enzyme_mediated_microbial_biodegradation,58.0,compost_organic_fertilizer,plasticizer,10.0,no_additive,0.0,no_additive,0.0,films,bacteria_dominated,yes
55.0,86.0,16,2,97,3,aerobic,enzyme_mediated_microbial_biodegradation,58.0,compost_organic_fertilizer,plasticizer,10.0,no_additive,0.0,no_additive,0.0,films,bacteria_dominated,yes
56.0,87.0,16,2,97,3,aerobic,enzyme_mediated_microbial_biodegradation,58.0,compost_organic_fertilizer,plasticizer,10.0,no_additive,0.0,no_additive,0.0,films,bacteria_dominated,yes
60.0,89.0,16,2,97,3,aerobic,enzyme_mediated_microbial_biodegradation,58.0,compost_organic_fertilizer,plasticizer,10.0,no_additive,0.0,no_additive,0.0,films,bacteria_dominated,yes
62.0,90.0,16,2,97,3,aerobic,enzyme_mediated_microbial_biodegradation,58.0,compost_organic_fertilizer,plasticizer,10.0,no_additive,0.0,no_additive,0.0,films,bacteria_dominated,yes
66.0,89.0,16,2,97,3,aerobic,enzyme_mediated_microbial_biodegradation,58.0,compost_organic_fertilizer,plasticizer,10.0,no_additive,0.0,no_additive,0.0,films,bacteria_dominated,yes
69.0,90.0,16,2,97,3,aerobic,enzyme_mediated_microbial_biodegradation,58.0,compost_organic_fertilizer,plasticizer,10.0,no_additive,0.0,no_additive,0.0,films,bacteria_dominated,yes
71.0,91.0,16,2,97,3,aerobic,enzyme_mediated_microbial_biodegradation,58.0,compost_organic_fertilizer,plasticizer,10.0,no_additive,0.0,no_additive,0.0,films,bacteria_dominated,yes
75.0,91.0,16,2,97,3,aerobic,enzyme_mediated_microbial_biodegradation,58.0,compost_organic_fertilizer,plasticizer,10.0,no_additive,0.0,no_additive,0.0,films,bacteria_dominated,yes
77.0,91.0,16,2,97,3,aerobic,enzyme_mediated_microbial_biodegradation,58.0,compost_organic_fertilizer,plasticizer,10.0,no_additive,0.0,no_additive,0.0,films,bacteria_dominated,yes
81.0,92.0,16,2,97,3,aerobic,enzyme_mediated_microbial_biodegradation,58.0,compost_organic_fertilizer,plasticizer,10.0,no_additive,0.0,no_additive,0.0,films,bacteria_dominated,yes
82.0,92.0,16,2,97,3,aerobic,enzyme_mediated_microbial_biodegradation,58.0,compost_organic_fertilizer,plasticizer,10.0,no_additive,0.0,no_additive,0.0,films,bacteria_dominated,yes
84.0,92.0,16,2,97,3,aerobic,enzyme_mediated_microbial_biodegradation,58.0,compost_organic_fertilizer,plasticizer,10.0,no_additive,0.0,no_additive,0.0,films,bacteria_dominated,yes
86.0,92.0,16,2,97,3,aerobic,enzyme_mediated_microbial_biodegradation,58.0,compost_organic_fertilizer,plasticizer,10.0,no_additive,0.0,no_additive,0.0,films,bacteria_dominated,yes
88.0,93.0,16,2,97,3,aerobic,enzyme_mediated_microbial_biodegradation,58.0,compost_organic_fertilizer,plasticizer,10.0,no_additive,0.0,no_additive,0.0,films,bacteria_dominated,yes
90.0,93.0,16,2,97,3,aerobic,enzyme_mediated_microbial_biodegradation,58.0,compost_organic_fertilizer,plasticizer,10.0,no_additive,0.0,no_additive,0.0,films,bacteria_dominated,yes
9.0,1.0,16,3,97,3,aerobic,enzyme_mediated_microbial_biodegradation,58.0,compost_organic_fertilizer,plasticizer,10.0,nucleating_agent,1.0,no_additive,0.0,films,bacteria_dominated,yes
11.0,2.0,16,3,97,3,aerobic,enzyme_mediated_microbial_biodegradation,58.0,compost_organic_fertilizer,plasticizer,10.0,nucleating_agent,1.0,no_additive,0.0,films,bacteria_dominated,yes
13.0,3.0,16,3,97,3,aerobic,enzyme_mediated_microbial_biodegradation,58.0,compost_organic_fertilizer,plasticizer,10.0,nucleating_agent,1.0,no_additive,0.0,films,bacteria_dominated,yes
15.0,5.0,16,3,97,3,aerobic,enzyme_mediated_microbial_biodegradation,58.0,compost_organic_fertilizer,plasticizer,10.0,nucleating_agent,1.0,no_additive,0.0,films,bacteria_dominated,yes
17.0,7.0,16,3,97,3,aerobic,enzyme_mediated_microbial_biodegradation,58.0,compost_organic_fertilizer,plasticizer,10.0,nucleating_agent,1.0,no_additive,0.0,films,bacteria_dominated,yes
18.0,10.0,16,3,97,3,aerobic,enzyme_mediated_microbial_biodegradation,58.0,compost_organic_fertilizer,plasticizer,10.0,nucleating_agent,1.0,no_additive,0.0,films,bacteria_dominated,yes
19.0,13.0,16,3,97,3,aerobic,enzyme_mediated_microbial_biodegradation,58.0,compost_organic_fertilizer,plasticizer,10.0,nucleating_agent,1.0,no_additive,0.0,films,bacteria_dominated,yes
21.0,16.0,16,3,97,3,aerobic,enzyme_mediated_microbial_biodegradation,58.0,compost_organic_fertilizer,plasticizer,10.0,nucleating_agent,1.0,no_additive,0.0,films,bacteria_dominated,yes
22.0,19.0,16,3,97,3,aerobic,enzyme_mediated_microbial_biodegradation,58.0,compost_organic_fertilizer,plasticizer,10.0,nucleating_agent,1.0,no_additive,0.0,films,bacteria_dominated,yes
23.0,21.0,16,3,97,3,aerobic,enzyme_mediated_microbial_biodegradation,58.0,compost_organic_fertilizer,plasticizer,10.0,nucleating_agent,1.0,no_additive,0.0,films,bacteria_dominated,yes
24.0,24.0,16,3,97,3,aerobic,enzyme_mediated_microbial_biodegradation,58.0,compost_organic_fertilizer,plasticizer,10.0,nucleating_agent,1.0,no_additive,0.0,films,bacteria_dominated,yes
27.0,31.0,16,3,97,3,aerobic,enzyme_mediated_microbial_biodegradation,58.0,compost_organic_fertilizer,plasticizer,10.0,nucleating_agent,1.0,no_additive,0.0,films,bacteria_dominated,yes
29.0,34.0,16,3,97,3,aerobic,enzyme_mediated_microbial_biodegradation,58.0,compost_organic_fertilizer,plasticizer,10.0,nucleating_agent,1.0,no_additive,0.0,films,bacteria_dominated,yes
30.0,37.0,16,3,97,3,aerobic,enzyme_mediated_microbial_biodegradation,58.0,compost_organic_fertilizer,plasticizer,10.0,nucleating_agent,1.0,no_additive,0.0,films,bacteria_dominated,yes
32.0,39.0,16,3,97,3,aerobic,enzyme_mediated_microbial_biodegradation,58.0,compost_organic_fertilizer,plasticizer,10.0,nucleating_agent,1.0,no_additive,0.0,films,bacteria_dominated,yes
33.0,42.0,16,3,97,3,aerobic,enzyme_mediated_microbial_biodegradation,58.0,compost_organic_fertilizer,plasticizer,10.0,nucleating_agent,1.0,no_additive,0.0,films,bacteria_dominated,yes
34.0,45.0,16,3,97,3,aerobic,enzyme_mediated_microbial_biodegradation,58.0,compost_organic_fertilizer,plasticizer,10.0,nucleating_agent,1.0,no_additive,0.0,films,bacteria_dominated,yes
36.0,48.0,16,3,97,3,aerobic,enzyme_mediated_microbial_biodegradation,58.0,compost_organic_fertilizer,plasticizer,10.0,nucleating_agent,1.0,no_additive,0.0,films,bacteria_dominated,yes
37.0,51.0,16,3,97,3,aerobic,enzyme_mediated_microbial_biodegradation,58.0,compost_organic_fertilizer,plasticizer,10.0,nucleating_agent,1.0,no_additive,0.0,films,bacteria_dominated,yes
39.0,54.0,16,3,97,3,aerobic,enzyme_mediated_microbial_biodegradation,58.0,compost_organic_fertilizer,plasticizer,10.0,nucleating_agent,1.0,no_additive,0.0,films,bacteria_dominated,yes
40.0,56.0,16,3,97,3,aerobic,enzyme_mediated_microbial_biodegradation,58.0,compost_organic_fertilizer,plasticizer,10.0,nucleating_agent,1.0,no_additive,0.0,films,bacteria_dominated,yes
42.0,59.0,16,3,97,3,aerobic,enzyme_mediated_microbial_biodegradation,58.0,compost_organic_fertilizer,plasticizer,10.0,nucleating_agent,1.0,no_additive,0.0,films,bacteria_dominated,yes
43.0,62.0,16,3,97,3,aerobic,enzyme_mediated_microbial_biodegradation,58.0,compost_organic_fertilizer,plasticizer,10.0,nucleating_agent,1.0,no_additive,0.0,films,bacteria_dominated,yes
45.0,65.0,16,3,97,3,aerobic,enzyme_mediated_microbial_biodegradation,58.0,compost_organic_fertilizer,plasticizer,10.0,nucleating_agent,1.0,no_additive,0.0,films,bacteria_dominated,yes
46.0,68.0,16,3,97,3,aerobic,enzyme_mediated_microbial_biodegradation,58.0,compost_organic_fertilizer,plasticizer,10.0,nucleating_agent,1.0,no_additive,0.0,films,bacteria_dominated,yes
48.0,71.0,16,3,97,3,aerobic,enzyme_mediated_microbial_biodegradation,58.0,compost_organic_fertilizer,plasticizer,10.0,nucleating_agent,1.0,no_additive,0.0,films,bacteria_dominated,yes
50.0,73.0,16,3,97,3,aerobic,enzyme_mediated_microbial_biodegradation,58.0,compost_organic_fertilizer,plasticizer,10.0,nucleating_agent,1.0,no_additive,0.0,films,bacteria_dominated,yes
51.0,76.0,16,3,97,3,aerobic,enzyme_mediated_microbial_biodegradation,58.0,compost_organic_fertilizer,plasticizer,10.0,nucleating_agent,1.0,no_additive,0.0,films,bacteria_dominated,yes
53.0,79.0,16,3,97,3,aerobic,enzyme_mediated_microbial_biodegradation,58.0,compost_organic_fertilizer,plasticizer,10.0,nucleating_agent,1.0,no_additive,0.0,films,bacteria_dominated,yes
55.0,81.0,16,3,97,3,aerobic,enzyme_mediated_microbial_biodegradation,58.0,compost_organic_fertilizer,plasticizer,10.0,nucleating_agent,1.0,no_additive,0.0,films,bacteria_dominated,yes
58.0,84.0,16,3,97,3,aerobic,enzyme_mediated_microbial_biodegradation,58.0,compost_organic_fertilizer,plasticizer,10.0,nucleating_agent,1.0,no_additive,0.0,films,bacteria_dominated,yes
61.0,87.0,16,3,97,3,aerobic,enzyme_mediated_microbial_biodegradation,58.0,compost_organic_fertilizer,plasticizer,10.0,nucleating_agent,1.0,no_additive,0.0,films,bacteria_dominated,yes
62.0,89.0,16,3,97,3,aerobic,enzyme_mediated_microbial_biodegradation,58.0,compost_organic_fertilizer,plasticizer,10.0,nucleating_agent,1.0,no_additive,0.0,films,bacteria_dominated,yes
64.0,90.0,16,3,97,3,aerobic,enzyme_mediated_microbial_biodegradation,58.0,compost_organic_fertilizer,plasticizer,10.0,nucleating_agent,1.0,no_additive,0.0,films,bacteria_dominated,yes
66.0,90.0,16,3,97,3,aerobic,enzyme_mediated_microbial_biodegradation,58.0,compost_organic_fertilizer,plasticizer,10.0,nucleating_agent,1.0,no_additive,0.0,films,bacteria_dominated,yes
68.0,91.0,16,3,97,3,aerobic,enzyme_mediated_microbial_biodegradation,58.0,compost_organic_fertilizer,plasticizer,10.0,nucleating_agent,1.0,no_additive,0.0,films,bacteria_dominated,yes
70.0,92.0,16,3,97,3,aerobic,enzyme_mediated_microbial_biodegradation,58.0,compost_organic_fertilizer,plasticizer,10.0,nucleating_agent,1.0,no_additive,0.0,films,bacteria_dominated,yes
72.0,92.0,16,3,97,3,aerobic,enzyme_mediated_microbial_biodegradation,58.0,compost_organic_fertilizer,plasticizer,10.0,nucleating_agent,1.0,no_additive,0.0,films,bacteria_dominated,yes
73.0,93.0,16,3,97,3,aerobic,enzyme_mediated_microbial_biodegradation,58.0,compost_organic_fertilizer,plasticizer,10.0,nucleating_agent,1.0,no_additive,0.0,films,bacteria_dominated,yes
75.0,93.0,16,3,97,3,aerobic,enzyme_mediated_microbial_biodegradation,58.0,compost_organic_fertilizer,plasticizer,10.0,nucleating_agent,1.0,no_additive,0.0,films,bacteria_dominated,yes
77.0,93.0,16,3,97,3,aerobic,enzyme_mediated_microbial_biodegradation,58.0,compost_organic_fertilizer,plasticizer,10.0,nucleating_agent,1.0,no_additive,0.0,films,bacteria_dominated,yes
79.0,93.0,16,3,97,3,aerobic,enzyme_mediated_microbial_biodegradation,58.0,compost_organic_fertilizer,plasticizer,10.0,nucleating_agent,1.0,no_additive,0.0,films,bacteria_dominated,yes
81.0,94.0,16,3,97,3,aerobic,enzyme_mediated_microbial_biodegradation,58.0,compost_organic_fertilizer,plasticizer,10.0,nucleating_agent,1.0,no_additive,0.0,films,bacteria_dominated,yes
83.0,94.0,16,3,97,3,aerobic,enzyme_mediated_microbial_biodegradation,58.0,compost_organic_fertilizer,plasticizer,10.0,nucleating_agent,1.0,no_additive,0.0,films,bacteria_dominated,yes
84.0,94.0,16,3,97,3,aerobic,enzyme_mediated_microbial_biodegradation,58.0,compost_organic_fertilizer,plasticizer,10.0,nucleating_agent,1.0,no_additive,0.0,films,bacteria_dominated,yes
86.0,94.0,16,3,97,3,aerobic,enzyme_mediated_microbial_biodegradation,58.0,compost_organic_fertilizer,plasticizer,10.0,nucleating_agent,1.0,no_additive,0.0,films,bacteria_dominated,yes
88.0,94.0,16,3,97,3,aerobic,enzyme_mediated_microbial_biodegradation,58.0,compost_organic_fertilizer,plasticizer,10.0,nucleating_agent,1.0,no_additive,0.0,films,bacteria_dominated,yes
90.0,94.0,16,3,97,3,aerobic,enzyme_mediated_microbial_biodegradation,58.0,compost_organic_fertilizer,plasticizer,10.0,nucleating_agent,1.0,no_additive,0.0,films,bacteria_dominated,yes
8.0,3.0,16,4,97,3,aerobic,enzyme_mediated_microbial_biodegradation,58.0,compost_organic_fertilizer,plasticizer,10.0,filler,10.0,no_additive,0.0,films,bacteria_dominated,yes
9.0,5.0,16,4,97,3,aerobic,enzyme_mediated_microbial_biodegradation,58.0,compost_organic_fertilizer,plasticizer,10.0,filler,10.0,no_additive,0.0,films,bacteria_dominated,yes
10.0,8.0,16,4,97,3,aerobic,enzyme_mediated_microbial_biodegradation,58.0,compost_organic_fertilizer,plasticizer,10.0,filler,10.0,no_additive,0.0,films,bacteria_dominated,yes
11.0,11.0,16,4,97,3,aerobic,enzyme_mediated_microbial_biodegradation,58.0,compost_organic_fertilizer,plasticizer,10.0,filler,10.0,no_additive,0.0,films,bacteria_dominated,yes
12.0,14.0,16,4,97,3,aerobic,enzyme_mediated_microbial_biodegradation,58.0,compost_organic_fertilizer,plasticizer,10.0,filler,10.0,no_additive,0.0,films,bacteria_dominated,yes
13.0,17.0,16,4,97,3,aerobic,enzyme_mediated_microbial_biodegradation,58.0,compost_organic_fertilizer,plasticizer,10.0,filler,10.0,no_additive,0.0,films,bacteria_dominated,yes
14.0,19.0,16,4,97,3,aerobic,enzyme_mediated_microbial_biodegradation,58.0,compost_organic_fertilizer,plasticizer,10.0,filler,10.0,no_additive,0.0,films,bacteria_dominated,yes
15.0,22.0,16,4,97,3,aerobic,enzyme_mediated_microbial_biodegradation,58.0,compost_organic_fertilizer,plasticizer,10.0,filler,10.0,no_additive,0.0,films,bacteria_dominated,yes
16.0,25.0,16,4,97,3,aerobic,enzyme_mediated_microbial_biodegradation,58.0,compost_organic_fertilizer,plasticizer,10.0,filler,10.0,no_additive,0.0,films,bacteria_dominated,yes
17.0,28.0,16,4,97,3,aerobic,enzyme_mediated_microbial_biodegradation,58.0,compost_organic_fertilizer,plasticizer,10.0,filler,10.0,no_additive,0.0,films,bacteria_dominated,yes
17.0,31.0,16,4,97,3,aerobic,enzyme_mediated_microbial_biodegradation,58.0,compost_organic_fertilizer,plasticizer,10.0,filler,10.0,no_additive,0.0,films,bacteria_dominated,yes
19.0,34.0,16,4,97,3,aerobic,enzyme_mediated_microbial_biodegradation,58.0,compost_organic_fertilizer,plasticizer,10.0,filler,10.0,no_additive,0.0,films,bacteria_dominated,yes
20.0,36.0,16,4,97,3,aerobic,enzyme_mediated_microbial_biodegradation,58.0,compost_organic_fertilizer,plasticizer,10.0,filler,10.0,no_additive,0.0,films,bacteria_dominated,yes
21.0,39.0,16,4,97,3,aerobic,enzyme_mediated_microbial_biodegradation,58.0,compost_organic_fertilizer,plasticizer,10.0,filler,10.0,no_additive,0.0,films,bacteria_dominated,yes
22.0,42.0,16,4,97,3,aerobic,enzyme_mediated_microbial_biodegradation,58.0,compost_organic_fertilizer,plasticizer,10.0,filler,10.0,no_additive,0.0,films,bacteria_dominated,yes
23.0,45.0,16,4,97,3,aerobic,enzyme_mediated_microbial_biodegradation,58.0,compost_organic_fertilizer,plasticizer,10.0,filler,10.0,no_additive,0.0,films,bacteria_dominated,yes
24.0,48.0,16,4,97,3,aerobic,enzyme_mediated_microbial_biodegradation,58.0,compost_organic_fertilizer,plasticizer,10.0,filler,10.0,no_additive,0.0,films,bacteria_dominated,yes
25.0,52.0,16,4,97,3,aerobic,enzyme_mediated_microbial_biodegradation,58.0,compost_organic_fertilizer,plasticizer,10.0,filler,10.0,no_additive,0.0,films,bacteria_dominated,yes
27.0,57.0,16,4,97,3,aerobic,enzyme_mediated_microbial_biodegradation,58.0,compost_organic_fertilizer,plasticizer,10.0,filler,10.0,no_additive,0.0,films,bacteria_dominated,yes
29.0,61.0,16,4,97,3,aerobic,enzyme_mediated_microbial_biodegradation,58.0,compost_organic_fertilizer,plasticizer,10.0,filler,10.0,no_additive,0.0,films,bacteria_dominated,yes
30.0,65.0,16,4,97,3,aerobic,enzyme_mediated_microbial_biodegradation,58.0,compost_organic_fertilizer,plasticizer,10.0,filler,10.0,no_additive,0.0,films,bacteria_dominated,yes
32.0,68.0,16,4,97,3,aerobic,enzyme_mediated_microbial_biodegradation,58.0,compost_organic_fertilizer,plasticizer,10.0,filler,10.0,no_additive,0.0,films,bacteria_dominated,yes
33.0,70.0,16,4,97,3,aerobic,enzyme_mediated_microbial_biodegradation,58.0,compost_organic_fertilizer,plasticizer,10.0,filler,10.0,no_additive,0.0,films,bacteria_dominated,yes
34.0,73.0,16,4,97,3,aerobic,enzyme_mediated_microbial_biodegradation,58.0,compost_organic_fertilizer,plasticizer,10.0,filler,10.0,no_additive,0.0,films,bacteria_dominated,yes
35.0,76.0,16,4,97,3,aerobic,enzyme_mediated_microbial_biodegradation,58.0,compost_organic_fertilizer,plasticizer,10.0,filler,10.0,no_additive,0.0,films,bacteria_dominated,yes
37.0,79.0,16,4,97,3,aerobic,enzyme_mediated_microbial_biodegradation,58.0,compost_organic_fertilizer,plasticizer,10.0,filler,10.0,no_additive,0.0,films,bacteria_dominated,yes
39.0,82.0,16,4,97,3,aerobic,enzyme_mediated_microbial_biodegradation,58.0,compost_organic_fertilizer,plasticizer,10.0,filler,10.0,no_additive,0.0,films,bacteria_dominated,yes
40.0,84.0,16,4,97,3,aerobic,enzyme_mediated_microbial_biodegradation,58.0,compost_organic_fertilizer,plasticizer,10.0,filler,10.0,no_additive,0.0,films,bacteria_dominated,yes
42.0,87.0,16,4,97,3,aerobic,enzyme_mediated_microbial_biodegradation,58.0,compost_organic_fertilizer,plasticizer,10.0,filler,10.0,no_additive,0.0,films,bacteria_dominated,yes
44.0,89.0,16,4,97,3,aerobic,enzyme_mediated_microbial_biodegradation,58.0,compost_organic_fertilizer,plasticizer,10.0,filler,10.0,no_additive,0.0,films,bacteria_dominated,yes
47.0,91.0,16,4,97,3,aerobic,enzyme_mediated_microbial_biodegradation,58.0,compost_organic_fertilizer,plasticizer,10.0,filler,10.0,no_additive,0.0,films,bacteria_dominated,yes
49.0,93.0,16,4,97,3,aerobic,enzyme_mediated_microbial_biodegradation,58.0,compost_organic_fertilizer,plasticizer,10.0,filler,10.0,no_additive,0.0,films,bacteria_dominated,yes
51.0,94.0,16,4,97,3,aerobic,enzyme_mediated_microbial_biodegradation,58.0,compost_organic_fertilizer,plasticizer,10.0,filler,10.0,no_additive,0.0,films,bacteria_dominated,yes
55.0,97.0,16,4,97,3,aerobic,enzyme_mediated_microbial_biodegradation,58.0,compost_organic_fertilizer,plasticizer,10.0,filler,10.0,no_additive,0.0,films,bacteria_dominated,yes
59.0,97.0,16,4,97,3,aerobic,enzyme_mediated_microbial_biodegradation,58.0,compost_organic_fertilizer,plasticizer,10.0,filler,10.0,no_additive,0.0,films,bacteria_dominated,yes
61.0,97.0,16,4,97,3,aerobic,enzyme_mediated_microbial_biodegradation,58.0,compost_organic_fertilizer,plasticizer,10.0,filler,10.0,no_additive,0.0,films,bacteria_dominated,yes
63.0,97.0,16,4,97,3,aerobic,enzyme_mediated_microbial_biodegradation,58.0,compost_organic_fertilizer,plasticizer,10.0,filler,10.0,no_additive,0.0,films,bacteria_dominated,yes
65.0,97.0,16,4,97,3,aerobic,enzyme_mediated_microbial_biodegradation,58.0,compost_organic_fertilizer,plasticizer,10.0,filler,10.0,no_additive,0.0,films,bacteria_dominated,yes
67.0,98.0,16,4,97,3,aerobic,enzyme_mediated_microbial_biodegradation,58.0,compost_organic_fertilizer,plasticizer,10.0,filler,10.0,no_additive,0.0,films,bacteria_dominated,yes
68.0,98.0,16,4,97,3,aerobic,enzyme_mediated_microbial_biodegradation,58.0,compost_organic_fertilizer,plasticizer,10.0,filler,10.0,no_additive,0.0,films,bacteria_dominated,yes
70.0,98.0,16,4,97,3,aerobic,enzyme_mediated_microbial_biodegradation,58.0,compost_organic_fertilizer,plasticizer,10.0,filler,10.0,no_additive,0.0,films,bacteria_dominated,yes
72.0,98.0,16,4,97,3,aerobic,enzyme_mediated_microbial_biodegradation,58.0,compost_organic_fertilizer,plasticizer,10.0,filler,10.0,no_additive,0.0,films,bacteria_dominated,yes
74.0,98.0,16,4,97,3,aerobic,enzyme_mediated_microbial_biodegradation,58.0,compost_organic_fertilizer,plasticizer,10.0,filler,10.0,no_additive,0.0,films,bacteria_dominated,yes
78.0,98.0,16,4,97,3,aerobic,enzyme_mediated_microbial_biodegradation,58.0,compost_organic_fertilizer,plasticizer,10.0,filler,10.0,no_additive,0.0,films,bacteria_dominated,yes
80.0,98.0,16,4,97,3,aerobic,enzyme_mediated_microbial_biodegradation,58.0,compost_organic_fertilizer,plasticizer,10.0,filler,10.0,no_additive,0.0,films,bacteria_dominated,yes
82.0,99.0,16,4,97,3,aerobic,enzyme_mediated_microbial_biodegradation,58.0,compost_organic_fertilizer,plasticizer,10.0,filler,10.0,no_additive,0.0,films,bacteria_dominated,yes
83.0,99.0,16,4,97,3,aerobic,enzyme_mediated_microbial_biodegradation,58.0,compost_organic_fertilizer,plasticizer,10.0,filler,10.0,no_additive,0.0,films,bacteria_dominated,yes
84.0,99.0,16,4,97,3,aerobic,enzyme_mediated_microbial_biodegradation,58.0,compost_organic_fertilizer,plasticizer,10.0,filler,10.0,no_additive,0.0,films,bacteria_dominated,yes
86.0,99.0,16,4,97,3,aerobic,enzyme_mediated_microbial_biodegradation,58.0,compost_organic_fertilizer,plasticizer,10.0,filler,10.0,no_additive,0.0,films,bacteria_dominated,yes
88.0,99.0,16,4,97,3,aerobic,enzyme_mediated_microbial_biodegradation,58.0,compost_organic_fertilizer,plasticizer,10.0,filler,10.0,no_additive,0.0,films,bacteria_dominated,yes
89.0,99.0,16,4,97,3,aerobic,enzyme_mediated_microbial_biodegradation,58.0,compost_organic_fertilizer,plasticizer,10.0,filler,10.0,no_additive,0.0,films,bacteria_dominated,yes
5.0,2.0,20,1,95,5,aerobic,enzyme_mediated_microbial_biodegradation,23.0,laboratory_mineral_media,no_additive,0.0,no_additive,0.0,no_additive,0.0,sheets,bacteria_dominated,no
12.0,9.0,20,1,95,5,aerobic,enzyme_mediated_microbial_biodegradation,23.0,laboratory_mineral_media,no_additive,0.0,no_additive,0.0,no_additive,0.0,sheets,bacteria_dominated,no
15.0,12.0,20,1,95,5,aerobic,enzyme_mediated_microbial_biodegradation,23.0,laboratory_mineral_media,no_additive,0.0,no_additive,0.0,no_additive,0.0,sheets,bacteria_dominated,no
20.0,20.0,20,1,95,5,aerobic,enzyme_mediated_microbial_biodegradation,23.0,laboratory_mineral_media,no_additive,0.0,no_additive,0.0,no_additive,0.0,sheets,bacteria_dominated,no
22.0,24.0,20,1,95,5,aerobic,enzyme_mediated_microbial_biodegradation,23.0,laboratory_mineral_media,no_additive,0.0,no_additive,0.0,no_additive,0.0,sheets,bacteria_dominated,no
24.0,30.0,20,1,95,5,aerobic,enzyme_mediated_microbial_biodegradation,23.0,laboratory_mineral_media,no_additive,0.0,no_additive,0.0,no_additive,0.0,sheets,bacteria_dominated,no
27.0,37.0,20,1,95,5,aerobic,enzyme_mediated_microbial_biodegradation,23.0,laboratory_mineral_media,no_additive,0.0,no_additive,0.0,no_additive,0.0,sheets,bacteria_dominated,no
29.0,42.0,20,1,95,5,aerobic,enzyme_mediated_microbial_biodegradation,23.0,laboratory_mineral_media,no_additive,0.0,no_additive,0.0,no_additive,0.0,sheets,bacteria_dominated,no
32.0,49.0,20,1,95,5,aerobic,enzyme_mediated_microbial_biodegradation,23.0,laboratory_mineral_media,no_additive,0.0,no_additive,0.0,no_additive,0.0,sheets,bacteria_dominated,no
35.0,53.0,20,1,95,5,aerobic,enzyme_mediated_microbial_biodegradation,23.0,laboratory_mineral_media,no_additive,0.0,no_additive,0.0,no_additive,0.0,sheets,bacteria_dominated,no
37.0,57.0,20,1,95,5,aerobic,enzyme_mediated_microbial_biodegradation,23.0,laboratory_mineral_media,no_additive,0.0,no_additive,0.0,no_additive,0.0,sheets,bacteria_dominated,no
39.0,60.0,20,1,95,5,aerobic,enzyme_mediated_microbial_biodegradation,23.0,laboratory_mineral_media,no_additive,0.0,no_additive,0.0,no_additive,0.0,sheets,bacteria_dominated,no
44.0,63.0,20,1,95,5,aerobic,enzyme_mediated_microbial_biodegradation,23.0,laboratory_mineral_media,no_additive,0.0,no_additive,0.0,no_additive,0.0,sheets,bacteria_dominated,no
7.0,7.0,20,2,95,5,aerobic,enzyme_mediated_microbial_biodegradation,23.0,laboratory_mineral_media,filler,10.0,no_additive,0.0,no_additive,0.0,sheets,bacteria_dominated,yes
12.0,11.0,20,2,95,5,aerobic,enzyme_mediated_microbial_biodegradation,23.0,laboratory_mineral_media,filler,10.0,no_additive,0.0,no_additive,0.0,sheets,bacteria_dominated,yes
15.0,13.0,20,2,95,5,aerobic,enzyme_mediated_microbial_biodegradation,23.0,laboratory_mineral_media,filler,10.0,no_additive,0.0,no_additive,0.0,sheets,bacteria_dominated,yes
17.0,16.0,20,2,95,5,aerobic,enzyme_mediated_microbial_biodegradation,23.0,laboratory_mineral_media,filler,10.0,no_additive,0.0,no_additive,0.0,sheets,bacteria_dominated,yes
19.0,19.0,20,2,95,5,aerobic,enzyme_mediated_microbial_biodegradation,23.0,laboratory_mineral_media,filler,10.0,no_additive,0.0,no_additive,0.0,sheets,bacteria_dominated,yes
22.0,23.0,20,2,95,5,aerobic,enzyme_mediated_microbial_biodegradation,23.0,laboratory_mineral_media,filler,10.0,no_additive,0.0,no_additive,0.0,sheets,bacteria_dominated,yes
25.0,26.0,20,2,95,5,aerobic,enzyme_mediated_microbial_biodegradation,23.0,laboratory_mineral_media,filler,10.0,no_additive,0.0,no_additive,0.0,sheets,bacteria_dominated,yes
27.0,33.0,20,2,95,5,aerobic,enzyme_mediated_microbial_biodegradation,23.0,laboratory_mineral_media,filler,10.0,no_additive,0.0,no_additive,0.0,sheets,bacteria_dominated,yes
30.0,37.0,20,2,95,5,aerobic,enzyme_mediated_microbial_biodegradation,23.0,laboratory_mineral_media,filler,10.0,no_additive,0.0,no_additive,0.0,sheets,bacteria_dominated,yes
32.0,44.0,20,2,95,5,aerobic,enzyme_mediated_microbial_biodegradation,23.0,laboratory_mineral_media,filler,10.0,no_additive,0.0,no_additive,0.0,sheets,bacteria_dominated,yes
34.0,45.0,20,2,95,5,aerobic,enzyme_mediated_microbial_biodegradation,23.0,laboratory_mineral_media,filler,10.0,no_additive,0.0,no_additive,0.0,sheets,bacteria_dominated,yes
37.0,48.0,20,2,95,5,aerobic,enzyme_mediated_microbial_biodegradation,23.0,laboratory_mineral_media,filler,10.0,no_additive,0.0,no_additive,0.0,sheets,bacteria_dominated,yes
40.0,50.0,20,2,95,5,aerobic,enzyme_mediated_microbial_biodegradation,23.0,laboratory_mineral_media,filler,10.0,no_additive,0.0,no_additive,0.0,sheets,bacteria_dominated,yes
41.0,52.0,20,2,95,5,aerobic,enzyme_mediated_microbial_biodegradation,23.0,laboratory_mineral_media,filler,10.0,no_additive,0.0,no_additive,0.0,sheets,bacteria_dominated,yes
43.0,53.0,20,2,95,5,aerobic,enzyme_mediated_microbial_biodegradation,23.0,laboratory_mineral_media,filler,10.0,no_additive,0.0,no_additive,0.0,sheets,bacteria_dominated,yes
44.0,55.0,20,2,95,5,aerobic,enzyme_mediated_microbial_biodegradation,23.0,laboratory_mineral_media,filler,10.0,no_additive,0.0,no_additive,0.0,sheets,bacteria_dominated,yes
7.0,5.0,20,3,95,5,aerobic,enzyme_mediated_microbial_biodegradation,23.0,laboratory_mineral_media,filler,20.0,no_additive,0.0,no_additive,0.0,sheets,bacteria_dominated,yes
12.0,7.0,20,3,95,5,aerobic,enzyme_mediated_microbial_biodegradation,23.0,laboratory_mineral_media,filler,20.0,no_additive,0.0,no_additive,0.0,sheets,bacteria_dominated,yes
15.0,14.0,20,3,95,5,aerobic,enzyme_mediated_microbial_biodegradation,23.0,laboratory_mineral_media,filler,20.0,no_additive,0.0,no_additive,0.0,sheets,bacteria_dominated,yes
17.0,20.0,20,3,95,5,aerobic,enzyme_mediated_microbial_biodegradation,23.0,laboratory_mineral_media,filler,20.0,no_additive,0.0,no_additive,0.0,sheets,bacteria_dominated,yes
19.0,24.0,20,3,95,5,aerobic,enzyme_mediated_microbial_biodegradation,23.0,laboratory_mineral_media,filler,20.0,no_additive,0.0,no_additive,0.0,sheets,bacteria_dominated,yes
22.0,28.0,20,3,95,5,aerobic,enzyme_mediated_microbial_biodegradation,23.0,laboratory_mineral_media,filler,20.0,no_additive,0.0,no_additive,0.0,sheets,bacteria_dominated,yes
25.0,34.0,20,3,95,5,aerobic,enzyme_mediated_microbial_biodegradation,23.0,laboratory_mineral_media,filler,20.0,no_additive,0.0,no_additive,0.0,sheets,bacteria_dominated,yes
27.0,40.0,20,3,95,5,aerobic,enzyme_mediated_microbial_biodegradation,23.0,laboratory_mineral_media,filler,20.0,no_additive,0.0,no_additive,0.0,sheets,bacteria_dominated,yes
30.0,44.0,20,3,95,5,aerobic,enzyme_mediated_microbial_biodegradation,23.0,laboratory_mineral_media,filler,20.0,no_additive,0.0,no_additive,0.0,sheets,bacteria_dominated,yes
32.0,48.0,20,3,95,5,aerobic,enzyme_mediated_microbial_biodegradation,23.0,laboratory_mineral_media,filler,20.0,no_additive,0.0,no_additive,0.0,sheets,bacteria_dominated,yes
35.0,51.0,20,3,95,5,aerobic,enzyme_mediated_microbial_biodegradation,23.0,laboratory_mineral_media,filler,20.0,no_additive,0.0,no_additive,0.0,sheets,bacteria_dominated,yes
37.0,55.0,20,3,95,5,aerobic,enzyme_mediated_microbial_biodegradation,23.0,laboratory_mineral_media,filler,20.0,no_additive,0.0,no_additive,0.0,sheets,bacteria_dominated,yes
40.0,58.0,20,3,95,5,aerobic,enzyme_mediated_microbial_biodegradation,23.0,laboratory_mineral_media,filler,20.0,no_additive,0.0,no_additive,0.0,sheets,bacteria_dominated,yes
42.0,59.0,20,3,95,5,aerobic,enzyme_mediated_microbial_biodegradation,23.0,laboratory_mineral_media,filler,20.0,no_additive,0.0,no_additive,0.0,sheets,bacteria_dominated,yes
44.0,60.0,20,3,95,5,aerobic,enzyme_mediated_microbial_biodegradation,23.0,laboratory_mineral_media,filler,20.0,no_additive,0.0,no_additive,0.0,sheets,bacteria_dominated,yes
4.0,5.0,20,4,95,5,aerobic,enzyme_mediated_microbial_biodegradation,23.0,laboratory_mineral_media,filler,30.0,no_additive,0.0,no_additive,0.0,sheets,bacteria_dominated,yes
7.0,7.0,20,4,95,5,aerobic,enzyme_mediated_microbial_biodegradation,23.0,laboratory_mineral_media,filler,30.0,no_additive,0.0,no_additive,0.0,sheets,bacteria_dominated,yes
12.0,13.0,20,4,95,5,aerobic,enzyme_mediated_microbial_biodegradation,23.0,laboratory_mineral_media,filler,30.0,no_additive,0.0,no_additive,0.0,sheets,bacteria_dominated,yes
14.0,18.0,20,4,95,5,aerobic,enzyme_mediated_microbial_biodegradation,23.0,laboratory_mineral_media,filler,30.0,no_additive,0.0,no_additive,0.0,sheets,bacteria_dominated,yes
17.0,22.0,20,4,95,5,aerobic,enzyme_mediated_microbial_biodegradation,23.0,laboratory_mineral_media,filler,30.0,no_additive,0.0,no_additive,0.0,sheets,bacteria_dominated,yes
20.0,28.0,20,4,95,5,aerobic,enzyme_mediated_microbial_biodegradation,23.0,laboratory_mineral_media,filler,30.0,no_additive,0.0,no_additive,0.0,sheets,bacteria_dominated,yes
22.0,32.0,20,4,95,5,aerobic,enzyme_mediated_microbial_biodegradation,23.0,laboratory_mineral_media,filler,30.0,no_additive,0.0,no_additive,0.0,sheets,bacteria_dominated,yes
25.0,36.0,20,4,95,5,aerobic,enzyme_mediated_microbial_biodegradation,23.0,laboratory_mineral_media,filler,30.0,no_additive,0.0,no_additive,0.0,sheets,bacteria_dominated,yes
27.0,42.0,20,4,95,5,aerobic,enzyme_mediated_microbial_biodegradation,23.0,laboratory_mineral_media,filler,30.0,no_additive,0.0,no_additive,0.0,sheets,bacteria_dominated,yes
29.0,46.0,20,4,95,5,aerobic,enzyme_mediated_microbial_biodegradation,23.0,laboratory_mineral_media,filler,30.0,no_additive,0.0,no_additive,0.0,sheets,bacteria_dominated,yes
32.0,51.0,20,4,95,5,aerobic,enzyme_mediated_microbial_biodegradation,23.0,laboratory_mineral_media,filler,30.0,no_additive,0.0,no_additive,0.0,sheets,bacteria_dominated,yes
34.0,54.0,20,4,95,5,aerobic,enzyme_mediated_microbial_biodegradation,23.0,laboratory_mineral_media,filler,30.0,no_additive,0.0,no_additive,0.0,sheets,bacteria_dominated,yes
37.0,56.0,20,4,95,5,aerobic,enzyme_mediated_microbial_biodegradation,23.0,laboratory_mineral_media,filler,30.0,no_additive,0.0,no_additive,0.0,sheets,bacteria_dominated,yes
39.0,58.0,20,4,95,5,aerobic,enzyme_mediated_microbial_biodegradation,23.0,laboratory_mineral_media,filler,30.0,no_additive,0.0,no_additive,0.0,sheets,bacteria_dominated,yes
44.0,58.0,20,4,95,5,aerobic,enzyme_mediated_microbial_biodegradation,23.0,laboratory_mineral_media,filler,30.0,no_additive,0.0,no_additive,0.0,sheets,bacteria_dominated,yes
66.0,33.0,22,1,95,5,aerobic,hydrolysis_assisted_microbial_assimilation,25.0,marine_aquatic,no_additive,0.0,no_additive,0.0,no_additive,0.0,matrix_composites,bacteria_dominated,no
79.0,37.0,22,1,95,5,aerobic,hydrolysis_assisted_microbial_assimilation,25.0,marine_aquatic,no_additive,0.0,no_additive,0.0,no_additive,0.0,matrix_composites,bacteria_dominated,no
94.0,40.0,22,1,95,5,aerobic,hydrolysis_assisted_microbial_assimilation,25.0,marine_aquatic,no_additive,0.0,no_additive,0.0,no_additive,0.0,matrix_composites,bacteria_dominated,no
104.0,43.0,22,1,95,5,aerobic,hydrolysis_assisted_microbial_assimilation,25.0,marine_aquatic,no_additive,0.0,no_additive,0.0,no_additive,0.0,matrix_composites,bacteria_dominated,no
118.0,45.0,22,1,95,5,aerobic,hydrolysis_assisted_microbial_assimilation,25.0,marine_aquatic,no_additive,0.0,no_additive,0.0,no_additive,0.0,matrix_composites,bacteria_dominated,no
131.0,47.0,22,1,95,5,aerobic,hydrolysis_assisted_microbial_assimilation,25.0,marine_aquatic,no_additive,0.0,no_additive,0.0,no_additive,0.0,matrix_composites,bacteria_dominated,no
146.0,49.0,22,1,95,5,aerobic,hydrolysis_assisted_microbial_assimilation,25.0,marine_aquatic,no_additive,0.0,no_additive,0.0,no_additive,0.0,matrix_composites,bacteria_dominated,no
160.0,52.0,22,1,95,5,aerobic,hydrolysis_assisted_microbial_assimilation,25.0,marine_aquatic,no_additive,0.0,no_additive,0.0,no_additive,0.0,matrix_composites,bacteria_dominated,no
174.0,54.0,22,1,95,5,aerobic,hydrolysis_assisted_microbial_assimilation,25.0,marine_aquatic,no_additive,0.0,no_additive,0.0,no_additive,0.0,matrix_composites,bacteria_dominated,no
188.0,55.0,22,1,95,5,aerobic,hydrolysis_assisted_microbial_assimilation,25.0,marine_aquatic,no_additive,0.0,no_additive,0.0,no_additive,0.0,matrix_composites,bacteria_dominated,no
209.0,59.0,22,1,95,5,aerobic,hydrolysis_assisted_microbial_assimilation,25.0,marine_aquatic,no_additive,0.0,no_additive,0.0,no_additive,0.0,matrix_composites,bacteria_dominated,no
229.0,61.0,22,1,95,5,aerobic,hydrolysis_assisted_microbial_assimilation,25.0,marine_aquatic,no_additive,0.0,no_additive,0.0,no_additive,0.0,matrix_composites,bacteria_dominated,no
251.0,65.0,22,1,95,5,aerobic,hydrolysis_assisted_microbial_assimilation,25.0,marine_aquatic,no_additive,0.0,no_additive,0.0,no_additive,0.0,matrix_composites,bacteria_dominated,no
284.0,70.0,22,1,95,5,aerobic,hydrolysis_assisted_microbial_assimilation,25.0,marine_aquatic,no_additive,0.0,no_additive,0.0,no_additive,0.0,matrix_composites,bacteria_dominated,no
308.0,73.0,22,1,95,5,aerobic,hydrolysis_assisted_microbial_assimilation,25.0,marine_aquatic,no_additive,0.0,no_additive,0.0,no_additive,0.0,matrix_composites,bacteria_dominated,no
322.0,75.0,22,1,95,5,aerobic,hydrolysis_assisted_microbial_assimilation,25.0,marine_aquatic,no_additive,0.0,no_additive,0.0,no_additive,0.0,matrix_composites,bacteria_dominated,no
350.0,76.0,22,1,95,5,aerobic,hydrolysis_assisted_microbial_assimilation,25.0,marine_aquatic,no_additive,0.0,no_additive,0.0,no_additive,0.0,matrix_composites,bacteria_dominated,no
385.0,83.0,22,1,95,5,aerobic,hydrolysis_assisted_microbial_assimilation,25.0,marine_aquatic,no_additive,0.0,no_additive,0.0,no_additive,0.0,matrix_composites,bacteria_dominated,no
412.0,86.0,22,1,95,5,aerobic,hydrolysis_assisted_microbial_assimilation,25.0,marine_aquatic,no_additive,0.0,no_additive,0.0,no_additive,0.0,matrix_composites,bacteria_dominated,no
450.0,89.0,22,1,95,5,aerobic,hydrolysis_assisted_microbial_assimilation,25.0,marine_aquatic,no_additive,0.0,no_additive,0.0,no_additive,0.0,matrix_composites,bacteria_dominated,no
8.0,9.0,22,2,95,5,aerobic,hydrolysis_assisted_microbial_assimilation,25.0,marine_aquatic,filler,15.0,no_additive,0.0,no_additive,0.0,matrix_composites,bacteria_dominated,yes
11.0,14.0,22,2,95,5,aerobic,hydrolysis_assisted_microbial_assimilation,25.0,marine_aquatic,filler,15.0,no_additive,0.0,no_additive,0.0,matrix_composites,bacteria_dominated,yes
18.0,21.0,22,2,95,5,aerobic,hydrolysis_assisted_microbial_assimilation,25.0,marine_aquatic,filler,15.0,no_additive,0.0,no_additive,0.0,matrix_composites,bacteria_dominated,yes
26.0,26.0,22,2,95,5,aerobic,hydrolysis_assisted_microbial_assimilation,25.0,marine_aquatic,filler,15.0,no_additive,0.0,no_additive,0.0,matrix_composites,bacteria_dominated,yes
33.0,30.0,22,2,95,5,aerobic,hydrolysis_assisted_microbial_assimilation,25.0,marine_aquatic,filler,15.0,no_additive,0.0,no_additive,0.0,matrix_composites,bacteria_dominated,yes
45.0,35.0,22,2,95,5,aerobic,hydrolysis_assisted_microbial_assimilation,25.0,marine_aquatic,filler,15.0,no_additive,0.0,no_additive,0.0,matrix_composites,bacteria_dominated,yes
58.0,38.0,22,2,95,5,aerobic,hydrolysis_assisted_microbial_assimilation,25.0,marine_aquatic,filler,15.0,no_additive,0.0,no_additive,0.0,matrix_composites,bacteria_dominated,yes
68.0,41.0,22,2,95,5,aerobic,hydrolysis_assisted_microbial_assimilation,25.0,marine_aquatic,filler,15.0,no_additive,0.0,no_additive,0.0,matrix_composites,bacteria_dominated,yes
87.0,46.0,22,2,95,5,aerobic,hydrolysis_assisted_microbial_assimilation,25.0,marine_aquatic,filler,15.0,no_additive,0.0,no_additive,0.0,matrix_composites,bacteria_dominated,yes
103.0,52.0,22,2,95,5,aerobic,hydrolysis_assisted_microbial_assimilation,25.0,marine_aquatic,filler,15.0,no_additive,0.0,no_additive,0.0,matrix_composites,bacteria_dominated,yes
117.0,54.0,22,2,95,5,aerobic,hydrolysis_assisted_microbial_assimilation,25.0,marine_aquatic,filler,15.0,no_additive,0.0,no_additive,0.0,matrix_composites,bacteria_dominated,yes
141.0,59.0,22,2,95,5,aerobic,hydrolysis_assisted_microbial_assimilation,25.0,marine_aquatic,filler,15.0,no_additive,0.0,no_additive,0.0,matrix_composites,bacteria_dominated,yes
157.0,61.0,22,2,95,5,aerobic,hydrolysis_assisted_microbial_assimilation,25.0,marine_aquatic,filler,15.0,no_additive,0.0,no_additive,0.0,matrix_composites,bacteria_dominated,yes
169.0,64.0,22,2,95,5,aerobic,hydrolysis_assisted_microbial_assimilation,25.0,marine_aquatic,filler,15.0,no_additive,0.0,no_additive,0.0,matrix_composites,bacteria_dominated,yes
181.0,65.0,22,2,95,5,aerobic,hydrolysis_assisted_microbial_assimilation,25.0,marine_aquatic,filler,15.0,no_additive,0.0,no_additive,0.0,matrix_composites,bacteria_dominated,yes
194.0,67.0,22,2,95,5,aerobic,hydrolysis_assisted_microbial_assimilation,25.0,marine_aquatic,filler,15.0,no_additive,0.0,no_additive,0.0,matrix_composites,bacteria_dominated,yes
202.0,69.0,22,2,95,5,aerobic,hydrolysis_assisted_microbial_assimilation,25.0,marine_aquatic,filler,15.0,no_additive,0.0,no_additive,0.0,matrix_composites,bacteria_dominated,yes
219.0,71.0,22,2,95,5,aerobic,hydrolysis_assisted_microbial_assimilation,25.0,marine_aquatic,filler,15.0,no_additive,0.0,no_additive,0.0,matrix_composites,bacteria_dominated,yes
233.0,73.0,22,2,95,5,aerobic,hydrolysis_assisted_microbial_assimilation,25.0,marine_aquatic,filler,15.0,no_additive,0.0,no_additive,0.0,matrix_composites,bacteria_dominated,yes
246.0,75.0,22,2,95,5,aerobic,hydrolysis_assisted_microbial_assimilation,25.0,marine_aquatic,filler,15.0,no_additive,0.0,no_additive,0.0,matrix_composites,bacteria_dominated,yes
284.0,82.0,22,2,95,5,aerobic,hydrolysis_assisted_microbial_assimilation,25.0,marine_aquatic,filler,15.0,no_additive,0.0,no_additive,0.0,matrix_composites,bacteria_dominated,yes
307.0,86.0,22,2,95,5,aerobic,hydrolysis_assisted_microbial_assimilation,25.0,marine_aquatic,filler,15.0,no_additive,0.0,no_additive,0.0,matrix_composites,bacteria_dominated,yes
347.0,88.0,22,2,95,5,aerobic,hydrolysis_assisted_microbial_assimilation,25.0,marine_aquatic,filler,15.0,no_additive,0.0,no_additive,0.0,matrix_composites,bacteria_dominated,yes
383.0,92.0,22,2,95,5,aerobic,hydrolysis_assisted_microbial_assimilation,25.0,marine_aquatic,filler,15.0,no_additive,0.0,no_additive,0.0,matrix_composites,bacteria_dominated,yes
414.0,95.0,22,2,95,5,aerobic,hydrolysis_assisted_microbial_assimilation,25.0,marine_aquatic,filler,15.0,no_additive,0.0,no_additive,0.0,matrix_composites,bacteria_dominated,yes
452.0,96.0,22,2,95,5,aerobic,hydrolysis_assisted_microbial_assimilation,25.0,marine_aquatic,filler,15.0,no_additive,0.0,no_additive,0.0,matrix_composites,bacteria_dominated,yes
23.0,21.0,22,3,95,5,aerobic,hydrolysis_assisted_microbial_assimilation,25.0,marine_aquatic,filler,25.0,no_additive,0.0,no_additive,0.0,matrix_composites,bacteria_dominated,yes
33.0,26.0,22,3,95,5,aerobic,hydrolysis_assisted_microbial_assimilation,25.0,marine_aquatic,filler,25.0,no_additive,0.0,no_additive,0.0,matrix_composites,bacteria_dominated,yes
41.0,30.0,22,3,95,5,aerobic,hydrolysis_assisted_microbial_assimilation,25.0,marine_aquatic,filler,25.0,no_additive,0.0,no_additive,0.0,matrix_composites,bacteria_dominated,yes
53.0,35.0,22,3,95,5,aerobic,hydrolysis_assisted_microbial_assimilation,25.0,marine_aquatic,filler,25.0,no_additive,0.0,no_additive,0.0,matrix_composites,bacteria_dominated,yes
66.0,38.0,22,3,95,5,aerobic,hydrolysis_assisted_microbial_assimilation,25.0,marine_aquatic,filler,25.0,no_additive,0.0,no_additive,0.0,matrix_composites,bacteria_dominated,yes
80.0,41.0,22,3,95,5,aerobic,hydrolysis_assisted_microbial_assimilation,25.0,marine_aquatic,filler,25.0,no_additive,0.0,no_additive,0.0,matrix_composites,bacteria_dominated,yes
95.0,45.0,22,3,95,5,aerobic,hydrolysis_assisted_microbial_assimilation,25.0,marine_aquatic,filler,25.0,no_additive,0.0,no_additive,0.0,matrix_composites,bacteria_dominated,yes
106.0,50.0,22,3,95,5,aerobic,hydrolysis_assisted_microbial_assimilation,25.0,marine_aquatic,filler,25.0,no_additive,0.0,no_additive,0.0,matrix_composites,bacteria_dominated,yes
130.0,58.0,22,3,95,5,aerobic,hydrolysis_assisted_microbial_assimilation,25.0,marine_aquatic,filler,25.0,no_additive,0.0,no_additive,0.0,matrix_composites,bacteria_dominated,yes
147.0,60.0,22,3,95,5,aerobic,hydrolysis_assisted_microbial_assimilation,25.0,marine_aquatic,filler,25.0,no_additive,0.0,no_additive,0.0,matrix_composites,bacteria_dominated,yes
157.0,63.0,22,3,95,5,aerobic,hydrolysis_assisted_microbial_assimilation,25.0,marine_aquatic,filler,25.0,no_additive,0.0,no_additive,0.0,matrix_composites,bacteria_dominated,yes
174.0,66.0,22,3,95,5,aerobic,hydrolysis_assisted_microbial_assimilation,25.0,marine_aquatic,filler,25.0,no_additive,0.0,no_additive,0.0,matrix_composites,bacteria_dominated,yes
194.0,68.0,22,3,95,5,aerobic,hydrolysis_assisted_microbial_assimilation,25.0,marine_aquatic,filler,25.0,no_additive,0.0,no_additive,0.0,matrix_composites,bacteria_dominated,yes
209.0,69.0,22,3,95,5,aerobic,hydrolysis_assisted_microbial_assimilation,25.0,marine_aquatic,filler,25.0,no_additive,0.0,no_additive,0.0,matrix_composites,bacteria_dominated,yes
227.0,72.0,22,3,95,5,aerobic,hydrolysis_assisted_microbial_assimilation,25.0,marine_aquatic,filler,25.0,no_additive,0.0,no_additive,0.0,matrix_composites,bacteria_dominated,yes
252.0,76.0,22,3,95,5,aerobic,hydrolysis_assisted_microbial_assimilation,25.0,marine_aquatic,filler,25.0,no_additive,0.0,no_additive,0.0,matrix_composites,bacteria_dominated,yes
284.0,84.0,22,3,95,5,aerobic,hydrolysis_assisted_microbial_assimilation,25.0,marine_aquatic,filler,25.0,no_additive,0.0,no_additive,0.0,matrix_composites,bacteria_dominated,yes
307.0,89.0,22,3,95,5,aerobic,hydrolysis_assisted_microbial_assimilation,25.0,marine_aquatic,filler,25.0,no_additive,0.0,no_additive,0.0,matrix_composites,bacteria_dominated,yes
322.0,91.0,22,3,95,5,aerobic,hydrolysis_assisted_microbial_assimilation,25.0,marine_aquatic,filler,25.0,no_additive,0.0,no_additive,0.0,matrix_composites,bacteria_dominated,yes
350.0,92.0,22,3,95,5,aerobic,hydrolysis_assisted_microbial_assimilation,25.0,marine_aquatic,filler,25.0,no_additive,0.0,no_additive,0.0,matrix_composites,bacteria_dominated,yes
386.0,94.0,22,3,95,5,aerobic,hydrolysis_assisted_microbial_assimilation,25.0,marine_aquatic,filler,25.0,no_additive,0.0,no_additive,0.0,matrix_composites,bacteria_dominated,yes
413.0,97.0,22,3,95,5,aerobic,hydrolysis_assisted_microbial_assimilation,25.0,marine_aquatic,filler,25.0,no_additive,0.0,no_additive,0.0,matrix_composites,bacteria_dominated,yes
14.0,8.0,22,4,95,5,aerobic,hydrolysis_assisted_microbial_assimilation,25.0,marine_aquatic,no_additive,0.0,filler,15.0,no_additive,0.0,matrix_composites,bacteria_dominated,yes
20.0,15.0,22,4,95,5,aerobic,hydrolysis_assisted_microbial_assimilation,25.0,marine_aquatic,no_additive,0.0,filler,15.0,no_additive,0.0,matrix_composites,bacteria_dominated,yes
31.0,21.0,22,4,95,5,aerobic,hydrolysis_assisted_microbial_assimilation,25.0,marine_aquatic,no_additive,0.0,filler,15.0,no_additive,0.0,matrix_composites,bacteria_dominated,yes
40.0,26.0,22,4,95,5,aerobic,hydrolysis_assisted_microbial_assimilation,25.0,marine_aquatic,no_additive,0.0,filler,15.0,no_additive,0.0,matrix_composites,bacteria_dominated,yes
53.0,30.0,22,4,95,5,aerobic,hydrolysis_assisted_microbial_assimilation,25.0,marine_aquatic,no_additive,0.0,filler,15.0,no_additive,0.0,matrix_composites,bacteria_dominated,yes
69.0,40.0,22,4,95,5,aerobic,hydrolysis_assisted_microbial_assimilation,25.0,marine_aquatic,no_additive,0.0,filler,15.0,no_additive,0.0,matrix_composites,bacteria_dominated,yes
81.0,45.0,22,4,95,5,aerobic,hydrolysis_assisted_microbial_assimilation,25.0,marine_aquatic,no_additive,0.0,filler,15.0,no_additive,0.0,matrix_composites,bacteria_dominated,yes
94.0,49.0,22,4,95,5,aerobic,hydrolysis_assisted_microbial_assimilation,25.0,marine_aquatic,no_additive,0.0,filler,15.0,no_additive,0.0,matrix_composites,bacteria_dominated,yes
117.0,53.0,22,4,95,5,aerobic,hydrolysis_assisted_microbial_assimilation,25.0,marine_aquatic,no_additive,0.0,filler,15.0,no_additive,0.0,matrix_composites,bacteria_dominated,yes
138.0,58.0,22,4,95,5,aerobic,hydrolysis_assisted_microbial_assimilation,25.0,marine_aquatic,no_additive,0.0,filler,15.0,no_additive,0.0,matrix_composites,bacteria_dominated,yes
154.0,60.0,22,4,95,5,aerobic,hydrolysis_assisted_microbial_assimilation,25.0,marine_aquatic,no_additive,0.0,filler,15.0,no_additive,0.0,matrix_composites,bacteria_dominated,yes
163.0,61.0,22,4,95,5,aerobic,hydrolysis_assisted_microbial_assimilation,25.0,marine_aquatic,no_additive,0.0,filler,15.0,no_additive,0.0,matrix_composites,bacteria_dominated,yes
197.0,69.0,22,4,95,5,aerobic,hydrolysis_assisted_microbial_assimilation,25.0,marine_aquatic,no_additive,0.0,filler,15.0,no_additive,0.0,matrix_composites,bacteria_dominated,yes
217.0,73.0,22,4,95,5,aerobic,hydrolysis_assisted_microbial_assimilation,25.0,marine_aquatic,no_additive,0.0,filler,15.0,no_additive,0.0,matrix_composites,bacteria_dominated,yes
235.0,77.0,22,4,95,5,aerobic,hydrolysis_assisted_microbial_assimilation,25.0,marine_aquatic,no_additive,0.0,filler,15.0,no_additive,0.0,matrix_composites,bacteria_dominated,yes
264.0,80.0,22,4,95,5,aerobic,hydrolysis_assisted_microbial_assimilation,25.0,marine_aquatic,no_additive,0.0,filler,15.0,no_additive,0.0,matrix_composites,bacteria_dominated,yes
272.0,81.0,22,4,95,5,aerobic,hydrolysis_assisted_microbial_assimilation,25.0,marine_aquatic,no_additive,0.0,filler,15.0,no_additive,0.0,matrix_composites,bacteria_dominated,yes
279.0,82.0,22,4,95,5,aerobic,hydrolysis_assisted_microbial_assimilation,25.0,marine_aquatic,no_additive,0.0,filler,15.0,no_additive,0.0,matrix_composites,bacteria_dominated,yes
295.0,84.0,22,4,95,5,aerobic,hydrolysis_assisted_microbial_assimilation,25.0,marine_aquatic,no_additive,0.0,filler,15.0,no_additive,0.0,matrix_composites,bacteria_dominated,yes
307.0,85.0,22,4,95,5,aerobic,hydrolysis_assisted_microbial_assimilation,25.0,marine_aquatic,no_additive,0.0,filler,15.0,no_additive,0.0,matrix_composites,bacteria_dominated,yes
327.0,88.0,22,4,95,5,aerobic,hydrolysis_assisted_microbial_assimilation,25.0,marine_aquatic,no_additive,0.0,filler,15.0,no_additive,0.0,matrix_composites,bacteria_dominated,yes
360.0,91.0,22,4,95,5,aerobic,hydrolysis_assisted_microbial_assimilation,25.0,marine_aquatic,no_additive,0.0,filler,15.0,no_additive,0.0,matrix_composites,bacteria_dominated,yes
13.0,10.0,22,5,95,5,aerobic,hydrolysis_assisted_microbial_assimilation,25.0,marine_aquatic,no_additive,0.0,filler,25.0,no_additive,0.0,matrix_composites,bacteria_dominated,yes
18.0,17.0,22,5,95,5,aerobic,hydrolysis_assisted_microbial_assimilation,25.0,marine_aquatic,no_additive,0.0,filler,25.0,no_additive,0.0,matrix_composites,bacteria_dominated,yes
29.0,25.0,22,5,95,5,aerobic,hydrolysis_assisted_microbial_assimilation,25.0,marine_aquatic,no_additive,0.0,filler,25.0,no_additive,0.0,matrix_composites,bacteria_dominated,yes
33.0,29.0,22,5,95,5,aerobic,hydrolysis_assisted_microbial_assimilation,25.0,marine_aquatic,no_additive,0.0,filler,25.0,no_additive,0.0,matrix_composites,bacteria_dominated,yes
40.0,33.0,22,5,95,5,aerobic,hydrolysis_assisted_microbial_assimilation,25.0,marine_aquatic,no_additive,0.0,filler,25.0,no_additive,0.0,matrix_composites,bacteria_dominated,yes
49.0,36.0,22,5,95,5,aerobic,hydrolysis_assisted_microbial_assimilation,25.0,marine_aquatic,no_additive,0.0,filler,25.0,no_additive,0.0,matrix_composites,bacteria_dominated,yes
56.0,40.0,22,5,95,5,aerobic,hydrolysis_assisted_microbial_assimilation,25.0,marine_aquatic,no_additive,0.0,filler,25.0,no_additive,0.0,matrix_composites,bacteria_dominated,yes
69.0,45.0,22,5,95,5,aerobic,hydrolysis_assisted_microbial_assimilation,25.0,marine_aquatic,no_additive,0.0,filler,25.0,no_additive,0.0,matrix_composites,bacteria_dominated,yes
84.0,51.0,22,5,95,5,aerobic,hydrolysis_assisted_microbial_assimilation,25.0,marine_aquatic,no_additive,0.0,filler,25.0,no_additive,0.0,matrix_composites,bacteria_dominated,yes
101.0,59.0,22,5,95,5,aerobic,hydrolysis_assisted_microbial_assimilation,25.0,marine_aquatic,no_additive,0.0,filler,25.0,no_additive,0.0,matrix_composites,bacteria_dominated,yes
121.0,66.0,22,5,95,5,aerobic,hydrolysis_assisted_microbial_assimilation,25.0,marine_aquatic,no_additive,0.0,filler,25.0,no_additive,0.0,matrix_composites,bacteria_dominated,yes
141.0,70.0,22,5,95,5,aerobic,hydrolysis_assisted_microbial_assimilation,25.0,marine_aquatic,no_additive,0.0,filler,25.0,no_additive,0.0,matrix_composites,bacteria_dominated,yes
164.0,77.0,22,5,95,5,aerobic,hydrolysis_assisted_microbial_assimilation,25.0,marine_aquatic,no_additive,0.0,filler,25.0,no_additive,0.0,matrix_composites,bacteria_dominated,yes
197.0,84.0,22,5,95,5,aerobic,hydrolysis_assisted_microbial_assimilation,25.0,marine_aquatic,no_additive,0.0,filler,25.0,no_additive,0.0,matrix_composites,bacteria_dominated,yes
218.0,90.0,22,5,95,5,aerobic,hydrolysis_assisted_microbial_assimilation,25.0,marine_aquatic,no_additive,0.0,filler,25.0,no_additive,0.0,matrix_composites,bacteria_dominated,yes
234.0,91.0,22,5,95,5,aerobic,hydrolysis_assisted_microbial_assimilation,25.0,marine_aquatic,no_additive,0.0,filler,25.0,no_additive,0.0,matrix_composites,bacteria_dominated,yes
258.0,95.0,22,5,95,5,aerobic,hydrolysis_assisted_microbial_assimilation,25.0,marine_aquatic,no_additive,0.0,filler,25.0,no_additive,0.0,matrix_composites,bacteria_dominated,yes
294.0,97.0,22,5,95,5,aerobic,hydrolysis_assisted_microbial_assimilation,25.0,marine_aquatic,no_additive,0.0,filler,25.0,no_additive,0.0,matrix_composites,bacteria_dominated,yes
327.0,100.0,22,5,95,5,aerobic,hydrolysis_assisted_microbial_assimilation,25.0,marine_aquatic,no_additive,0.0,filler,25.0,no_additive,0.0,matrix_composites,bacteria_dominated,yes
14.0,5.0,23,1,97,3,aerobic,all_mechanisms,28.0,soil,no_additive,0.0,no_additive,0.0,no_additive,0.0,films,bacteria_fungi_mixed,no
17.0,7.0,23,1,97,3,aerobic,all_mechanisms,28.0,soil,no_additive,0.0,no_additive,0.0,no_additive,0.0,films,bacteria_fungi_mixed,no
19.0,8.0,23,1,97,3,aerobic,all_mechanisms,28.0,soil,no_additive,0.0,no_additive,0.0,no_additive,0.0,films,bacteria_fungi_mixed,no
23.0,10.0,23,1,97,3,aerobic,all_mechanisms,28.0,soil,no_additive,0.0,no_additive,0.0,no_additive,0.0,films,bacteria_fungi_mixed,no
25.0,12.0,23,1,97,3,aerobic,all_mechanisms,28.0,soil,no_additive,0.0,no_additive,0.0,no_additive,0.0,films,bacteria_fungi_mixed,no
29.0,16.0,23,1,97,3,aerobic,all_mechanisms,28.0,soil,no_additive,0.0,no_additive,0.0,no_additive,0.0,films,bacteria_fungi_mixed,no
32.0,17.0,23,1,97,3,aerobic,all_mechanisms,28.0,soil,no_additive,0.0,no_additive,0.0,no_additive,0.0,films,bacteria_fungi_mixed,no
37.0,22.0,23,1,97,3,aerobic,all_mechanisms,28.0,soil,no_additive,0.0,no_additive,0.0,no_additive,0.0,films,bacteria_fungi_mixed,no
42.0,26.0,23,1,97,3,aerobic,all_mechanisms,28.0,soil,no_additive,0.0,no_additive,0.0,no_additive,0.0,films,bacteria_fungi_mixed,no
46.0,34.0,23,1,97,3,aerobic,all_mechanisms,28.0,soil,no_additive,0.0,no_additive,0.0,no_additive,0.0,films,bacteria_fungi_mixed,no
50.0,35.0,23,1,97,3,aerobic,all_mechanisms,28.0,soil,no_additive,0.0,no_additive,0.0,no_additive,0.0,films,bacteria_fungi_mixed,no
54.0,37.0,23,1,97,3,aerobic,all_mechanisms,28.0,soil,no_additive,0.0,no_additive,0.0,no_additive,0.0,films,bacteria_fungi_mixed,no
57.0,41.0,23,1,97,3,aerobic,all_mechanisms,28.0,soil,no_additive,0.0,no_additive,0.0,no_additive,0.0,films,bacteria_fungi_mixed,no
61.0,42.0,23,1,97,3,aerobic,all_mechanisms,28.0,soil,no_additive,0.0,no_additive,0.0,no_additive,0.0,films,bacteria_fungi_mixed,no
65.0,48.0,23,1,97,3,aerobic,all_mechanisms,28.0,soil,no_additive,0.0,no_additive,0.0,no_additive,0.0,films,bacteria_fungi_mixed,no
67.0,52.0,23,1,97,3,aerobic,all_mechanisms,28.0,soil,no_additive,0.0,no_additive,0.0,no_additive,0.0,films,bacteria_fungi_mixed,no
75.0,55.0,23,1,97,3,aerobic,all_mechanisms,28.0,soil,no_additive,0.0,no_additive,0.0,no_additive,0.0,films,bacteria_fungi_mixed,no
81.0,60.0,23,1,97,3,aerobic,all_mechanisms,28.0,soil,no_additive,0.0,no_additive,0.0,no_additive,0.0,films,bacteria_fungi_mixed,no
84.0,64.0,23,1,97,3,aerobic,all_mechanisms,28.0,soil,no_additive,0.0,no_additive,0.0,no_additive,0.0,films,bacteria_fungi_mixed,no
89.0,67.0,23,1,97,3,aerobic,all_mechanisms,28.0,soil,no_additive,0.0,no_additive,0.0,no_additive,0.0,films,bacteria_fungi_mixed,no
95.0,72.0,23,1,97,3,aerobic,all_mechanisms,28.0,soil,no_additive,0.0,no_additive,0.0,no_additive,0.0,films,bacteria_fungi_mixed,no
102.0,76.0,23,1,97,3,aerobic,all_mechanisms,28.0,soil,no_additive,0.0,no_additive,0.0,no_additive,0.0,films,bacteria_fungi_mixed,no
109.0,82.0,23,1,97,3,aerobic,all_mechanisms,28.0,soil,no_additive,0.0,no_additive,0.0,no_additive,0.0,films,bacteria_fungi_mixed,no
113.0,85.0,23,1,97,3,aerobic,all_mechanisms,28.0,soil,no_additive,0.0,no_additive,0.0,no_additive,0.0,films,bacteria_fungi_mixed,no
116.0,86.0,23,1,97,3,aerobic,all_mechanisms,28.0,soil,no_additive,0.0,no_additive,0.0,no_additive,0.0,films,bacteria_fungi_mixed,no
120.0,89.0,23,1,97,3,aerobic,all_mechanisms,28.0,soil,no_additive,0.0,no_additive,0.0,no_additive,0.0,films,bacteria_fungi_mixed,no
122.0,92.0,23,1,97,3,aerobic,all_mechanisms,28.0,soil,no_additive,0.0,no_additive,0.0,no_additive,0.0,films,bacteria_fungi_mixed,no
26.0,28.0,23,2,97,3,aerobic,all_mechanisms,28.0,soil,filler,15.0,no_additive,0.0,no_additive,0.0,films,bacteria_fungi_mixed,yes
28.0,32.0,23,2,97,3,aerobic,all_mechanisms,28.0,soil,filler,15.0,no_additive,0.0,no_additive,0.0,films,bacteria_fungi_mixed,yes
32.0,37.0,23,2,97,3,aerobic,all_mechanisms,28.0,soil,filler,15.0,no_additive,0.0,no_additive,0.0,films,bacteria_fungi_mixed,yes
36.0,44.0,23,2,97,3,aerobic,all_mechanisms,28.0,soil,filler,15.0,no_additive,0.0,no_additive,0.0,films,bacteria_fungi_mixed,yes
38.0,49.0,23,2,97,3,aerobic,all_mechanisms,28.0,soil,filler,15.0,no_additive,0.0,no_additive,0.0,films,bacteria_fungi_mixed,yes
41.0,52.0,23,2,97,3,aerobic,all_mechanisms,28.0,soil,filler,15.0,no_additive,0.0,no_additive,0.0,films,bacteria_fungi_mixed,yes
46.0,60.0,23,2,97,3,aerobic,all_mechanisms,28.0,soil,filler,15.0,no_additive,0.0,no_additive,0.0,films,bacteria_fungi_mixed,yes
50.0,66.0,23,2,97,3,aerobic,all_mechanisms,28.0,soil,filler,15.0,no_additive,0.0,no_additive,0.0,films,bacteria_fungi_mixed,yes
54.0,72.0,23,2,97,3,aerobic,all_mechanisms,28.0,soil,filler,15.0,no_additive,0.0,no_additive,0.0,films,bacteria_fungi_mixed,yes
60.0,81.0,23,2,97,3,aerobic,all_mechanisms,28.0,soil,filler,15.0,no_additive,0.0,no_additive,0.0,films,bacteria_fungi_mixed,yes
67.0,93.0,23,2,97,3,aerobic,all_mechanisms,28.0,soil,filler,15.0,no_additive,0.0,no_additive,0.0,films,bacteria_fungi_mixed,yes
8.0,9.0,23,3,97,3,aerobic,all_mechanisms,28.0,soil,filler,15.0,no_additive,0.0,no_additive,0.0,films,bacteria_fungi_mixed,yes
14.0,16.0,23,3,97,3,aerobic,all_mechanisms,28.0,soil,filler,15.0,no_additive,0.0,no_additive,0.0,films,bacteria_fungi_mixed,yes
19.0,21.0,23,3,97,3,aerobic,all_mechanisms,28.0,soil,filler,15.0,no_additive,0.0,no_additive,0.0,films,bacteria_fungi_mixed,yes
26.0,25.0,23,3,97,3,aerobic,all_mechanisms,28.0,soil,filler,15.0,no_additive,0.0,no_additive,0.0,films,bacteria_fungi_mixed,yes
33.0,34.0,23,3,97,3,aerobic,all_mechanisms,28.0,soil,filler,15.0,no_additive,0.0,no_additive,0.0,films,bacteria_fungi_mixed,yes
41.0,50.0,23,3,97,3,aerobic,all_mechanisms,28.0,soil,filler,15.0,no_additive,0.0,no_additive,0.0,films,bacteria_fungi_mixed,yes
47.0,57.0,23,3,97,3,aerobic,all_mechanisms,28.0,soil,filler,15.0,no_additive,0.0,no_additive,0.0,films,bacteria_fungi_mixed,yes
53.0,70.0,23,3,97,3,aerobic,all_mechanisms,28.0,soil,filler,15.0,no_additive,0.0,no_additive,0.0,films,bacteria_fungi_mixed,yes
61.0,75.0,23,3,97,3,aerobic,all_mechanisms,28.0,soil,filler,15.0,no_additive,0.0,no_additive,0.0,films,bacteria_fungi_mixed,yes
67.0,87.0,23,3,97,3,aerobic,all_mechanisms,28.0,soil,filler,15.0,no_additive,0.0,no_additive,0.0,films,bacteria_fungi_mixed,yes
74.0,96.0,23,3,97,3,aerobic,all_mechanisms,28.0,soil,filler,15.0,no_additive,0.0,no_additive,0.0,films,bacteria_fungi_mixed,yes
14.0,11.0,23,4,97,3,aerobic,all_mechanisms,28.0,soil,filler,15.0,no_additive,0.0,no_additive,0.0,films,bacteria_fungi_mixed,yes
20.0,18.0,23,4,97,3,aerobic,all_mechanisms,28.0,soil,filler,15.0,no_additive,0.0,no_additive,0.0,films,bacteria_fungi_mixed,yes
25.0,21.0,23,4,97,3,aerobic,all_mechanisms,28.0,soil,filler,15.0,no_additive,0.0,no_additive,0.0,films,bacteria_fungi_mixed,yes
33.0,29.0,23,4,97,3,aerobic,all_mechanisms,28.0,soil,filler,15.0,no_additive,0.0,no_additive,0.0,films,bacteria_fungi_mixed,yes
42.0,45.0,23,4,97,3,aerobic,all_mechanisms,28.0,soil,filler,15.0,no_additive,0.0,no_additive,0.0,films,bacteria_fungi_mixed,yes
47.0,56.0,23,4,97,3,aerobic,all_mechanisms,28.0,soil,filler,15.0,no_additive,0.0,no_additive,0.0,films,bacteria_fungi_mixed,yes
53.0,65.0,23,4,97,3,aerobic,all_mechanisms,28.0,soil,filler,15.0,no_additive,0.0,no_additive,0.0,films,bacteria_fungi_mixed,yes
61.0,76.0,23,4,97,3,aerobic,all_mechanisms,28.0,soil,filler,15.0,no_additive,0.0,no_additive,0.0,films,bacteria_fungi_mixed,yes
67.0,87.0,23,4,97,3,aerobic,all_mechanisms,28.0,soil,filler,15.0,no_additive,0.0,no_additive,0.0,films,bacteria_fungi_mixed,yes
74.0,89.0,23,4,97,3,aerobic,all_mechanisms,28.0,soil,filler,15.0,no_additive,0.0,no_additive,0.0,films,bacteria_fungi_mixed,yes
81.0,95.0,23,4,97,3,aerobic,all_mechanisms,28.0,soil,filler,15.0,no_additive,0.0,no_additive,0.0,films,bacteria_fungi_mixed,yes
24.0,6.0,24,1,98,2,aerobic,hydrolysis_assisted_microbial_assimilation,25.0,marine_aquatic,no_additive,0.0,no_additive,0.0,no_additive,0.0,films,diverse_environmental,no
28.0,10.0,24,1,98,2,aerobic,hydrolysis_assisted_microbial_assimilation,25.0,marine_aquatic,no_additive,0.0,no_additive,0.0,no_additive,0.0,films,diverse_environmental,no
33.0,14.0,24,1,98,2,aerobic,hydrolysis_assisted_microbial_assimilation,25.0,marine_aquatic,no_additive,0.0,no_additive,0.0,no_additive,0.0,films,diverse_environmental,no
61.0,41.0,24,1,98,2,aerobic,hydrolysis_assisted_microbial_assimilation,25.0,marine_aquatic,no_additive,0.0,no_additive,0.0,no_additive,0.0,films,diverse_environmental,no
66.0,45.0,24,1,98,2,aerobic,hydrolysis_assisted_microbial_assimilation,25.0,marine_aquatic,no_additive,0.0,no_additive,0.0,no_additive,0.0,films,diverse_environmental,no
70.0,50.0,24,1,98,2,aerobic,hydrolysis_assisted_microbial_assimilation,25.0,marine_aquatic,no_additive,0.0,no_additive,0.0,no_additive,0.0,films,diverse_environmental,no
75.0,54.0,24,1,98,2,aerobic,hydrolysis_assisted_microbial_assimilation,25.0,marine_aquatic,no_additive,0.0,no_additive,0.0,no_additive,0.0,films,diverse_environmental,no
80.0,58.0,24,1,98,2,aerobic,hydrolysis_assisted_microbial_assimilation,25.0,marine_aquatic,no_additive,0.0,no_additive,0.0,no_additive,0.0,films,diverse_environmental,no
85.0,62.0,24,1,98,2,aerobic,hydrolysis_assisted_microbial_assimilation,25.0,marine_aquatic,no_additive,0.0,no_additive,0.0,no_additive,0.0,films,diverse_environmental,no
89.0,65.0,24,1,98,2,aerobic,hydrolysis_assisted_microbial_assimilation,25.0,marine_aquatic,no_additive,0.0,no_additive,0.0,no_additive,0.0,films,diverse_environmental,no
94.0,68.0,24,1,98,2,aerobic,hydrolysis_assisted_microbial_assimilation,25.0,marine_aquatic,no_additive,0.0,no_additive,0.0,no_additive,0.0,films,diverse_environmental,no
99.0,71.0,24,1,98,2,aerobic,hydrolysis_assisted_microbial_assimilation,25.0,marine_aquatic,no_additive,0.0,no_additive,0.0,no_additive,0.0,films,diverse_environmental,no
103.0,74.0,24,1,98,2,aerobic,hydrolysis_assisted_microbial_assimilation,25.0,marine_aquatic,no_additive,0.0,no_additive,0.0,no_additive,0.0,films,diverse_environmental,no
108.0,77.0,24,1,98,2,aerobic,hydrolysis_assisted_microbial_assimilation,25.0,marine_aquatic,no_additive,0.0,no_additive,0.0,no_additive,0.0,films,diverse_environmental,no
126.0,84.0,24,1,98,2,aerobic,hydrolysis_assisted_microbial_assimilation,25.0,marine_aquatic,no_additive,0.0,no_additive,0.0,no_additive,0.0,films,diverse_environmental,no
141.0,88.0,24,1,98,2,aerobic,hydrolysis_assisted_microbial_assimilation,25.0,marine_aquatic,no_additive,0.0,no_additive,0.0,no_additive,0.0,films,diverse_environmental,no
154.0,92.0,24,1,98,2,aerobic,hydrolysis_assisted_microbial_assimilation,25.0,marine_aquatic,no_additive,0.0,no_additive,0.0,no_additive,0.0,films,diverse_environmental,no
15.0,4.0,24,2,98,2,aerobic,hydrolysis_assisted_microbial_assimilation,25.0,marine_aquatic,functional_additive,5.0,no_additive,0.0,no_additive,0.0,films,diverse_environmental,yes
21.0,11.0,24,2,98,2,aerobic,hydrolysis_assisted_microbial_assimilation,25.0,marine_aquatic,functional_additive,5.0,no_additive,0.0,no_additive,0.0,films,diverse_environmental,yes
26.0,14.0,24,2,98,2,aerobic,hydrolysis_assisted_microbial_assimilation,25.0,marine_aquatic,functional_additive,5.0,no_additive,0.0,no_additive,0.0,films,diverse_environmental,yes
39.0,27.0,24,2,98,2,aerobic,hydrolysis_assisted_microbial_assimilation,25.0,marine_aquatic,functional_additive,5.0,no_additive,0.0,no_additive,0.0,films,diverse_environmental,yes
43.0,32.0,24,2,98,2,aerobic,hydrolysis_assisted_microbial_assimilation,25.0,marine_aquatic,functional_additive,5.0,no_additive,0.0,no_additive,0.0,films,diverse_environmental,yes
47.0,37.0,24,2,98,2,aerobic,hydrolysis_assisted_microbial_assimilation,25.0,marine_aquatic,functional_additive,5.0,no_additive,0.0,no_additive,0.0,films,diverse_environmental,yes
59.0,49.0,24,2,98,2,aerobic,hydrolysis_assisted_microbial_assimilation,25.0,marine_aquatic,functional_additive,5.0,no_additive,0.0,no_additive,0.0,films,diverse_environmental,yes
64.0,53.0,24,2,98,2,aerobic,hydrolysis_assisted_microbial_assimilation,25.0,marine_aquatic,functional_additive,5.0,no_additive,0.0,no_additive,0.0,films,diverse_environmental,yes
68.0,57.0,24,2,98,2,aerobic,hydrolysis_assisted_microbial_assimilation,25.0,marine_aquatic,functional_additive,5.0,no_additive,0.0,no_additive,0.0,films,diverse_environmental,yes
73.0,62.0,24,2,98,2,aerobic,hydrolysis_assisted_microbial_assimilation,25.0,marine_aquatic,functional_additive,5.0,no_additive,0.0,no_additive,0.0,films,diverse_environmental,yes
84.0,69.0,24,2,98,2,aerobic,hydrolysis_assisted_microbial_assimilation,25.0,marine_aquatic,functional_additive,5.0,no_additive,0.0,no_additive,0.0,films,diverse_environmental,yes
89.0,72.0,24,2,98,2,aerobic,hydrolysis_assisted_microbial_assimilation,25.0,marine_aquatic,functional_additive,5.0,no_additive,0.0,no_additive,0.0,films,diverse_environmental,yes
93.0,75.0,24,2,98,2,aerobic,hydrolysis_assisted_microbial_assimilation,25.0,marine_aquatic,functional_additive,5.0,no_additive,0.0,no_additive,0.0,films,diverse_environmental,yes
98.0,77.0,24,2,98,2,aerobic,hydrolysis_assisted_microbial_assimilation,25.0,marine_aquatic,functional_additive,5.0,no_additive,0.0,no_additive,0.0,films,diverse_environmental,yes
103.0,79.0,24,2,98,2,aerobic,hydrolysis_assisted_microbial_assimilation,25.0,marine_aquatic,functional_additive,5.0,no_additive,0.0,no_additive,0.0,films,diverse_environmental,yes
107.0,81.0,24,2,98,2,aerobic,hydrolysis_assisted_microbial_assimilation,25.0,marine_aquatic,functional_additive,5.0,no_additive,0.0,no_additive,0.0,films,diverse_environmental,yes
112.0,82.0,24,2,98,2,aerobic,hydrolysis_assisted_microbial_assimilation,25.0,marine_aquatic,functional_additive,5.0,no_additive,0.0,no_additive,0.0,films,diverse_environmental,yes
117.0,84.0,24,2,98,2,aerobic,hydrolysis_assisted_microbial_assimilation,25.0,marine_aquatic,functional_additive,5.0,no_additive,0.0,no_additive,0.0,films,diverse_environmental,yes
121.0,85.0,24,2,98,2,aerobic,hydrolysis_assisted_microbial_assimilation,25.0,marine_aquatic,functional_additive,5.0,no_additive,0.0,no_additive,0.0,films,diverse_environmental,yes
125.0,86.0,24,2,98,2,aerobic,hydrolysis_assisted_microbial_assimilation,25.0,marine_aquatic,functional_additive,5.0,no_additive,0.0,no_additive,0.0,films,diverse_environmental,yes
130.0,87.0,24,2,98,2,aerobic,hydrolysis_assisted_microbial_assimilation,25.0,marine_aquatic,functional_additive,5.0,no_additive,0.0,no_additive,0.0,films,diverse_environmental,yes
135.0,89.0,24,2,98,2,aerobic,hydrolysis_assisted_microbial_assimilation,25.0,marine_aquatic,functional_additive,5.0,no_additive,0.0,no_additive,0.0,films,diverse_environmental,yes
139.0,90.0,24,2,98,2,aerobic,hydrolysis_assisted_microbial_assimilation,25.0,marine_aquatic,functional_additive,5.0,no_additive,0.0,no_additive,0.0,films,diverse_environmental,yes
144.0,91.0,24,2,98,2,aerobic,hydrolysis_assisted_microbial_assimilation,25.0,marine_aquatic,functional_additive,5.0,no_additive,0.0,no_additive,0.0,films,diverse_environmental,yes
149.0,92.0,24,2,98,2,aerobic,hydrolysis_assisted_microbial_assimilation,25.0,marine_aquatic,functional_additive,5.0,no_additive,0.0,no_additive,0.0,films,diverse_environmental,yes
154.0,93.0,24,2,98,2,aerobic,hydrolysis_assisted_microbial_assimilation,25.0,marine_aquatic,functional_additive,5.0,no_additive,0.0,no_additive,0.0,films,diverse_environmental,yes
158.0,94.0,24,2,98,2,aerobic,hydrolysis_assisted_microbial_assimilation,25.0,marine_aquatic,functional_additive,5.0,no_additive,0.0,no_additive,0.0,films,diverse_environmental,yes
9.0,0.0,24,3,98,2,aerobic,hydrolysis_assisted_microbial_assimilation,25.0,marine_aquatic,plasticizer,5.0,no_additive,0.0,no_additive,0.0,films,diverse_environmental,yes
14.0,2.0,24,3,98,2,aerobic,hydrolysis_assisted_microbial_assimilation,25.0,marine_aquatic,plasticizer,5.0,no_additive,0.0,no_additive,0.0,films,diverse_environmental,yes
18.0,5.0,24,3,98,2,aerobic,hydrolysis_assisted_microbial_assimilation,25.0,marine_aquatic,plasticizer,5.0,no_additive,0.0,no_additive,0.0,films,diverse_environmental,yes
25.0,10.0,24,3,98,2,aerobic,hydrolysis_assisted_microbial_assimilation,25.0,marine_aquatic,plasticizer,5.0,no_additive,0.0,no_additive,0.0,films,diverse_environmental,yes
29.0,15.0,24,3,98,2,aerobic,hydrolysis_assisted_microbial_assimilation,25.0,marine_aquatic,plasticizer,5.0,no_additive,0.0,no_additive,0.0,films,diverse_environmental,yes
38.0,24.0,24,3,98,2,aerobic,hydrolysis_assisted_microbial_assimilation,25.0,marine_aquatic,plasticizer,5.0,no_additive,0.0,no_additive,0.0,films,diverse_environmental,yes
42.0,29.0,24,3,98,2,aerobic,hydrolysis_assisted_microbial_assimilation,25.0,marine_aquatic,plasticizer,5.0,no_additive,0.0,no_additive,0.0,films,diverse_environmental,yes
46.0,35.0,24,3,98,2,aerobic,hydrolysis_assisted_microbial_assimilation,25.0,marine_aquatic,plasticizer,5.0,no_additive,0.0,no_additive,0.0,films,diverse_environmental,yes
50.0,40.0,24,3,98,2,aerobic,hydrolysis_assisted_microbial_assimilation,25.0,marine_aquatic,plasticizer,5.0,no_additive,0.0,no_additive,0.0,films,diverse_environmental,yes
54.0,45.0,24,3,98,2,aerobic,hydrolysis_assisted_microbial_assimilation,25.0,marine_aquatic,plasticizer,5.0,no_additive,0.0,no_additive,0.0,films,diverse_environmental,yes
58.0,50.0,24,3,98,2,aerobic,hydrolysis_assisted_microbial_assimilation,25.0,marine_aquatic,plasticizer,5.0,no_additive,0.0,no_additive,0.0,films,diverse_environmental,yes
62.0,55.0,24,3,98,2,aerobic,hydrolysis_assisted_microbial_assimilation,25.0,marine_aquatic,plasticizer,5.0,no_additive,0.0,no_additive,0.0,films,diverse_environmental,yes
66.0,60.0,24,3,98,2,aerobic,hydrolysis_assisted_microbial_assimilation,25.0,marine_aquatic,plasticizer,5.0,no_additive,0.0,no_additive,0.0,films,diverse_environmental,yes
69.0,63.0,24,3,98,2,aerobic,hydrolysis_assisted_microbial_assimilation,25.0,marine_aquatic,plasticizer,5.0,no_additive,0.0,no_additive,0.0,films,diverse_environmental,yes
73.0,68.0,24,3,98,2,aerobic,hydrolysis_assisted_microbial_assimilation,25.0,marine_aquatic,plasticizer,5.0,no_additive,0.0,no_additive,0.0,films,diverse_environmental,yes
78.0,73.0,24,3,98,2,aerobic,hydrolysis_assisted_microbial_assimilation,25.0,marine_aquatic,plasticizer,5.0,no_additive,0.0,no_additive,0.0,films,diverse_environmental,yes
82.0,76.0,24,3,98,2,aerobic,hydrolysis_assisted_microbial_assimilation,25.0,marine_aquatic,plasticizer,5.0,no_additive,0.0,no_additive,0.0,films,diverse_environmental,yes
86.0,81.0,24,3,98,2,aerobic,hydrolysis_assisted_microbial_assimilation,25.0,marine_aquatic,plasticizer,5.0,no_additive,0.0,no_additive,0.0,films,diverse_environmental,yes
91.0,85.0,24,3,98,2,aerobic,hydrolysis_assisted_microbial_assimilation,25.0,marine_aquatic,plasticizer,5.0,no_additive,0.0,no_additive,0.0,films,diverse_environmental,yes
95.0,89.0,24,3,98,2,aerobic,hydrolysis_assisted_microbial_assimilation,25.0,marine_aquatic,plasticizer,5.0,no_additive,0.0,no_additive,0.0,films,diverse_environmental,yes
100.0,93.0,24,3,98,2,aerobic,hydrolysis_assisted_microbial_assimilation,25.0,marine_aquatic,plasticizer,5.0,no_additive,0.0,no_additive,0.0,films,diverse_environmental,yes
103.0,96.0,24,3,98,2,aerobic,hydrolysis_assisted_microbial_assimilation,25.0,marine_aquatic,plasticizer,5.0,no_additive,0.0,no_additive,0.0,films,diverse_environmental,yes
108.0,98.0,24,3,98,2,aerobic,hydrolysis_assisted_microbial_assimilation,25.0,marine_aquatic,plasticizer,5.0,no_additive,0.0,no_additive,0.0,films,diverse_environmental,yes
26.0,6.0,24,4,98,2,aerobic,hydrolysis_assisted_microbial_assimilation,25.0,marine_aquatic,plasticizer,5.0,no_additive,0.0,no_additive,0.0,films,diverse_environmental,yes
31.0,9.0,24,4,98,2,aerobic,hydrolysis_assisted_microbial_assimilation,25.0,marine_aquatic,plasticizer,5.0,no_additive,0.0,no_additive,0.0,films,diverse_environmental,yes
35.0,13.0,24,4,98,2,aerobic,hydrolysis_assisted_microbial_assimilation,25.0,marine_aquatic,plasticizer,5.0,no_additive,0.0,no_additive,0.0,films,diverse_environmental,yes
40.0,18.0,24,4,98,2,aerobic,hydrolysis_assisted_microbial_assimilation,25.0,marine_aquatic,plasticizer,5.0,no_additive,0.0,no_additive,0.0,films,diverse_environmental,yes
44.0,23.0,24,4,98,2,aerobic,hydrolysis_assisted_microbial_assimilation,25.0,marine_aquatic,plasticizer,5.0,no_additive,0.0,no_additive,0.0,films,diverse_environmental,yes
47.0,27.0,24,4,98,2,aerobic,hydrolysis_assisted_microbial_assimilation,25.0,marine_aquatic,plasticizer,5.0,no_additive,0.0,no_additive,0.0,films,diverse_environmental,yes
51.0,32.0,24,4,98,2,aerobic,hydrolysis_assisted_microbial_assimilation,25.0,marine_aquatic,plasticizer,5.0,no_additive,0.0,no_additive,0.0,films,diverse_environmental,yes
55.0,37.0,24,4,98,2,aerobic,hydrolysis_assisted_microbial_assimilation,25.0,marine_aquatic,plasticizer,5.0,no_additive,0.0,no_additive,0.0,films,diverse_environmental,yes
59.0,42.0,24,4,98,2,aerobic,hydrolysis_assisted_microbial_assimilation,25.0,marine_aquatic,plasticizer,5.0,no_additive,0.0,no_additive,0.0,films,diverse_environmental,yes
63.0,47.0,24,4,98,2,aerobic,hydrolysis_assisted_microbial_assimilation,25.0,marine_aquatic,plasticizer,5.0,no_additive,0.0,no_additive,0.0,films,diverse_environmental,yes
67.0,52.0,24,4,98,2,aerobic,hydrolysis_assisted_microbial_assimilation,25.0,marine_aquatic,plasticizer,5.0,no_additive,0.0,no_additive,0.0,films,diverse_environmental,yes
71.0,57.0,24,4,98,2,aerobic,hydrolysis_assisted_microbial_assimilation,25.0,marine_aquatic,plasticizer,5.0,no_additive,0.0,no_additive,0.0,films,diverse_environmental,yes
76.0,62.0,24,4,98,2,aerobic,hydrolysis_assisted_microbial_assimilation,25.0,marine_aquatic,plasticizer,5.0,no_additive,0.0,no_additive,0.0,films,diverse_environmental,yes
81.0,67.0,24,4,98,2,aerobic,hydrolysis_assisted_microbial_assimilation,25.0,marine_aquatic,plasticizer,5.0,no_additive,0.0,no_additive,0.0,films,diverse_environmental,yes
83.0,67.0,24,4,98,2,aerobic,hydrolysis_assisted_microbial_assimilation,25.0,marine_aquatic,plasticizer,5.0,no_additive,0.0,no_additive,0.0,films,diverse_environmental,yes
88.0,73.0,24,4,98,2,aerobic,hydrolysis_assisted_microbial_assimilation,25.0,marine_aquatic,plasticizer,5.0,no_additive,0.0,no_additive,0.0,films,diverse_environmental,yes
95.0,79.0,24,4,98,2,aerobic,hydrolysis_assisted_microbial_assimilation,25.0,marine_aquatic,plasticizer,5.0,no_additive,0.0,no_additive,0.0,films,diverse_environmental,yes
100.0,82.0,24,4,98,2,aerobic,hydrolysis_assisted_microbial_assimilation,25.0,marine_aquatic,plasticizer,5.0,no_additive,0.0,no_additive,0.0,films,diverse_environmental,yes
105.0,86.0,24,4,98,2,aerobic,hydrolysis_assisted_microbial_assimilation,25.0,marine_aquatic,plasticizer,5.0,no_additive,0.0,no_additive,0.0,films,diverse_environmental,yes
117.0,91.0,24,4,98,2,aerobic,hydrolysis_assisted_microbial_assimilation,25.0,marine_aquatic,plasticizer,5.0,no_additive,0.0,no_additive,0.0,films,diverse_environmental,yes
132.0,96.0,24,4,98,2,aerobic,hydrolysis_assisted_microbial_assimilation,25.0,marine_aquatic,plasticizer,5.0,no_additive,0.0,no_additive,0.0,films,diverse_environmental,yes
141.0,99.0,24,4,98,2,aerobic,hydrolysis_assisted_microbial_assimilation,25.0,marine_aquatic,plasticizer,5.0,no_additive,0.0,no_additive,0.0,films,diverse_environmental,yes
